country,unit,variable,2000,2001,2002,2003,2004,2005,2006,2007,2008,2009,2010,2011,2012,2013,2014,2015,2016,2017,2018,2019,2020
AFG,tCO2eq per capita,GHG emissions from enteric fermentation per capita,0.375548419084794,0.2981199604276245,0.36556402891334605,0.3583462618414669,0.33257560686754295,0.3136382343152646,0.3045746731233291,0.3038477533032365,0.32862699862251593,0.32942434612865473,0.3692701217395165,0.3559896167701799,0.3299057442196554,0.31137617110250415,0.30702489517483605,0.2926224958194584,0.2827170020609881,0.26878182073005014,0.26544955840593876,0.2591937189178723,0.0
AGO,tCO2eq per capita,GHG emissions from enteric fermentation per capita,0.30238778658284843,0.29257947994403083,0.27861516860891156,0.26507457421930897,0.24979792770476472,0.2621795977730122,0.2587345736865757,0.2551935790629771,0.25163282422326777,0.24807413429923905,0.2448156795053589,0.2414221842014214,0.23824306309661192,0.23523159669286944,0.23232661042760622,0.22877425626820463,0.22081198310187036,0.21510397508194132,0.21033364625338044,0.20557828226531352,0.0
ALB,tCO2eq per capita,GHG emissions from enteric fermentation per capita,0.6730700638097369,0.6684109689223452,0.656641440047722,0.6679451614940835,0.6424501451796683,0.630382531951823,0.6293243848801706,0.6008769377414338,0.569613037497871,0.5439638273910433,0.5509481737344152,0.5507572469317894,0.559767680400055,0.5777875107250477,0.5895910192225686,0.5980673050987901,0.5972276230911222,0.5823670971933805,0.5717223630116913,0.5684836133951792,0.0
ARE,tCO2eq per capita,GHG emissions from enteric fermentation per capita,0.20808692347674762,0.20926704699941442,0.2096974648216079,0.20647102545817794,0.1881668996310012,0.19173909806456618,0.1747153760293062,0.1578791566526381,0.14451712634738256,0.15216636639853043,0.12361017160471849,0.11780981712075564,0.11579091095451802,0.1279768051604778,0.13752253211408236,0.14263089901905407,0.14275227185202397,0.14398133823593584,0.14253418483670277,0.1435157470539457,0.0
ARG,tCO2eq per capita,GHG emissions from enteric fermentation per capita,2.486709318670527,2.4646695305921473,2.5759254289272127,2.727668176526351,2.747496685672362,2.734330285889536,2.769300671755747,2.763952286121795,2.6875107955534805,2.523851989830937,2.280598793977305,2.2081043607489694,2.2590933090291436,2.2822383466931857,2.2739797466574485,2.2794111021973813,2.2462898491703487,2.2515144732940278,2.2450608104345116,2.2536669052731195,0.0
ARM,tCO2eq per capita,GHG emissions from enteric fermentation per capita,0.3392834629431811,0.35162805873826414,0.3694363805119091,0.3870484072237401,0.4100906323992781,0.41160391270542473,0.42279998012372644,0.44718199286302496,0.45461864930535845,0.4219289219810713,0.4112504731843657,0.4132315215245002,0.43292779273839643,0.47537552582436526,0.4867880358590483,0.49277429851867627,0.5016286446148642,0.46711245797237083,0.41643701937263466,0.4020983995147627,0.0
ATG,tCO2eq per capita,GHG emissions from enteric fermentation per capita,0.4032453852934598,0.4080536186085064,0.4088794605226187,0.40913482366884796,0.41190879559908894,0.40576558395325424,0.4014610651030647,0.3904938533125468,0.3827075438555402,0.37514118718513306,0.17396896512552537,0.17240784313725488,0.17020142245622574,0.1678653699049284,0.1662388453144919,0.1652260636308258,0.16242429115531104,0.1611866911186796,0.15334235682682124,0.15798768429181895,0.0
AUS,tCO2eq per capita,GHG emissions from enteric fermentation per capita,4.237394977288153,4.120712100139082,4.04534984784799,3.8171402434733652,3.8916490575037015,3.8838759526938245,3.777397507959744,3.677945904472911,3.4408857161681383,3.3953799840491983,3.201916054784572,3.3755771453065577,3.339571712451225,3.3774850719658294,3.2872077092869616,3.098757981768135,2.8106107108757845,2.8990362175868,2.8557653812111803,2.7598829444985746,0.0
AUT,tCO2eq per capita,GHG emissions from enteric fermentation per capita,0.5519798476352813,0.5560357002660807,0.5461643856803495,0.5294509742935444,0.5206644104980369,0.505149674355167,0.5027876817968031,0.5008914365124072,0.5019964991871653,0.5027970030646062,0.5116616726873412,0.5111081584381032,0.5030981598912739,0.49789582636335683,0.496591782509411,0.49348054583411965,0.4874099416390779,0.48469259565657136,0.4808189245860057,0.47855876246632845,0.0
AZE,tCO2eq per capita,GHG emissions from enteric fermentation per capita,0.5746251348060533,0.6009001753131472,0.618349997980898,0.642751228428122,0.6589628642629265,0.6720369358365557,0.6906881416221248,0.702421115914838,0.7069234005066527,0.7071214502612705,0.7096930333458061,0.7031219675132087,0.7003222996575652,0.6996358629645035,0.6976498327911074,0.6944465171248483,0.6837192702626367,0.669107814840888,0.6568098120167959,0.6482299331533237,0.0
BDI,tCO2eq per capita,GHG emissions from enteric fermentation per capita,0.07679493502847133,0.07841928384230223,0.07079487861043017,0.07226746691819744,0.07553997875397801,0.07909205786344528,0.08837559047562715,0.09422460661904147,0.09985056405874204,0.11245314951389439,0.12470261743098983,0.1312053197856851,0.1265915588073189,0.15225337478834525,0.14490382364375082,0.13660748615605026,0.13985002596300036,0.17889129944462967,0.17287129608758683,0.18416028304567933,0.0
BEL,tCO2eq per capita,GHG emissions from enteric fermentation per capita,0.6123130545055481,0.606477516995461,0.5726928215384331,0.5492773706736411,0.5375706316882698,0.5215762709907233,0.5121653958045718,0.5038324643082338,0.5007234270338496,0.4928846839432026,0.48771351628081316,0.46938698331549233,0.45391883087066714,0.43782588770173897,0.44311189781620336,0.4482373228210686,0.4448985304756985,0.42568275675819184,0.4276376983954044,0.4232118608440436,0.0
BEN,tCO2eq per capita,GHG emissions from enteric fermentation per capita,0.23788256709272107,0.23881460697655751,0.23774393014776432,0.2347842366973931,0.23372367726825394,0.22800315150303369,0.2321886873785505,0.23137781068483074,0.23076208057684822,0.23076396526081944,0.23010159736865618,0.22949582959379136,0.22880113932681787,0.2281836524300736,0.2275433687646905,0.22653518989572768,0.2259462858597699,0.22543975405523234,0.22491952841240798,0.22446669083380089,0.0
BFA,tCO2eq per capita,GHG emissions from enteric fermentation per capita,0.5676953384796335,0.5664112243627637,0.5652680036609165,0.7153040798367458,0.7117227100321583,0.707942356746624,0.7026171604043134,0.6971872729139128,0.6917056520799403,0.6863011189809353,0.680984471148772,0.6755346449723184,0.6702201963979546,0.6651420561523889,0.660618510864505,0.6564891586238701,0.6536041949228669,0.6494442370218341,0.6394342830046134,0.6355786124399111,0.0
BGD,tCO2eq per capita,GHG emissions from enteric fermentation per capita,0.17848840363627583,0.17631393359434447,0.17692249563676862,0.17676870334306743,0.17641543163374232,0.17659218772931418,0.17735466458073426,0.17800659035110805,0.17868917490142555,0.1795517752826036,0.1804672733028674,0.1811391459095379,0.18141104616206855,0.18076915798101448,0.17962579421079383,0.17851490353152955,0.17714383518664667,0.17901152291166264,0.17844223162483178,0.17828779145892618,0.0
BGR,tCO2eq per capita,GHG emissions from enteric fermentation per capita,0.31973656123763367,0.29429247227730515,0.2758278999244752,0.294594660777611,0.29985505244361044,0.28261756538605964,0.2600478567224249,0.2763268577232723,0.2657578416778989,0.253187420469201,0.23125757629638924,0.23743566971969676,0.23573488561554737,0.22359932692049608,0.23842268579824463,0.23783126058530862,0.2357133547947746,0.23877643402360135,0.2317649868605674,0.22978907878294566,0.0
BHR,tCO2eq per capita,GHG emissions from enteric fermentation per capita,0.03595877281413159,0.03108118414450577,0.039976004570557985,0.031992377116968104,0.026817033521882375,0.0261810456421082,0.023641757345138834,0.02196052992304455,0.01719621942412158,0.016148588739109338,0.01834415375093483,0.017905214790404588,0.01788644416443195,0.01809843889374303,0.017760146339309304,0.016596084274335513,0.01561860943348719,0.015082863868461934,0.014341704047303496,0.013554357785084244,0.0
BHS,tCO2eq per capita,GHG emissions from enteric fermentation per capita,0.013845318659933901,0.013861618277828813,0.013236558895133217,0.013648438473060109,0.013936210578469894,0.013741503718662266,0.013425167355421833,0.013182748594344179,0.012931098696461824,0.012722219679633866,0.012540897513918002,0.01238863906246958,0.0124931500821,0.012371302041060893,0.012260468128161887,0.012071471940138963,0.01190547704161959,0.011819470908895636,0.011718054637156897,0.012364919637676323,0.0
BIH,tCO2eq per capita,GHG emissions from enteric fermentation per capita,0.29573091745095403,0.28643576351998684,0.2736038648833627,0.2984360286950727,0.3169877673679943,0.3186183369753318,0.35281579275842123,0.3335393382199543,0.32637062367267483,0.3331914372401093,0.33791236110428935,0.3334388131891063,0.33429368771796286,0.34412170390205155,0.35081757993582047,0.35688926511695174,0.35981938555865267,0.3554702664511235,0.35324906759440405,0.3536280358243173,0.0
BLR,tCO2eq per capita,GHG emissions from enteric fermentation per capita,0.9582510338580364,0.9552521521523436,0.9344694486307298,0.9226297825942054,0.9297800053565485,0.900784495724559,0.9211744934160854,0.9276122578993955,0.9312615416585984,0.9770911569713264,1.004619966013752,1.023003150721286,1.052315441910921,1.095570627406292,1.1086960014351461,1.1063749620022076,1.091696589607407,1.105307575682771,1.1013707209137613,1.101112270612472,0.0
BLZ,tCO2eq per capita,GHG emissions from enteric fermentation per capita,0.3205672233229549,0.35415321404488215,0.35260800268305975,0.3593483676529537,0.36053498531730527,0.3598261157583915,0.40809756365458677,0.42893032494958716,0.46549920149141844,0.5081181103112933,0.5033670010698834,0.5202857956128344,0.5271667835302262,0.5704821713184864,0.4711750423074093,0.46406280511794656,0.5131483635949066,0.5289341760361919,0.5348306188669986,0.5545554221713278,0.0
BOL,tCO2eq per capita,GHG emissions from enteric fermentation per capita,1.4409936720965233,1.3395391133399004,1.3493784409656286,1.3556389731658622,1.3606321724759523,1.3669795471356492,1.3954311071243108,1.4258165863501964,1.459550011896365,1.4933377522435982,1.5276177719138304,1.5383048445057652,1.550612257444513,1.563295598951849,1.5058362752331125,1.506695046391208,1.5093724499905818,1.5147646591981507,1.5294453904382401,1.5367319215968032,0.0
BRA,tCO2eq per capita,GHG emissions from enteric fermentation per capita,1.7239253068786602,1.7703311887012652,1.8393232304981728,1.9193442529247855,1.9872308322360754,1.9974599938446367,1.9782921705871048,1.9130696401620475,1.9311310177085432,1.953194623834186,1.9878140244259013,2.0139655135567964,1.9915217433934524,1.9945747462105077,1.9948477731798047,2.0189679788493433,2.0285940774956304,1.9829204606131843,1.9552383537598725,1.9471143964085507,0.0
BRB,tCO2eq per capita,GHG emissions from enteric fermentation per capita,0.15732887433658302,0.14527541890830625,0.13326448762540094,0.12205344638411263,0.11036129365053418,0.0979858135495078,0.08307657266420397,0.07440076641275058,0.0791204589456538,0.08563184837090503,0.08724242284612467,0.08565583578044221,0.08757182637875488,0.08924260096941898,0.08878524005968576,0.08785584259463704,0.0862143471962715,0.08664711122912074,0.08655842869104102,0.08602904682932608,0.0
BRN,tCO2eq per capita,GHG emissions from enteric fermentation per capita,0.03351333569451864,0.03530695777224244,0.03314925730368508,0.03439222179764786,0.027352415186098145,0.027042540371173776,0.026183148149148436,0.02582275240221139,0.026715020373308595,0.02401042557736089,0.02401760422402569,0.017621820380149714,0.016844589808945935,0.016282156404080966,0.016426045322101235,0.01808643140506225,0.017918243125745907,0.01828413898384144,0.014667845953002611,0.014421513030353383,0.0
BTN,tCO2eq per capita,GHG emissions from enteric fermentation per capita,0.6216410372681527,0.5531813074946615,0.5524355797248489,0.5426581867991845,0.5401620953994073,0.5943793545682118,0.5600736411704219,0.5591228640657689,0.49553151452254357,0.518425926062427,0.5143282324486289,0.4936122902594415,0.48934232634246594,0.4944275232845467,0.4401829294919846,0.42187071858878805,0.41513114865360123,0.41037906655775563,0.4003467091554037,0.39251204792594363,0.0
BWA,tCO2eq per capita,GHG emissions from enteric fermentation per capita,2.1611006411968843,2.025297341452724,1.6420068319530785,1.604348741082584,1.6072778022274292,1.6599522977615744,1.644667960483923,1.6011267946282985,1.625594198480296,1.719019586945449,1.8354537382505007,1.7436907521362943,1.5175532791285924,1.3970493956270658,1.0860059819430927,1.12442137089549,0.9761309397317036,0.7171470026429928,0.9007763424955867,0.8783170217688652,0.0
CAF,tCO2eq per capita,GHG emissions from enteric fermentation per capita,1.052774929053535,1.0476032343762092,1.0434001371336952,1.0398751927568513,1.0344184411509127,1.0317840322109362,1.0449969949551672,1.0984286818211701,1.0671451651250254,1.0812212126318952,1.0997434328029878,1.1906707019967007,1.2070757195399615,1.2185816146557567,1.2289979931324315,1.247402816407388,1.285300520111255,1.287089955816148,1.2771564222763923,1.2818310497875844,0.0
CAN,tCO2eq per capita,GHG emissions from enteric fermentation per capita,0.770704454480959,0.7858101482671265,0.7825161537380054,0.7614189065943184,0.8071804037832035,0.8146077288211456,0.795364244469665,0.7624761390767893,0.7356469213361592,0.695836851017555,0.6738440816554347,0.6602060354821154,0.6725841875413483,0.680606644468992,0.6785443359543376,0.6655069077286365,0.6569360240426567,0.6454544559515227,0.6415447934773331,0.6276013098507681,0.0
CHE,tCO2eq per capita,GHG emissions from enteric fermentation per capita,0.45964847158715244,0.4622570010404083,0.45517233652259725,0.4462469385138386,0.4348236832044928,0.4327764467807745,0.4333596047212603,0.4305329132100588,0.4359732729228164,0.42289515615720435,0.4205249390120703,0.4117944698939563,0.40473162907295746,0.4168696653598449,0.4148585535904641,0.4060967140426514,0.39927759275930336,0.39321968944040586,0.3881577979897182,0.38266696189512184,0.0
CHL,tCO2eq per capita,GHG emissions from enteric fermentation per capita,0.5507376536189045,0.5370645816426176,0.5258724977466482,0.5188855147517777,0.5215461856567717,0.515399152169355,0.5028572368460877,0.48646335758409714,0.4876350642242412,0.491161906088433,0.4804295517470415,0.46497149983427705,0.4581944223104822,0.36842104927686636,0.37989952006785976,0.33872855988828976,0.34109902141086595,0.33806559942957487,0.3539330688830458,0.35435718623356277,0.0
CHN,tCO2eq per capita,GHG emissions from enteric fermentation per capita,0.19290403240815907,0.18738266619491292,0.17974228678537957,0.1770760726482459,0.1769359766988793,0.17268400576810972,0.17026364265991364,0.16272767957750486,0.16449483978847323,0.15874040172468187,0.15502339125591963,0.14978461080938413,0.1465937571537229,0.14453288459845662,0.143971184814777,0.1442585949299204,0.144763262453253,0.13927886235286113,0.1375857994239927,0.13927659256470454,0.0
CIV,tCO2eq per capita,GHG emissions from enteric fermentation per capita,0.10716667813251687,0.10687395469075081,0.10676431327462974,0.10663655365603777,0.10649207742937268,0.10641073898283217,0.10622102132806367,0.10603962245549976,0.1056525346268978,0.10558965363781421,0.10402357694054977,0.10107994045457598,0.09850999527177279,0.0960896899812953,0.09365225706200621,0.091397074021917,0.09207466383150273,0.09029417040835847,0.08898794131099219,0.08820403456855067,0.0
CMR,tCO2eq per capita,GHG emissions from enteric fermentation per capita,0.4545946536870315,0.4378998688548055,0.4136861111391307,0.4141869090223845,0.4083545112606393,0.4030064041835613,0.3867025070736273,0.3707936286921025,0.3089467572140888,0.2942060307261443,0.2829702973801592,0.28262969526257803,0.29035736907528303,0.29364126953930053,0.2859099739337875,0.2821131450535436,0.2632871593809872,0.2553313750225413,0.24920106275866985,0.24173321546010268,0.0
COD,tCO2eq per capita,GHG emissions from enteric fermentation per capita,0.03384868709456982,0.032037708347727394,0.03020381647536567,0.02928299799731974,0.028367139687864834,0.027469484681586102,0.026590332935852893,0.025727104810343272,0.024902378309185905,0.024068996165356668,0.02327767631835727,0.022510610634376368,0.023970543930202783,0.02398245334941432,0.023266897043811127,0.023296723232559154,0.02280954725607454,0.02176786977050573,0.021461291401736582,0.021060961566699274,0.0
COG,tCO2eq per capita,GHG emissions from enteric fermentation per capita,0.04644949511098605,0.04609471405530884,0.04644639062148831,0.047311647047255365,0.060797523293190533,0.07343039079158932,0.08632375425985069,0.09894203357323801,0.10443580846703478,0.09937562985477878,0.10349526807679833,0.10179433071769133,0.09916067967762826,0.09669647788105669,0.09479858094792762,0.09235962737945916,0.09441498527603716,0.09217229808591815,0.0908759534761419,0.09001106559905911,0.0
COL,tCO2eq per capita,GHG emissions from enteric fermentation per capita,1.093762358861533,1.0846970570019503,1.079470526047683,1.0656907532643045,1.0559411310303535,1.0721259942293295,1.0722130985184777,1.08178430451188,1.0794396634122827,1.0589982912646316,1.0809583178571454,1.0004087209207977,0.9401076553962118,0.9194394742612896,0.8659068688600632,0.8529097632404866,0.8443668157839718,0.8929644502648588,0.9195957443997967,0.9380690116098424,0.0
COM,tCO2eq per capita,GHG emissions from enteric fermentation per capita,0.12109595507026724,0.12175591433634048,0.12241621830441808,0.10462126187173468,0.1036224570098622,0.10260600858369098,0.10339841673491083,0.10230885378352432,0.10040821207893164,0.09801931820376057,0.0961701851250406,0.09472386629643152,0.09249652904892487,0.09052758489085125,0.08804788580307878,0.08621702907638581,0.08483370349561399,0.08278950718156017,0.0811327250751512,0.07957725660513508,0.0
CPV,tCO2eq per capita,GHG emissions from enteric fermentation per capita,0.11388385204284199,0.11210288707163855,0.11271075391405447,0.10997812524309607,0.1225831426199961,0.12165197372115222,0.11619303835914838,0.11078526607825842,0.10866506948170515,0.11801623697518016,0.12310720926267242,0.11603017291493771,0.1164554183053236,0.1168814788759917,0.117516790281626,0.11791482257880093,0.11827092668599616,0.10358242899056555,0.10234708439690748,0.10250555106412382,0.0
CRI,tCO2eq per capita,GHG emissions from enteric fermentation per capita,0.6426242482716779,0.6059737129264361,0.5705687160106923,0.5363760739836885,0.4991059265030687,0.5264478577082181,0.4987270508427146,0.5350234049383534,0.5632945361353472,0.5587263940696422,0.566803870606075,0.5681395510465379,0.5393245695448574,0.538827370342027,0.5317914914115431,0.5282932700469595,0.557023676677819,0.5613621925855892,0.5535544939706284,0.5864068236124338,0.0
CUB,tCO2eq per capita,GHG emissions from enteric fermentation per capita,0.5995523844455671,0.5864954397243591,0.5765829724891747,0.5814176149025954,0.5636567298370392,0.5276219885902395,0.5477203444984438,0.5638132462759031,0.5802177543333503,0.6004694340132208,0.618608668060535,0.6248142354617305,0.6275526795860251,0.6309322519867102,0.639083042058621,0.628092049847869,0.6256432316304352,0.6044658842225525,0.5982723806872834,0.5916919838595086,0.0
CYP,tCO2eq per capita,GHG emissions from enteric fermentation per capita,0.24894623063157806,0.2647088101937572,0.2733056026400046,0.2533752257030764,0.24674051919517817,0.23077572769902796,0.22952416624263036,0.22150431509399196,0.21711484067575962,0.21509789461509948,0.22494339381835798,0.23086281123398322,0.22397091571619124,0.21551664618058408,0.22336362587076075,0.21478910272035776,0.22891098104665147,0.23890557903169063,0.24735081083899094,0.25506751114240755,0.0
CZE,tCO2eq per capita,GHG emissions from enteric fermentation per capita,0.477126581474926,0.4839684497932532,0.466174228364733,0.45263145195829935,0.4408622207429347,0.42328993177697927,0.419889243234506,0.4183936556664506,0.418965785788826,0.4097234490904579,0.40862802086227284,0.4060317798402605,0.4100404299012871,0.413001267610349,0.42027388550705264,0.4289220839746866,0.43042031539421616,0.4297223271305189,0.42678871051619544,0.42770528154859455,0.0
DEU,tCO2eq per capita,GHG emissions from enteric fermentation per capita,0.3923143557955414,0.38922133323132957,0.38077371638311497,0.3717656840724986,0.36182946730741306,0.3506628529541531,0.34468791572484714,0.34560246512390264,0.3582847259332796,0.3591384648053931,0.35845002251857583,0.36259150325824424,0.3611280757425386,0.3616398376576132,0.36519322544994287,0.36130519994274213,0.35370239001677123,0.3485403005543317,0.33818529014055976,0.33261548011731723,0.0
DJI,tCO2eq per capita,GHG emissions from enteric fermentation per capita,0.6732553579615845,0.659931625237545,0.647735022699067,0.6388306234935278,0.6351755251108412,0.6262347455722836,0.6079523355240802,0.6003754941300331,0.5923571508193066,0.5860054118044985,0.5773767201384442,0.5677547907800545,0.5625957223292203,0.5529398978371916,0.5455380674680401,0.5384681060571248,0.5282248156044933,0.5192186124351234,0.5114992298651716,0.5038886953717142,0.0
DMA,tCO2eq per capita,GHG emissions from enteric fermentation per capita,0.3611043216080402,0.36100311463880236,0.36013757159221077,0.35879558357821456,0.35735036299316636,0.3566635874185321,0.3569388274555276,0.3582253485317174,0.35807141142752263,0.35826705058717256,0.3609932700311807,0.3662404106498195,0.3724441187248076,0.37009014489080383,0.3699646368738659,0.3696609764664559,0.36764671070161414,0.36859182759585785,0.3689142490157205,0.36841007408645277,0.0
DNK,tCO2eq per capita,GHG emissions from enteric fermentation per capita,0.8023062797025104,0.8075989626749208,0.7841358350767522,0.7699279609184477,0.7479926972278589,0.7047064356559875,0.6855582225792639,0.6925117465400138,0.6932466364170371,0.6852159754630329,0.7105201072231415,0.7099643124619877,0.7240864501074116,0.7159797910286357,0.6954245063546839,0.6906505042770428,0.6914934310519709,0.680611586510274,0.6804514857336567,0.6785602161315432,0.0
DOM,tCO2eq per capita,GHG emissions from enteric fermentation per capita,0.43408025363706726,0.4450121900090933,0.44939418272191983,0.44511128810414363,0.49299308124269303,0.43618108393492455,0.4402986067095716,0.5098998849537887,0.5200522854588124,0.5273477727693444,0.5372036252888954,0.5392583208425288,0.5420601684678432,0.5380822445673495,0.5321584994739887,0.525734699842195,0.5222312006707613,0.5176827334934445,0.5080073355529945,0.5045527746316518,0.0
DZA,tCO2eq per capita,GHG emissions from enteric fermentation per capita,0.1739637107350314,0.17249143085739627,0.16518918063695273,0.16721867506293903,0.17221137316957985,0.17151015356992455,0.17445705118161295,0.17403472171490975,0.17029712584324763,0.1754970119614935,0.18364005276527232,0.18983824366081875,0.19455763134819082,0.1985559159662125,0.20800229001938358,0.20985976114591162,0.20334288736482034,0.19503167654420936,0.18877230480945117,0.184460792096189,0.0
ECU,tCO2eq per capita,GHG emissions from enteric fermentation per capita,0.6070833616234145,0.6698307504804617,0.6796392899437097,0.736036155844591,0.7577741679960635,0.6632274063078559,0.6596311885468057,0.61252828338913,0.6194819747739021,0.6477480538650201,0.6475919282206503,0.6532242548405475,0.6254897425691796,0.6100213840889619,0.5339376530545207,0.4649802325706195,0.45769744509710564,0.4541485077826172,0.431660810920679,0.41135902078646996,0.0
EGY,tCO2eq per capita,GHG emissions from enteric fermentation per capita,0.17285236927868017,0.17592381027536771,0.18574307655178893,0.19135158435364288,0.19171445835146067,0.19293147877425715,0.19420749913461915,0.20356904025768238,0.20428980476826827,0.18624761518761082,0.185957919143893,0.18737444390699734,0.19109182636321387,0.17843741299948784,0.17484260025151543,0.169597777858765,0.16442078643179944,0.14936338696420326,0.14992493203002263,0.1447078889130219,0.0
ERI,tCO2eq per capita,GHG emissions from enteric fermentation per capita,1.2222314216504617,1.118289853839672,1.0516148144804294,1.0312690794056991,0.9962739295296101,0.9688426559609546,0.9136758881903251,0.9321880568922825,0.9123365619884144,0.8971142849816661,0.8674255315592141,0.8820346431468381,,,,,,,,,
ESP,tCO2eq per capita,GHG emissions from enteric fermentation per capita,0.4283295861966012,0.4366203307814863,0.43444836904274753,0.42705376894112007,0.41917163256654905,0.3980404623674967,0.38047284792129,0.38686669053304523,0.3517870111541284,0.3509061223158683,0.3422417684887853,0.3289979095557965,0.3222594889301116,0.3237701979910143,0.3347308168549813,0.35049816005363094,0.34966713451160963,0.35181819695888905,0.3547214902663918,0.3574695274749756,0.0
EST,tCO2eq per capita,GHG emissions from enteric fermentation per capita,0.48860103723375686,0.49365376787946236,0.49711606191322,0.49942103420100387,0.5239426663241715,0.49286262294476935,0.5182321188586363,0.5037464570218099,0.5156825643748738,0.5197377324346298,0.5249578099476144,0.5422789295779316,0.5577122785583384,0.5847286450576139,0.6245128162215824,0.6327287295871163,0.5876471777411288,0.592146405300201,0.5892302211006697,0.579322419254553,0.0
ETH,tCO2eq per capita,GHG emissions from enteric fermentation per capita,0.5006079156830787,0.5217638025158137,0.5798263553310145,0.5492390313443645,0.5411593675971021,0.5513969646994072,0.579130625670116,0.635050273666313,0.6511156632821586,0.6591767834034812,0.6790169078348071,0.6379435448406394,0.6402210739480337,0.6410157831365935,0.640429842054781,0.6372793634397615,0.6396175323718191,0.6384805461236881,0.6286636641021911,0.6294404770496724,0.0
FIN,tCO2eq per capita,GHG emissions from enteric fermentation per capita,0.41906663042392606,0.4187369202206319,0.41858901610930127,0.41263902226236104,0.40266991981136047,0.38483649708278306,0.38745367155640387,0.37873464051793254,0.37437227507288645,0.3784193309784035,0.38333060369709093,0.3787396033459335,0.37711562917496233,0.37525966671643096,0.37497139253745115,0.37443486312970947,0.37088174027892545,0.362400879849621,0.35732907021543725,0.35359850630414413,0.0
FJI,tCO2eq per capita,GHG emissions from enteric fermentation per capita,0.7786104010919703,0.7873323152190073,0.7467207027967867,0.7220290217356674,0.7341602026742832,0.7219711151087018,0.7183680993007348,0.7201473358168347,0.7079373896914436,0.6962326565421327,0.6905681680731692,0.6870448467834307,0.6893633888782924,0.6940010073913878,0.6960920402517407,0.1597059422171875,0.1616918269704702,0.18343548423859773,0.18398502756114954,0.16920473439668296,0.0
FRA,tCO2eq per capita,GHG emissions from enteric fermentation per capita,0.68413067334291,0.6765006006118379,0.6557346346507108,0.6312578274711107,0.6196972552432544,0.6087432673419463,0.6049793943469566,0.6109686676785872,0.6107009333548674,0.6026440414090987,0.5966257367555466,0.5803807860114449,0.5764539570581179,0.5732059116026327,0.5738997911194654,0.5780952984023385,0.5751443951948758,0.562462876217796,0.5511966275783722,0.5450704497496361,0.0
FSM,tCO2eq per capita,GHG emissions from enteric fermentation per capita,0.19297984265164564,0.19340300457217505,0.19366141254076072,0.1938878599090756,0.19439338235294115,0.19528901870259574,0.19669937555753791,0.20031787978016505,0.20204540845396862,0.21665323246350912,0.21676901550779276,0.2298033794756786,0.22747689127896964,0.2315137554049206,0.22823424295446929,0.22869761034476424,0.23307513496348048,0.23519663380016326,0.23718192471590904,0.23983283390884888,0.0
GAB,tCO2eq per capita,GHG emissions from enteric fermentation per capita,0.065963491129222,0.06429776281231916,0.06243775488818685,0.06021667553066564,0.05871154420042133,0.05722949911905361,0.05561796574330976,0.055000030558922684,0.053867996717895765,0.052104084006564994,0.05097369325171505,0.04957224409647464,0.048523516054677515,0.0483085406726213,0.0472240751544351,0.046431317098716944,0.04396743633341003,0.04306745989465384,0.04208589824350308,0.04116986997474889,0.0
GBR,tCO2eq per capita,GHG emissions from enteric fermentation per capita,0.520820947803315,0.4866625788001229,0.47719543849393575,0.4814501484276554,0.47949021056828034,0.4724545930423972,0.46677288969250985,0.4552584262637983,0.4454042135522039,0.433889762505044,0.43612625966152413,0.4283109024656012,0.4251750484672618,0.4228439147269723,0.42545115036000736,0.4249678698328599,0.42677232970094164,0.4262239679313867,0.4169756196266453,0.415339206925599,0.0
GEO,tCO2eq per capita,GHG emissions from enteric fermentation per capita,0.6102481867764366,0.6162348600889851,0.6285364292958554,0.6362638668170142,0.6044749229758565,0.5988358313672703,0.5672188080086651,0.5374332864095199,0.5272018415730596,0.518669448741735,0.5335283670852814,0.5387172059936519,0.6106162342841296,0.630644855861255,0.638304851248073,0.5313006456434368,0.5349507641170166,0.5200516737642985,0.49349090753938823,0.4667419584797539,0.0
GHA,tCO2eq per capita,GHG emissions from enteric fermentation per capita,0.10556252058603079,0.10465606269071473,0.10406247518074346,0.10502367482930856,0.10396761464001496,0.10471090801006737,0.102868177153309,0.1026997886164686,0.10271696420174783,0.10382005369008566,0.10365168690682591,0.10525445596458412,0.10677156199841716,0.10834172033514733,0.11052842147949198,0.11313348450223153,0.11628427930155197,0.11497407451768221,0.1137933837576697,0.11475600957832073,0.0
GIN,tCO2eq per capita,GHG emissions from enteric fermentation per capita,0.3121988744935979,0.3227006917599234,0.33371998038219314,0.3456973388961644,0.3580319666886593,0.37048279938109147,0.38399804199251325,0.39696032394499814,0.41021745069924453,0.4241256183218976,0.44213608566891754,0.4651357369190742,0.4887846112366166,0.5134676462598624,0.5334156221387019,0.5609262406473843,0.5768477055798072,0.5914075473361708,0.6082010083216989,0.6250182470841138,0.0
GMB,tCO2eq per capita,GHG emissions from enteric fermentation per capita,0.29017434818639637,0.2657652032615968,0.26465721876884885,0.30787302791523696,0.3068337293621753,0.3017001383000431,0.29726102834909685,0.2936850899413725,0.2915421881881597,0.2898484781445712,0.278588912886969,0.24791367762866706,0.2219636056314369,0.2371716385531861,0.25161228179129136,0.25362805557419965,0.22722239190297114,0.22340127377026964,0.21849385024814788,0.21137944448514628,0.0
GNB,tCO2eq per capita,GHG emissions from enteric fermentation per capita,0.4513840864726276,0.4440734900436393,0.434691108641688,0.429795440961835,0.420057982842682,0.43316184101637917,0.44239267063594034,0.45338326727096895,0.4645831964924503,0.4725645317806889,0.4801982631060099,0.4780095022636014,0.46739967638246177,0.4661997902028746,0.45677773950283407,0.4505329646956292,0.455822382203212,0.4514297413882698,0.44791295115413504,0.44615296621353234,0.0
GNQ,tCO2eq per capita,GHG emissions from enteric fermentation per capita,0.017829687551552342,0.01724783191010382,0.016547689204542002,0.01592730132377998,0.015297601363555846,0.014632695019659064,0.014051860179937642,0.013453314283071633,0.012841425632435332,0.012261019156178702,0.011969818998770717,0.011448420800903063,0.011119181606511305,0.010748300836482684,0.010311573030804447,0.009923895342618144,0.009587384924550333,0.009278346888450785,0.008987206695972241,0.008696095154655444,0.0
GRC,tCO2eq per capita,GHG emissions from enteric fermentation per capita,0.36308242271193414,0.35761161547291087,0.35855268573114235,0.35385145373336735,0.355507342534432,0.34543104893516285,0.348154748818596,0.35377568320979735,0.3561090580736806,0.3440059407489877,0.34888580109179274,0.34648236494541734,0.3475086882213155,0.3400463779493162,0.33583850740878074,0.33152103834779467,0.32862782388705386,0.3328283761886338,0.34275269699228966,0.34698787781504625,0.0
GRD,tCO2eq per capita,GHG emissions from enteric fermentation per capita,0.0929295487032877,0.09313263981712869,0.09280693967347253,0.09346022710883341,0.09317340386790102,0.09291597393414741,0.09260721568926412,0.09301309146915376,0.09483709948130518,0.09510688458884362,0.09140909938151318,0.0916228719120484,0.09205048207571753,0.09091359686425321,0.09084555004591369,0.09055601032818444,0.09057684989525044,0.09013353897216661,0.08978988416226255,0.08956454027606649,0.0
GTM,tCO2eq per capita,GHG emissions from enteric fermentation per capita,0.3502318986560637,0.3566541058402999,0.3547232282347719,0.32072048967832845,0.33118670807723755,0.33601274978970197,0.33941369813665445,0.35434841404444317,0.3692675150311526,0.38368959278409787,0.39364406806404656,0.38436730602833097,0.3847937165495575,0.381856903435334,0.3930219917059075,0.39669041605419625,0.3985472245160222,0.4001021891766597,0.39902332484041364,0.4021679240324003,0.0
GUY,tCO2eq per capita,GHG emissions from enteric fermentation per capita,0.2848439169807076,0.2792767100640628,0.26301215512044346,0.2661999457821462,0.2691850344022088,0.2722325626276543,0.2742708301232021,0.2778259477519066,0.27826859396236014,0.281975343645599,0.2876920326114513,0.2946197553551791,0.294711909641138,0.29411135007987815,0.2938508798474136,0.2928268708799334,0.26418464976930445,0.2642241795211154,0.25367542011817606,0.2515134494586567,0.0
HND,tCO2eq per capita,GHG emissions from enteric fermentation per capita,0.43300595785845636,0.43467995435959467,0.5190931802743349,0.5756655637521683,0.5668415902175944,0.5017831334088216,0.4952330120855953,0.5543453268993356,0.5682135574000856,0.597659687048356,0.6063904527664492,0.5478886984165167,0.5503242309759449,0.544327298533254,0.531084232521426,0.5237126009447702,0.5211083016190414,0.5169018281441032,0.5122166799495552,0.5080837414703191,0.0
HRV,tCO2eq per capita,GHG emissions from enteric fermentation per capita,0.2603940870603643,0.28188576165178403,0.27788127583868066,0.29239267379111256,0.31532856386191516,0.31094183699156297,0.31013157157970744,0.29701208639843424,0.28275221157828667,0.2745132388162077,0.26878237250918247,0.28616590766482064,0.30140181340241884,0.30258774266634614,0.3148697951037528,0.3311927650654058,0.336121756949407,0.34438517155041387,0.3340771042332105,0.34147433751355694,0.0
HTI,tCO2eq per capita,GHG emissions from enteric fermentation per capita,0.318623899755689,0.3144945236333477,0.310460503980513,0.30602118536089673,0.29934102509516325,0.2952523188776339,0.2892027894919776,0.2852543185412291,0.28211337293981176,0.27818803871710746,0.2743875710877871,0.2716246613968666,0.26914402431313006,0.26553484236403185,0.2627257712503177,0.2613557164949128,0.26171486173032116,0.2573813222595821,0.2548335921471399,0.2518319787155892,0.0
HUN,tCO2eq per capita,GHG emissions from enteric fermentation per capita,0.28824561346810207,0.28209579982519883,0.2798564527738446,0.2803258426433864,0.27844651694949296,0.2703774388288367,0.2686352700774572,0.26453422807579324,0.2571477641183847,0.25171769941083444,0.2512017022360848,0.245606202416091,0.2447570764050747,0.26292611341945815,0.26548762941307874,0.271241825178187,0.2763518773086226,0.2819933334463973,0.28680473883655205,0.29243503066837334,0.0
IDN,tCO2eq per capita,GHG emissions from enteric fermentation per capita,0.1260337356109049,0.12516288544236964,0.12590269012212538,0.11865295088786307,0.11742416837451625,0.11512937367460689,0.11790746992492032,0.12280377154887638,0.12766354235175553,0.13193521610883527,0.1391920352911502,0.14129691972601965,0.14798740893371337,0.11878673696298561,0.13190150330612768,0.1334485588592143,0.13445269258308226,0.13779141749524443,0.13293161811387777,0.13428690246402325,0.0
IND,tCO2eq per capita,GHG emissions from enteric fermentation per capita,0.33020971255715637,0.32591976312887655,0.32100981871786854,0.3165245035752049,0.3175106031304771,0.31881733012967567,0.3196751835496279,0.3222296181231294,0.3171678608493182,0.3134821659177598,0.3101733895618076,0.30714258373726505,0.3036318494663058,0.3002523935582727,0.29717651417755253,0.29422523666239275,0.29525476893562536,0.2932698329863238,0.29186723338590176,0.2909181574628191,0.0
IRL,tCO2eq per capita,GHG emissions from enteric fermentation per capita,3.7149617336815615,3.679008587923728,3.601992549746983,3.5348173073530704,3.4993079560971747,3.356516552986432,3.2593356734418433,3.117210638376228,3.035722202522127,2.9882889066504976,2.8801819674989115,2.8522337144908256,2.9719821990623827,3.0038585877984763,3.0048499486875606,3.0287484551645196,3.1107848763546624,3.1338571215803674,3.097722440868848,3.1106689445802274,0.0
IRN,tCO2eq per capita,GHG emissions from enteric fermentation per capita,0.32928497133423307,0.3262823606473832,0.3016326971079249,0.30004573936004264,0.2996675377116645,0.3065286867865465,0.3122410628136819,0.31173617266992554,0.2785200036028537,0.28347430017426295,0.2834409708811598,0.2786090630799436,0.2785292711806099,0.2766492277401405,0.18622036269981387,0.20068534802843105,0.20536414469203787,0.19291614803540894,0.19428449151544902,0.20122353113970898,0.0
IRQ,tCO2eq per capita,GHG emissions from enteric fermentation per capita,0.1225441469761004,0.11631446199709866,0.11633423207404547,0.10642935836970596,0.09781556001066813,0.10744329631232184,0.10212221425405976,0.10612159788518188,0.11705380085401335,0.1437902814663932,0.1396971559758788,0.13898032257124868,0.1352612849440132,0.1162545498227361,0.11561799071595741,0.08932008177493539,0.0883331412579821,0.0876893661346964,0.0874220324484792,0.08368988124052255,0.0
ISL,tCO2eq per capita,GHG emissions from enteric fermentation per capita,0.9224262726480682,0.9123984447376547,0.8907912480045075,0.8756626911346673,0.862273677218787,0.8433378177087897,0.8474663409945288,0.8451157700134162,0.8399064061446566,0.8570298556667368,0.8624375222062564,0.8574671957970496,0.8477722969854949,0.816070613162674,0.8554267439658384,0.8679428683705394,0.8485213108791763,0.8140677926616191,0.7808550100504366,0.7613858144069134,0.0
ISR,tCO2eq per capita,GHG emissions from enteric fermentation per capita,0.2088249705835586,0.20692961018791736,0.19514120547945205,0.1973205793981793,0.1925519577030401,0.189758635517525,0.2039722812141146,0.19457240985501595,0.19456418016637475,0.18320818638452493,0.18656867621596096,0.19113098972417525,0.18833924530687063,0.1997049146969415,0.2020880752705186,0.2077779224591592,0.19853203089164523,0.19971472943660837,0.2045934543162066,0.20544620918930856,0.0
ITA,tCO2eq per capita,GHG emissions from enteric fermentation per capita,0.30046074163604897,0.250044072657576,0.2712816365696655,0.2659665696925017,0.2616766000130328,0.25460887938902477,0.24819670494171028,0.24745380213767307,0.25691639401142313,0.2515900663275369,0.25432600816597656,0.2426608141816877,0.2460672528893612,0.24186735493413114,0.23248108461478478,0.2316555148442345,0.2363286903246444,0.23636906789895037,0.2336207366352784,0.23703948550623102,0.0
JAM,tCO2eq per capita,GHG emissions from enteric fermentation per capita,0.3015072900947678,0.29605979124434606,0.2905642475257562,0.30499978224266433,0.27169848848649386,0.2531436058394161,0.16171284055338087,0.14772338560140794,0.14642957378654423,0.143116491328721,0.14637128958065287,0.14723638077632442,0.14994171972550144,0.14887882996176596,0.14776127885384244,0.14424065244702222,0.12904151409276998,0.12342830438283676,0.11813838444378645,0.11216484567087828,0.0
JOR,tCO2eq per capita,GHG emissions from enteric fermentation per capita,0.07610616779518575,0.07422581290652994,0.07668409711756284,0.07881195487111237,0.07961802366600296,0.0800273301883798,0.07803463779888566,0.08750957349699214,0.10351172650295364,0.08355629805238683,0.07859185261089897,0.07675215174286146,0.0719040173607716,0.07285936176486607,0.0763569807761608,0.07183246190366169,0.08058723509009465,0.07383467786107274,0.06928836499211967,0.06951323451891302,0.0
JPN,tCO2eq per capita,GHG emissions from enteric fermentation per capita,0.11535797797276949,0.11590450573736324,0.11891799599827375,0.12022441629214363,0.12154372617621965,0.12083457381449915,0.13271092026843118,0.145337239552816,0.15884533393720277,0.17202406928705863,0.18334720074959004,0.1774946531803212,0.17617144379412203,0.17216323276707599,0.16828487067475406,0.1641904396693435,0.16275127497439631,0.16313074815470066,0.16434130030166974,0.1634844065293157,0.0
KAZ,tCO2eq per capita,GHG emissions from enteric fermentation per capita,0.7455975580144246,0.7668975830737427,0.7950358262240368,0.8384074632945333,0.8819940392929214,0.94401273015322,0.9829409622431544,1.0202165537601187,1.0386121438773481,1.048255613589711,1.0426016942174279,1.0579379293675344,0.9980415779095992,0.9868946886425922,1.0005520871503448,1.0463517159113542,1.066815357151588,1.0994123011617398,1.1405301138317219,1.1795203917666686,0.0
KEN,tCO2eq per capita,GHG emissions from enteric fermentation per capita,0.4885689734414277,0.5184360737297262,0.5684570069352857,0.5922254138633073,0.6503099168584874,0.6664577748846637,0.5907590395600802,0.964303533148173,1.0288404149438741,0.9325431534819079,0.953131744417959,0.9233427355936213,0.8804137917130478,0.8244368662591417,0.7997501166111916,0.7885483899096833,0.8385552410178593,0.7519701844318726,0.7736293049754079,0.7723709738319727,0.0
KGZ,tCO2eq per capita,GHG emissions from enteric fermentation per capita,0.629059807284011,0.6275311237386504,0.6273371695353357,0.6280048119286975,0.6156564601249829,0.6236652345717274,0.6385840786447953,0.6577670883000531,0.6811479985710793,0.7397910957962588,0.7497246289395912,0.762351139883219,0.7658693907832785,0.7732289464298201,0.7852253064861622,0.7828215806879416,0.7848259435808866,0.7886169213642669,0.7946892417916113,0.797543010904247,0.0
KHM,tCO2eq per capita,GHG emissions from enteric fermentation per capita,0.4113180182935081,0.38215612203416716,0.3808036592679422,0.3850839351779001,0.383369773408666,0.39499859681293836,0.4099439303649991,0.4108582039718996,0.4098346832845536,0.41403016474493215,0.3949338931352646,0.38061573487212835,0.33042736035036546,0.3234105999269283,0.31648997355462755,0.31172113918590644,0.3076326359593792,0.3017279851547337,0.2926357271584042,0.28733628895616803,0.0
KIR,tCO2eq per capita,GHG emissions from enteric fermentation per capita,0.0034832059712102364,0.0035226690275383253,0.003848444586979429,0.0037820801440792435,0.0037746690534597453,0.0037608726264365946,0.003709945834790812,0.003654784473381608,0.003572296476306197,0.003495561192136969,0.003536383950257456,0.0034754380102162597,0.0035540010718415928,0.003503665872625988,0.00358360682713668,0.0035767667024259194,0.0035178842787192627,0.003479120128248929,0.0034586074135460367,0.003425367946058091,0.0
KNA,tCO2eq per capita,GHG emissions from enteric fermentation per capita,0.24556132749586004,0.24066364737007306,0.23764789231314204,0.23462982797438195,0.2317224704790277,0.24589942798599843,0.2350833456573638,0.2477380728087253,0.26478475652787575,0.25926459392168566,0.25388586235742994,0.2507722179523482,0.1329468134159299,0.12540915593705293,0.10351662202615408,0.11462971642840403,0.10582773247593405,0.10460181412868015,0.1074372783096228,0.10693619404171556,0.0
KOR,tCO2eq per capita,GHG emissions from enteric fermentation per capita,0.13029341561927468,0.12131762533057729,0.12284676586307457,0.12446345826147943,0.13219210299693324,0.13804974286265678,0.147863706176923,0.15777341915162543,0.1673327324260089,0.17753507563250343,0.19186690783602375,0.18810217315791264,0.19414473408916158,0.18591051237234177,0.1771751254008663,0.183764331971177,0.1854379464109384,0.18775731876487228,0.1947784317699129,0.20007426162887218,0.0
KWT,tCO2eq per capita,GHG emissions from enteric fermentation per capita,0.0704771145794165,0.04724742817503957,0.0617396179955835,0.06774866697569329,0.0581502059988239,0.05534539925187077,0.05676294972196956,0.056607752475413595,0.05640393221411063,0.05859760988939899,0.05509285654122953,0.04656868601355911,0.04256519189262469,0.04329806356770196,0.047612484519522,0.044566209926613594,0.046440104304875926,0.04756168459274446,0.047351471993665455,0.04834383951137571,0.0
LAO,tCO2eq per capita,GHG emissions from enteric fermentation per capita,0.5787368599401056,0.5946570383230947,0.603219698659099,0.6108486113502036,0.6200456253833537,0.6063510890305868,0.6120847919330491,0.6146972472434588,0.6223983012024881,0.627398956611572,0.6305736059584252,0.6374513435390333,0.6588894421576633,0.655657726856213,0.6490412805396819,0.6562716921123368,0.6698895155136368,0.6752195064282038,0.6784367305634017,0.6864458092775797,0.0
LBN,tCO2eq per capita,GHG emissions from enteric fermentation per capita,0.06636295551078465,0.06349715447185027,0.06481206923142217,0.061824072584449205,0.05643915133288411,0.057404886096568866,0.057562372892750895,0.05541106195961821,0.057108718304967,0.053228567641230275,0.046360939410433614,0.055363882736366735,0.05471417684853781,0.055659724918721676,0.05218752904866056,0.05016831772437686,0.04913741381988629,0.04652791568960959,0.04719507689293303,0.04626754411542263,0.0
LBR,tCO2eq per capita,GHG emissions from enteric fermentation per capita,0.034060154182261417,0.0328439474489561,0.032075214721857544,0.03152982055894354,0.030940628015718574,0.030162684106280886,0.030856668441862047,0.03140957696486132,0.03181279333500191,0.032300149515373605,0.032957819084704895,0.03232989317093496,0.03159972937827124,0.03146421764563404,0.030889226031928375,0.030357251384041373,0.031627916528952284,0.03142532895072629,0.03139748776503556,0.03158943160878637,0.0
LBY,tCO2eq per capita,GHG emissions from enteric fermentation per capita,0.1882975938489253,0.19558239573460628,0.19845561920176052,0.212954373641702,0.22916203267752605,0.23930029498423327,0.2609684868403842,0.26989925329543185,0.2667907716785998,0.2718289034521919,0.2796626537050151,0.278009167918113,0.2765444065474436,0.277331419937187,0.27419824367628054,0.27120008164136533,0.27552617433951104,0.2749624939387359,0.27367054808929764,0.27325228548246666,0.0
LCA,tCO2eq per capita,GHG emissions from enteric fermentation per capita,0.12895002456344068,0.12820270065240477,0.1301594559325437,0.12878482526630539,0.1301359526884644,0.12864013022618231,0.12710939786428668,0.12532106129655698,0.12681782708177705,0.12660878047647525,0.1253030236886244,0.12444940696601305,0.12416026809469356,0.12838498070476886,0.13159753458921972,0.1291853202404944,0.12402416068611548,0.1260321847973253,0.12490078179119248,0.12344291391996498,0.0
LKA,tCO2eq per capita,GHG emissions from enteric fermentation per capita,0.09301524379625391,0.09138285467001506,0.08670663580114146,0.08755509613069803,0.08951659482957605,0.09026459161806598,0.09031085282035006,0.09155072330249847,0.0906051946398676,0.0911071509003301,0.09623249891001452,0.09515568206597193,0.09816799999999999,0.0914669477775079,0.08300575608817017,0.08160111168335718,0.06953686629250579,0.07284900261145309,0.07955522288878633,0.07952172696417925,0.0
LSO,tCO2eq per capita,GHG emissions from enteric fermentation per capita,0.5162501351580697,0.518840011828634,0.4678369106408806,0.4795746020893251,0.4697338830969619,0.5213689030942605,0.4970575531940019,0.4996677017664473,0.49086892956172967,0.49049686780042556,0.48386287060120514,0.4877659518722742,0.49577317582040187,0.4548878635148245,0.4452883498870536,0.4319983642632312,0.41897049745041176,0.4608026518360704,0.43892235502367516,0.4394285133585568,0.0
LTU,tCO2eq per capita,GHG emissions from enteric fermentation per capita,0.6026882992488146,0.5540805654459554,0.5739449159717194,0.6064841355429369,0.6458460022356625,0.6250662435350431,0.6622462924809224,0.702251234335223,0.67356147820467,0.6711153252252036,0.6837633770512339,0.7038385266081374,0.7246070568279449,0.7113513124605054,0.7030076658208199,0.7340096416067967,0.7287957294931964,0.7113943564619327,0.6982759001021936,0.6915480232357969,0.0
LUX,tCO2eq per capita,GHG emissions from enteric fermentation per capita,0.9458620123768049,0.9379558303606816,0.9003622076539475,0.8603197307530501,0.8384339754854343,0.8037289007176056,0.7898442314080362,0.8165430079188656,0.8244746546608002,0.8226433445899115,0.8263831716155147,0.787051253311006,0.7551360251324993,0.759833355418139,0.7589098772466876,0.7546495600452244,0.7509528086953235,0.7403861178932682,0.7084447668393782,0.698496261780223,0.0
LVA,tCO2eq per capita,GHG emissions from enteric fermentation per capita,0.3889961690355008,0.39537341314495733,0.414262914509,0.42337371145848585,0.42835587299314837,0.4270383361793533,0.4465413817523509,0.4339893424834967,0.4562103354487761,0.4534968755676063,0.46164882446467437,0.47456441662390164,0.4887449805069903,0.5086626715961617,0.5362242211034105,0.563725527894183,0.5642221545191544,0.5569646512700747,0.5521539373196193,0.5545486644003464,0.0
MAR,tCO2eq per capita,GHG emissions from enteric fermentation per capita,0.23944298594496732,0.23535043541198108,0.2301593647072044,0.23185722376650963,0.23409056344843313,0.23018452162581923,0.2317287215592405,0.22789567467503022,0.2275362626279826,0.225620068622695,0.23053527113922279,0.24120609995894068,0.23739603556932878,0.24128966130175836,0.24364150609326213,0.24044857857843302,0.2403778443452329,0.23826537010763843,0.24028295880586928,0.23974901467617443,0.0
MDA,tCO2eq per capita,GHG emissions from enteric fermentation per capita,0.4068049304616656,0.38186543226296527,0.39199452603397894,0.39583243198544615,0.37644519881028493,0.3399498551129094,0.3361198418802157,0.32533687660283234,0.26273251128675257,0.26048373764901306,0.27787361466258625,0.27196114178695047,0.25339254921736915,0.24323025635500428,0.24853717145907347,0.237405501441156,0.23385138517648824,0.24503092018679143,0.23025997650111846,0.22982357756585994,0.0
MDG,tCO2eq per capita,GHG emissions from enteric fermentation per capita,0.635372800299566,0.5267978829997023,0.46073303134925,0.45652849253657835,0.44878573668965305,0.504918338184982,0.4948379739373362,0.4852712056282135,0.47594139687412923,0.46713395690577836,0.4576968462019966,0.4490795931009838,0.4406540562404882,0.4285206852115556,0.423766799829605,0.41633645345728,0.4060905907640965,0.3961166446771439,0.385891083165447,0.37707045335167316,0.0
MEX,tCO2eq per capita,GHG emissions from enteric fermentation per capita,0.6171062169005422,0.6110908803185128,0.616450433026525,0.6110012725912103,0.600345454937569,0.6096527171275815,0.6042906204439739,0.6010900838296953,0.5999360304778208,0.5999397957847552,0.5980031984619979,0.5976336532041169,0.5773365548672121,0.5800536305008658,0.5834198335879922,0.5877890960374935,0.5854582837627436,0.5863102820459544,0.5875013279496121,0.5884233172962191,0.0
MKD,tCO2eq per capita,GHG emissions from enteric fermentation per capita,0.40081882201988794,0.38938624450950965,0.3885841545978852,0.3897538500858261,0.41199250397531373,0.3876050754717444,0.39293475239041914,0.3595501358169742,0.3583711313411806,0.3456758456134602,0.3520252885152535,0.3628859108328771,0.3496814643452541,0.34179241019519074,0.34823433653966607,0.35258399614341623,0.35562321072719283,0.35824656905609154,0.3546678309637191,0.35860359321113267,0.0
MLI,tCO2eq per capita,GHG emissions from enteric fermentation per capita,0.7980745809051485,0.801274693226864,0.8584704976977486,0.8701104968733234,0.8876414111059854,0.8923075769427269,0.8577081410529941,0.8871815817434844,0.8929414908111891,0.8963377377262183,0.929353953578865,0.9317819229934037,0.9364957021161874,0.9374051587327158,0.9374969560144307,0.9416888568759313,0.9777494326887923,1.0119904308613417,1.016424882277815,1.0378632729242407,0.0
MLT,tCO2eq per capita,GHG emissions from enteric fermentation per capita,0.12460860269632158,0.1210778366935689,0.11780281789736065,0.1163094269184258,0.11168111087851511,0.11733341917718668,0.11891392225171969,0.1121845674216422,0.11034864025756082,0.09772096868431451,0.0900208632885252,0.08742520203330545,0.08946953536430903,0.08782959243321665,0.0859171802152992,0.08790833451296812,0.08420135015240822,0.07961353336225076,0.07799770546602562,0.0745051312735338,0.0
MMR,tCO2eq per capita,GHG emissions from enteric fermentation per capita,0.3940191882233485,0.4127307350988358,0.4332401270776757,0.4501143521284916,0.4686512657427528,0.4871750548534991,0.4892896116672893,0.48948756082018424,0.49512156085557346,0.4961188859798553,0.5040629845832362,0.5226919002266535,0.5332120893918105,0.5463881214979484,0.5623012555886656,0.577038010335621,0.5960119293736649,0.6020889833958946,0.6110987955347996,0.6285611469552407,0.0
MNG,tCO2eq per capita,GHG emissions from enteric fermentation per capita,4.520057023871942,3.811360436502983,2.9424638628455986,2.787520723924715,2.6588858970178584,2.9828413147569157,3.2874225837034854,3.688108997582329,3.825208968885204,3.8682748409189345,2.9946074439446715,3.2209634195159684,3.525361007796231,3.8437107131244788,4.3503953218092795,4.640296378141515,4.976236452012493,5.2582968011952,5.181814215065608,5.437914132171802,0.0
MOZ,tCO2eq per capita,GHG emissions from enteric fermentation per capita,0.09040467142899487,0.08347856237038935,0.08938467386766902,0.08865754074898077,0.09456936119641904,0.09973126185137676,0.08238160829157042,0.09354650296062175,0.09652828466252204,0.08432129891270118,0.08206650921292237,0.0855416062015504,0.09203340284449704,0.09531988730222021,0.09884547750393058,0.0831096752048785,0.08870503806513348,0.09076310812448053,0.09056561923343594,0.09006840861682242,0.0
MRT,tCO2eq per capita,GHG emissions from enteric fermentation per capita,1.929189660016645,1.9509840456926328,1.9569873334156438,1.9389739565651085,1.8388087284970365,1.8113138094794057,1.8125605255682364,1.6747172219807451,1.5199644928444163,1.582530954132247,1.5673998053917921,1.559752640298601,1.552069886997495,1.5465459173903737,1.5454628896123883,1.5478508980046977,1.5854530624479408,1.4968676186468817,1.4600726907382444,1.4452599945908895,0.0
MUS,tCO2eq per capita,GHG emissions from enteric fermentation per capita,0.039965607103708646,0.02208602116381771,0.01782864153953816,0.01716135061852526,0.015117119286357197,0.012111143134889037,0.011166454348312312,0.011434344118809643,0.011574825921272932,0.011468891616276356,0.012112396033269354,0.011035483757637311,0.01159262096279746,0.011376295134560519,0.010222158177985524,0.010168217613584612,0.00875445411180136,0.007764384835518849,0.008122313153450201,0.00811008199344084,0.0
MWI,tCO2eq per capita,GHG emissions from enteric fermentation per capita,0.10924700533718977,0.1046335464806205,0.10286368901000481,0.1039651725311189,0.10309455734131415,0.10144970414107453,0.10375130566138724,0.11105936316876992,0.11765562960508377,0.11993417968552313,0.1267408596751123,0.13205134139431332,0.1375429743160728,0.14362032078842943,0.1495205311380609,0.15732917949240102,0.16477425214264504,0.16652011712605516,0.1807383597669983,0.19045582261052527,0.0
MYS,tCO2eq per capita,GHG emissions from enteric fermentation per capita,0.054146482671655026,0.053806118701604844,0.050349175870465744,0.051458032429969026,0.0523326388560008,0.051156373173627805,0.05000114495277718,0.05239019359277513,0.05214029973487667,0.051479243403236015,0.049636981500443766,0.04561286675121066,0.043751596771302116,0.04349095567557729,0.0425578051955418,0.04145614161953542,0.040429086828164124,0.04020543574587147,0.03998537821880611,0.03971107045495668,0.0
NAM,tCO2eq per capita,GHG emissions from enteric fermentation per capita,2.2839190073682856,2.2294853391545715,2.1280881956922935,2.1203960804911675,2.0471426113767253,2.618821719471954,2.0413525164382404,1.9773119277394249,2.079281407000747,1.9924223428777648,1.9224643431402575,1.8788073508669272,2.2052574124842748,1.9566691184174116,2.0916488929043653,2.010211638424278,2.216052882813043,2.054742755729883,1.9634138430747863,1.9351788477481073,0.0
NER,tCO2eq per capita,GHG emissions from enteric fermentation per capita,0.8862810587173294,0.8925926454154599,0.8981807496447084,0.9038526601435185,0.9103055253904604,0.9098046911756006,0.9059789653102321,0.9041975147568293,0.9028516102609725,0.9007161273866888,0.8332800102040661,0.8374767268271791,0.8405370524167488,0.845904255592231,0.8486911527136282,0.8512237752430885,0.8577846790402268,0.8648196514200189,0.872348365498096,0.8800061877113271,0.0
NGA,tCO2eq per capita,GHG emissions from enteric fermentation per capita,0.20008163596219036,0.20151443490387094,0.199020840752073,0.19613952424216552,0.19712312716735578,0.19554577598645545,0.19315957798151168,0.19071225290867386,0.18798449789139685,0.1858621992392299,0.18362989749803355,0.20518125232947274,0.20373851650424118,0.20225985450574427,0.2014690364862873,0.19979917328417346,0.1979669359865972,0.19819347024572806,0.1967061536308278,0.19553755935595962,0.0
NIC,tCO2eq per capita,GHG emissions from enteric fermentation per capita,0.9818224570996842,0.9756746214604323,0.975769735697573,1.0058590941428898,0.969138833125502,0.986454831419025,1.0056805187461109,0.9976577736291483,0.9932516220738972,0.9999396401172526,1.0049587418257169,1.1011535218747643,1.132089433734557,1.1784222634302697,1.2239045864593843,1.2718521887494507,1.2457171293645115,1.2096167846257144,1.2358648909241692,1.2420434249285348,0.0
NLD,tCO2eq per capita,GHG emissions from enteric fermentation per capita,0.5651112727106499,0.5510765179002105,0.5280637174143251,0.523354282095951,0.5135172710549627,0.5103843879129415,0.49492609644342705,0.49663905617586845,0.5175156651389828,0.5199467453516518,0.5156539893065429,0.5131670751594344,0.5057826356156463,0.512507645602065,0.5297036325153239,0.5550490684048565,0.5596643021379406,0.52017535859517,0.48909436742584445,0.47887388250845747,0.0
NOR,tCO2eq per capita,GHG emissions from enteric fermentation per capita,0.5396251212712095,0.5378383282551473,0.5297116324042415,0.533649740024601,0.5261984655622606,0.5095095238435132,0.4982167431898842,0.484223146710247,0.46895249372301395,0.46107376148491336,0.4572699275881055,0.4475250542691751,0.44002401877984043,0.4311122002558064,0.4240013991970773,0.43126528179914186,0.4358648242560586,0.4325612359218399,0.42797330530076155,0.42893665153548244,0.0
NPL,tCO2eq per capita,GHG emissions from enteric fermentation per capita,0.500299899766506,0.49812993598050004,0.49606566426531173,0.49820425040907645,0.5001469255472714,0.5033345464079706,0.5059530426709002,0.513215629809754,0.5181484825520002,0.5288784110986016,0.5383706969705596,0.5497753977076477,0.5615329724971063,0.5721420458862209,0.5699896982016861,0.567544526782551,0.5679761203927752,0.5630839366225833,0.5627161952685165,0.5569608449732888,0.0
NRU,tCO2eq per capita,GHG emissions from enteric fermentation per capita,0.007585873246250607,0.007671983560035229,0.007760839437735102,0.007847847847847849,0.007914395315970121,0.007961007311129165,0.007978019741528442,0.008247003859435303,0.008502024291497975,0.008446455505279034,0.008392446797881906,0.008342437183434304,0.008287292817679558,0.008228840125391849,0.008164058703469725,0.008097165991902832,0.008102730570937558,0.00803176704169424,0.007974152463008052,0.00793739762170197,0.0
NZL,tCO2eq per capita,GHG emissions from enteric fermentation per capita,7.374910768074241,7.393094838294034,7.460661035836394,7.419778896007152,7.286798845259939,7.199629773337525,7.162130585958035,7.02841087882949,6.793498495234518,6.804632594245339,6.682569483071689,6.669308261861314,6.761775674326807,6.5623611602620375,6.527321718144581,6.213522011541632,6.089711945016015,5.904897070799401,5.766643543647717,5.61903899744944,0.0
OMN,tCO2eq per capita,GHG emissions from enteric fermentation per capita,0.2781551632228426,0.2835779637021838,0.2812517410037432,0.2829562259760854,0.27903320515357855,0.28719095718712634,0.28559272429403354,0.28334040604223604,0.27853992575671876,0.27146464102113005,0.2644450530752753,0.2523327167218992,0.2389456239810339,0.2792187855679112,0.26499824818641976,0.25505089000386894,0.2478011223836666,0.24252087152689517,0.23895050311876484,0.2365448241926821,0.0
PAK,tCO2eq per capita,GHG emissions from enteric fermentation per capita,0.5380670233655703,0.5375909017996688,0.5378553530316461,0.5394231471981892,0.5401718260740527,0.5412397458037341,0.5820692323265206,0.5871219594123778,0.5925324440021154,0.5981929360621506,0.5924068969723406,0.6116952832725668,0.618416246785397,0.6243949027944821,0.6313783488567103,0.6384809379301905,0.6451136140349621,0.6521723040403651,0.6597114706970637,0.667329588144532,0.0
PAN,tCO2eq per capita,GHG emissions from enteric fermentation per capita,0.8136839086661434,0.9022301529530452,0.8878329795392157,0.8521669612496635,0.825489760062838,0.8549000937475039,0.8346779598151118,0.8002424955938188,0.8217923362808301,0.8131616290164183,0.8059428318240555,0.8323643080130766,0.8140304749730483,0.8011151242606142,0.7458048076659358,0.691823464340341,0.6853728134220015,0.660193568464124,0.6632488218445016,0.644838511082224,0.0
PER,tCO2eq per capita,GHG emissions from enteric fermentation per capita,0.3911966691992999,0.3876612890737512,0.3896642982884299,0.3922965099977104,0.3890288618403281,0.3916817384826173,0.38791507880829357,0.3916375314341378,0.38977294177178384,0.38602867265177937,0.38597632604465804,0.3872978741275124,0.3793386186704823,0.3742757076597,0.37185025429396484,0.36507051962212,0.3563019664078513,0.35043892948607314,0.3461098252804495,0.33959170866289135,0.0
PHL,tCO2eq per capita,GHG emissions from enteric fermentation per capita,0.1404751739340864,0.14185647337489501,0.14470341273413248,0.14702476533669218,0.14937842259636533,0.14792696001590525,0.14258752222627089,0.1412702858645737,0.13781717616737602,0.13558047278057309,0.13153329925604346,0.12405118678970228,0.1191621842505479,0.11639802014650158,0.11379287585064628,0.11264267268231691,0.11187821715450712,0.11025773620949444,0.10895601608357786,0.10791754019099857,0.0
PNG,tCO2eq per capita,GHG emissions from enteric fermentation per capita,0.029349629505488584,0.02967598546319293,0.029786707519617955,0.029431823038870524,0.02905550256387578,0.02865113592168134,0.028215759819139503,0.02796614174951527,0.027296568332329924,0.026853064911500347,0.0264287316674947,0.02586274771164996,0.0256936499697353,0.024812775121116203,0.02431600004681169,0.023838022085475512,0.023775366953078702,0.023367142456575805,0.02298478235306967,0.022677898841162024,0.0
POL,tCO2eq per capita,GHG emissions from enteric fermentation per capita,0.4198557904414191,0.40312104378792807,0.3929390376717313,0.39123892351098305,0.3832238579514833,0.3829122626501538,0.39348238484054554,0.4000105155852904,0.399627961767266,0.3944832703359803,0.39774827369409305,0.3947197106500745,0.3947795185917808,0.3986309097881619,0.40604943236608376,0.40879212756392996,0.4021054858262505,0.4137846056226827,0.4201370405335124,0.4238276376102235,0.0
PRK,tCO2eq per capita,GHG emissions from enteric fermentation per capita,0.05812596564065942,0.058873516609315654,0.05926733587115345,0.05910398219657322,0.058116003461884294,0.058895686262566686,0.059623628749376524,0.05990029076004833,0.06023212615409132,0.06067002506105613,0.06043609392541562,0.060767988446825634,0.06124142451496609,0.06023950741089873,0.05945597363662474,0.0591497764121044,0.059063418454448485,0.05931456334564119,0.058755877018220944,0.05862225113708098,0.0
PRT,tCO2eq per capita,GHG emissions from enteric fermentation per capita,0.3434010366283514,0.3165942770634974,0.3130915019927289,0.3052232942890981,0.3083013405080437,0.31063012587436556,0.30517017211465797,0.3036501348197717,0.30143613618146387,0.2945352318128068,0.28443925433411205,0.2916920917333171,0.29489507595167364,0.29342165445270496,0.3064804174804458,0.3192512138354652,0.32308850014507834,0.3317701278603536,0.32563353119102995,0.3293643143287314,0.0
PRY,tCO2eq per capita,GHG emissions from enteric fermentation per capita,2.8663854123890093,2.853680264061033,2.6266596528751665,2.8153560804284337,2.633694646732359,2.6481423809192672,2.734148614999767,2.9177950897151423,2.9738622359444435,3.351261586282866,3.598475436286425,3.5387055850025444,3.674785983359054,3.596077648356682,3.7761926375296158,3.609304216365818,3.47404903127498,3.419989829705821,3.2981230692219983,3.2020406226635605,0.0
QAT,tCO2eq per capita,GHG emissions from enteric fermentation per capita,0.23514991383486336,0.15445402292309268,0.1525345778876281,0.1439846521881339,0.1329082316959853,0.0733825770444067,0.07629771664137423,0.07579278766883255,0.06434735882283336,0.07725337896629736,0.07342354722681163,0.07591183881815171,0.07765784275421911,0.08508192703948807,0.06376237657581606,0.10265962767392081,0.11836764531364963,0.12789047710100865,0.0770309474627222,0.1273551758059738,0.0
ROU,tCO2eq per capita,GHG emissions from enteric fermentation per capita,0.39603027602718016,0.38786150532465025,0.3906055158612118,0.40859447474743826,0.433407944191774,0.4048243864766295,0.4199364529937114,0.4381627681334016,0.4471912697881354,0.44566157818095087,0.4325476464980688,0.375773945071574,0.3707069012492998,0.37701291548063715,0.38335754736593974,0.3863733491807673,0.3936245123467264,0.3919110487849764,0.3896493134168328,0.3935873197778526,0.0
RUS,tCO2eq per capita,GHG emissions from enteric fermentation per capita,0.4368706210226086,0.4353108936410729,0.44054096624461325,0.439636238004016,0.42013268852735475,0.38134415958872125,0.3668723009062931,0.3743873315349197,0.38095167562235865,0.3779713118885888,0.3764187555812248,0.3686371195963584,0.37516492039924576,0.37533133893577797,0.3714280498229772,0.3682529342934375,0.35736642983696604,0.35240813116204645,0.34971361812608254,0.34471485907387345,0.0
RWA,tCO2eq per capita,GHG emissions from enteric fermentation per capita,0.10186069328665306,0.1076831392940233,0.10812571120584032,0.1251175698479402,0.13221779166123301,0.13718005208015185,0.14993431720264475,0.15559231116529984,0.16139408298486477,0.16141277858929526,0.16827692264171204,0.15263532774078134,0.1449993808335959,0.14196917404350798,0.13695954637240204,0.15305350501087775,0.13709942960000526,0.13407314605841267,0.13602872190622492,0.13650841534186672,0.0
SAU,tCO2eq per capita,GHG emissions from enteric fermentation per capita,0.12963945907440244,0.1287509247666541,0.12700473765074416,0.12466337692028351,0.13025472268979055,0.12895471250106283,0.1219025652909243,0.12323002769669976,0.11092237702905938,0.09869236020333676,0.10848563672812848,0.113263116620019,0.11217678424344775,0.12358961106756816,0.11611146024031165,0.11579219107982565,0.11432084319780733,0.11313839025028198,0.1120037884141051,0.11129665014217563,0.0
SDN,tCO2eq per capita,GHG emissions from enteric fermentation per capita,1.8577771476529494,1.886560049153631,1.8656920974780997,1.8997127715036364,1.8819927418869327,1.8779721193683363,1.8571827952805244,1.834111405594559,1.8057150204634824,1.7741036312130742,1.7424731013280237,1.6368410301695548,1.711798875060884,1.6693718358499974,1.629158270611586,1.5917974133991077,1.557790796712049,1.5299643416115463,1.5066439383130743,1.4805547398810326,0.0
SEN,tCO2eq per capita,GHG emissions from enteric fermentation per capita,0.46072867279169016,0.46163149796604297,0.43999707109138025,0.43325194379910953,0.42712940378087655,0.4212307340504699,0.41996591471368805,0.41643351811291074,0.4149586985097503,0.41292741391795046,0.4119969424544272,0.41760122248176934,0.42840613610366823,0.43710638465832113,0.4402776697138713,0.44929675486762993,0.44247510943732066,0.43477874857792354,0.427970448440438,0.42200885056431614,0.0
SGP,tCO2eq per capita,GHG emissions from enteric fermentation per capita,0.00013333045341142884,0.00013844329112627028,0.00013235790658413057,0.00013963166364750292,0.00013977608945669724,0.00014328975690626903,0.0001387351423933257,0.00013141440339415147,0.00012650173699362482,0.00012486554081514196,0.00012448165473379332,0.0001228854823052622,0.00012085602144552492,0.00011984822829913233,0.00011922356594226691,0.00011091132397061464,0.0001083211245089645,0.00010862731954528779,0.00010784219557924592,0.00010709088542630062,0.0
SLB,tCO2eq per capita,GHG emissions from enteric fermentation per capita,0.05622553887535895,0.05487299651609037,0.05342656751654671,0.052170213146733,0.052610194330376905,0.05144169833885912,0.05200678464972999,0.05256830978617568,0.05128840644779346,0.05016316563855103,0.048855361544042845,0.04758565672308789,0.04725431153855837,0.04657183514227354,0.045367488872877414,0.04422880525522562,0.04363880808087331,0.04276472493435844,0.041904187140809006,0.04111846460472275,0.0
SLE,tCO2eq per capita,GHG emissions from enteric fermentation per capita,0.08970612292974041,0.07656849322128055,0.07492081348914668,0.07644555028442201,0.08064845771849256,0.08743300277081613,0.10194281793166861,0.09909114219032493,0.10919039474214079,0.1249164238565793,0.13132406389639312,0.13816515567468374,0.1433711359526716,0.14765332041564835,0.1454340243115691,0.14290897611779513,0.14083412258901334,0.13796221502860348,0.13554262224173674,0.1332508492351476,0.0
SLV,tCO2eq per capita,GHG emissions from enteric fermentation per capita,0.2984617683973824,0.3374578138252381,0.3571664967891557,0.3417287077655851,0.3426355917136041,0.34053164607995473,0.3517958744250045,0.3637418563630378,0.3720743661655767,0.35502833633067526,0.32843285854489024,0.27903420090307374,0.30347712651745246,0.24406366472414312,0.28921522117753357,0.2818004031859628,0.2567337878337109,0.2452737310672116,0.24346152499556123,0.2338297845371927,0.0
SOM,tCO2eq per capita,GHG emissions from enteric fermentation per capita,1.9496322127983314,1.917737054981218,1.8753444058124464,1.8245803966252256,1.7871127971064094,1.7571069037421403,1.6197626809009074,1.5011915933777624,1.4575330686832575,1.4156664824153493,1.3827702122055956,1.352964620700605,1.3289766408474957,1.2940877213220652,1.2669487128276073,1.2342904946538442,1.19493557109005,1.1514430860162321,1.1156256419396697,1.080474321996132,0.0
STP,tCO2eq per capita,GHG emissions from enteric fermentation per capita,0.04061952426474723,0.04039390715667311,0.0418017497456765,0.04292700375652405,0.03590413175833897,0.03143598862019915,0.027472354585714637,0.024916475943643004,0.022741847336987645,0.021973242663907162,0.019529150865988068,0.017751360549747724,0.018095576292238603,0.018771192652908223,0.019038775437216122,0.018208206017880153,0.019529111656767757,0.019947001728750375,0.01944533340915122,0.01961796343141996,0.0
SUR,tCO2eq per capita,GHG emissions from enteric fermentation per capita,0.32028079771692597,0.26345512764019857,0.12783795217200164,0.11965839922285208,0.12891927564414193,0.11500730587573403,0.12717399048470981,0.1277847103080905,0.13910004215639635,0.15111311705119163,0.16186268677025886,0.15754987975940668,0.16412157111263434,0.13616248641043677,0.11070485361789191,0.11652823642190807,0.10983413556435581,0.10917865525213802,0.10539958019885866,0.10444506616348134,0.0
SVK,tCO2eq per capita,GHG emissions from enteric fermentation per capita,0.3756152310752832,0.37237538760486166,0.36227700062786966,0.3558003905925774,0.34556186125816224,0.30290470809764797,0.3014148288850252,0.29499106132487085,0.2868582245833188,0.2791370765590266,0.27228434025271225,0.2695907782773511,0.26837894518045874,0.2723061865266387,0.26795340166894,0.2646140653021746,0.259441285792622,0.2515482663728996,0.24785473595273236,0.24341437276993083,0.0
SVN,tCO2eq per capita,GHG emissions from enteric fermentation per capita,0.6486319011526326,0.6882656827605594,0.679156801853068,0.6804097101165336,0.6501189937767025,0.6509107781455794,0.6558437326221754,0.6674458491607543,0.6929654799150652,0.6814523572207057,0.6858360046920237,0.6902028513627199,0.68191673273675,0.6777950992085742,0.6787191553749309,0.6850889586829565,0.706862558727619,0.7111721651500106,0.6964112534198952,0.6981738922660333,0.0
SWE,tCO2eq per capita,GHG emissions from enteric fermentation per capita,0.3939264091548018,0.3879560969248962,0.38213412769001265,0.37670145739743865,0.37992455243663475,0.37094781458080184,0.3691592835420497,0.35788362862988254,0.35922034240610556,0.3532902920520104,0.35135655460376625,0.34590341439017197,0.3415981681148361,0.33690157024009154,0.3337171133578311,0.31890180265993523,0.31417559357800523,0.31232694002146416,0.29926835543704533,0.2923605388404406,0.0
SWZ,tCO2eq per capita,GHG emissions from enteric fermentation per capita,0.8799821648803697,0.7500559585165073,0.7418755041440394,0.8250335746326737,0.8263446774635166,0.817567668534556,0.7693916098427268,0.7700536421103512,0.7627191060890633,0.7559967166668874,0.7988806591782247,0.8009052740177738,0.8032033429539,0.7880966800172609,0.7814139259302552,0.7673895463743096,0.7549514270274346,0.7561108740336129,0.7498336985621424,0.7409673271302192,0.0
SYC,tCO2eq per capita,GHG emissions from enteric fermentation per capita,0.03183808901652883,0.02653100169946553,0.028105213621107697,0.026445440378830887,0.0241360848742043,0.02150131550363272,0.017966070921985815,0.01974254701116037,0.016534284005704034,0.014442878416458567,0.013735813746240394,0.012233080591484544,0.012754628948053858,0.013815562151886068,0.013539570266749856,0.012897461972403898,0.012511085057616951,0.012545851027200735,0.012236580475806618,0.01205539837131882,0.0
SYR,tCO2eq per capita,GHG emissions from enteric fermentation per capita,0.20809679012911397,0.18207992160583972,0.1914699225526011,0.20548131375244655,0.22858481675865489,0.24349921012693193,0.2526958212484358,0.25953587761743896,0.2227413233919393,0.2100703509824849,0.18968939603205442,0.21993381480360275,0.22713099501973227,0.23611121198157198,0.24443065151292218,0.2522044294037626,0.2629597307662557,0.2657029045192674,0.2677967556566036,0.2652018888899043,0.0
TCD,tCO2eq per capita,GHG emissions from enteric fermentation per capita,1.9792174879428948,2.0184611080209387,2.054270244475524,2.090886100607078,2.130039761633593,2.172334412571323,2.2188711578577736,2.2754792993290556,2.329260240160828,2.384719274209607,2.440767213620597,2.4961392885648443,2.552369338840312,2.610449173639018,2.6723942600033577,2.8195738478946626,2.893724711842566,2.972092450562408,3.0069246808656076,3.1673184964935466,0.0
TGO,tCO2eq per capita,GHG emissions from enteric fermentation per capita,0.13985171003365685,0.13816281095119456,0.13870291550574942,0.13835357891160685,0.13511100869275774,0.1411277303278202,0.1408487386777551,0.13871590916768572,0.13613179566681027,0.13646387365538068,0.13530058361729355,0.1330122670934343,0.15719665647397393,0.15987212139782458,0.16010518917281696,0.1602988932922691,0.15037234751966458,0.15158675509282615,0.1546949605753258,0.15577905064598094,0.0
THA,tCO2eq per capita,GHG emissions from enteric fermentation per capita,0.17766944194349024,0.16835568788333624,0.1695217041702151,0.1713786891303742,0.17295299400327435,0.17451550746864813,0.18172497627351872,0.18900738060994896,0.19004479206529049,0.18629184402539528,0.17862020722008137,0.1588345302247259,0.1433545324605004,0.12759578424788648,0.11210546300467097,0.1046022585707105,0.10304462685812578,0.10723936923572562,0.10666022141296708,0.10708450116918952,0.0
TJK,tCO2eq per capita,GHG emissions from enteric fermentation per capita,0.39910813279026897,0.40470254537857814,0.41141589961257913,0.42258900107772623,0.4434121506828404,0.4586947711095577,0.4793146634424399,0.4905275392426119,0.5724295989805164,0.5946260533959595,0.5906540383083289,0.6047154719053844,0.6354733285941883,0.656040579261325,0.6590263776247367,0.6768226993575481,0.6809966548451418,0.6762687949803328,0.6626247633874077,0.6616494495293058,0.0
TKM,tCO2eq per capita,GHG emissions from enteric fermentation per capita,1.0954069503787314,1.2303998587231137,1.4291460033344772,1.617152288180298,1.697152440491934,1.603480380898539,1.6725097991440534,1.5922129580615925,1.7358744591770476,1.6002991641495037,1.613499538352154,1.5882028018142755,1.596925685462117,1.5497251884698353,1.5323500399903114,1.5110589157820005,1.490024951031997,1.4625991423262232,1.4418304299063631,1.4219166197976671,0.0
TLS,tCO2eq per capita,GHG emissions from enteric fermentation per capita,0.3815954028083395,0.4443615478676541,0.43058808994048975,0.39961736229160283,0.370901059688915,0.3768628701777657,0.37556891769976886,0.3757485188944681,0.37524416634768076,0.374966223147281,0.36845826813849253,0.374617600080492,0.37981505416583555,0.3854091883380387,0.3798084563748102,0.4360373419911827,0.4404146711731181,0.3963634155365732,0.393738971194227,0.3907822013424895,0.0
TON,tCO2eq per capita,GHG emissions from enteric fermentation per capita,0.28909781343786367,0.28674169899067853,0.28467519667148034,0.2825545280196001,0.2803039894625501,0.2778855987632299,0.2756227461313093,0.27470610370745874,0.2725079741546081,0.27109719818666567,0.27113126436560525,0.2719846424226038,0.2784135259305404,0.28233661661819043,0.2866045553982756,0.28993863861877356,0.2911881514291646,0.28860115684006193,0.28606032228994466,0.2839749060738586,0.0
TTO,tCO2eq per capita,GHG emissions from enteric fermentation per capita,0.052425465154728006,0.05263346563103804,0.054089210075085534,0.05090021845424147,0.05122416838808943,0.051542363769449526,0.05149098692413046,0.05006182582444877,0.048938209089892416,0.04861673635289317,0.047603988724114255,0.0472748372225299,0.04791323112341186,0.05042214421426187,0.04844926916027385,0.04827223767670899,0.04726807848352489,0.04837791714232042,0.04889103429816792,0.04957129976365066,0.0
TUN,tCO2eq per capita,GHG emissions from enteric fermentation per capita,0.2787151262722686,0.2766072362278006,0.27256319126806594,0.2561686073858941,0.25412122473553417,0.26231625548715926,0.26749418671959635,0.26761905529005175,0.25669486313454654,0.25394872792674605,0.24637036570384604,0.23995363191816102,0.23273869541540224,0.22978574263424395,0.2310281722413824,0.22513445327264847,0.2164267513049872,0.21122872752710076,0.213272726125084,0.20935863087285278,0.0
TUR,tCO2eq per capita,GHG emissions from enteric fermentation per capita,0.3620074422286737,0.34422810245156876,0.3283315991345323,0.3136612498021997,0.3054339481633817,0.30124159297270575,0.3098015057679597,0.317499941292165,0.3211250457478486,0.322437044356641,0.31233797307649674,0.32972989935876207,0.35675557098021105,0.3905803975831347,0.40059733420733706,0.39801296833837274,0.3881723013071074,0.385779153848829,0.421778773256138,0.4292652738973108,0.0
TUV,tCO2eq per capita,GHG emissions from enteric fermentation per capita,0.0393526405451448,0.03899556868537666,0.03940373188783488,0.03887289181406828,0.03829399250329247,0.037811343403020906,0.037359161889701516,0.03726392014874254,0.03724556471158507,0.03716392970325554,0.03685163007318695,0.03665349143610013,0.03641511541325391,0.03622527421882201,0.036063428415200945,0.03594918461122623,0.03564565527065527,0.035393576770787506,0.0351283789656671,0.03485950688116688,0.0
TZA,tCO2eq per capita,GHG emissions from enteric fermentation per capita,0.49904263618177835,0.4941435414318256,0.4900890482156537,0.48697188914523054,0.46832053469783624,0.46161890499593466,0.47079818065165585,0.45984544884081713,0.4552370978467405,0.449799797231869,0.44135712799368393,0.47654570963656834,0.4909175567917163,0.508191252990834,0.5188600456724236,0.513238454097865,0.5061277225677409,0.48551466680277994,0.48495630865695233,0.47784072778940584,0.0
UGA,tCO2eq per capita,GHG emissions from enteric fermentation per capita,0.3072058839012456,0.30739300472418396,0.30790869137487786,0.30921997138859314,0.306386789603785,0.30813907664877827,0.30740492046700424,0.30683068614665066,0.45826248349831133,0.4572785998934899,0.4561927095225002,0.45473346832842787,0.4523856163570968,0.4454021862572234,0.44569365723935045,0.4448772787405207,0.44927744243240575,0.4485086886481823,0.4447817540074393,0.4452469233562083,0.0
UKR,tCO2eq per capita,GHG emissions from enteric fermentation per capita,0.4627833782396063,0.4319971723548366,0.4439135919798301,0.43594903966287457,0.3891358580631146,0.3318402262036157,0.32403649106200494,0.3129516287637186,0.28492235180240194,0.2706433200239088,0.2667882605166548,0.25581608541147016,0.2522976797796485,0.2620687942012653,0.25528686231083986,0.23091109950835842,0.2232523469285067,0.21938259149584322,0.21091648140519545,0.20217580390915615,0.0
URY,tCO2eq per capita,GHG emissions from enteric fermentation per capita,6.314054680284625,6.417773001177878,6.714161499871018,6.954750198651427,7.114344001449953,7.201733157244011,7.457587907390472,7.317132332438809,7.386271746689814,7.198823408592354,6.745440337835001,6.630479980860369,6.33399240894058,6.262744716230074,6.279049687408008,6.136295488909333,6.146230634912893,6.005960627297844,5.847999915924727,5.776025205309136,0.0
USA,tCO2eq per capita,GHG emissions from enteric fermentation per capita,0.6346865316514466,0.6243886713905379,0.6191962913346051,0.613519859865397,0.6041885690196767,0.6003836353030038,0.6056025393559334,0.6022437894358004,0.5966084180703539,0.5853877345964527,0.579866636533736,0.5779261243955355,0.5723201417245168,0.5696442554930884,0.5634757389347581,0.5711729725011233,0.5825037648370096,0.5886777814151117,0.5898073223687051,0.59573150519106,0.0
UZB,tCO2eq per capita,GHG emissions from enteric fermentation per capita,0.5175297439392463,0.5180022151499432,0.51843196283612,0.522169366367265,0.5557290942938833,0.5831663163526579,0.60765108302738,0.6384906133690635,0.6663552456158341,0.7033422646700807,0.7262456866369772,0.755130016292085,0.789507276360644,0.8155123135117975,0.8352912968134809,0.8495002060775299,0.921846223769856,0.9307872134022463,0.9423379137701366,0.9711542384162166,0.0
VCT,tCO2eq per capita,GHG emissions from enteric fermentation per capita,0.12037815320957074,0.11743401332801942,0.11308145612655535,0.10492206569302635,0.10473063029856249,0.1052619755655192,0.10885044474319072,0.11445589590475136,0.11756766081493712,0.12351202755487428,0.12557216331054868,0.1228199972303005,0.11384755844515147,0.09673821623214023,0.0887788624756586,0.08312075869336144,0.09244018379968393,0.09056141168757854,0.08936123400780327,0.09014322453500673,0.0
VEN,tCO2eq per capita,GHG emissions from enteric fermentation per capita,1.1113585978831657,1.1166646373024356,1.122688737278244,1.1200431424632735,1.1213626369669811,1.1334779404629423,1.1216119960417412,1.1256678428313742,1.1243129449319536,1.1133739383632626,0.9210373045064578,0.9158700593844343,1.0572809560166678,1.0371261452670266,1.0149684972921955,1.014867018549106,1.0067215425391414,1.0153516179587572,1.0621893115882766,1.0794260801606013,0.0
VNM,tCO2eq per capita,GHG emissions from enteric fermentation per capita,0.14783067603043612,0.1406273068086819,0.14337378161557954,0.14991736714877527,0.16009058060020812,0.17245368159727528,0.1894994088991828,0.19389087196252927,0.18282211151542405,0.17657208672413446,0.16915458755834745,0.1576973123317175,0.15008350979020205,0.14736438043153213,0.14715869893151362,0.14933201284865658,0.15038235747196177,0.15168753641558227,0.1518360812098814,0.1533814266219436,0.0
VUT,tCO2eq per capita,GHG emissions from enteric fermentation per capita,1.409400748253714,1.2768576547627226,1.2421035750565936,1.2532236228387614,1.2443109301744537,1.2273028736346172,1.2189868224033136,1.4406983924470527,1.4105358255451712,1.2597016903806395,1.2618515257222205,1.2451944712311154,1.2053382497344742,1.1592401719159746,1.1225900381980234,1.0827159275323832,1.0455672987791296,1.0274883624811295,1.0073111813444948,0.986243722530862,0.0
WSM,tCO2eq per capita,GHG emissions from enteric fermentation per capita,0.2801139555412888,0.2836840576074438,0.2828978039793662,0.2903368135180667,0.29766867304601985,0.296700415085521,0.2949500315136504,0.2904763327748634,0.2875445844928248,0.35371974446365,0.35953762423095126,0.37906783521542226,0.38098252145814937,0.3924209278912706,0.42671580480699195,0.47239419151465034,0.424856605325383,0.43680561840313675,0.4404739149942894,0.44554072407442175,0.0
YEM,tCO2eq per capita,GHG emissions from enteric fermentation per capita,0.19596719434368437,0.19929220120425023,0.19574178347449459,0.2114789670013712,0.20769951181406682,0.2040774408805189,0.20262082958874783,0.20460688055931736,0.2051806389587427,0.20421353548230303,0.20089589163464386,0.20024311578670764,0.19682647515794438,0.19466076708927846,0.192695973526117,0.1851101648467664,0.17512296849884476,0.16965376254934872,0.17586327620823738,0.17239836767274805,0.0
ZAF,tCO2eq per capita,GHG emissions from enteric fermentation per capita,0.5386386183348928,0.5348256243538693,0.5270739497612972,0.5234686901657976,0.5190806572243999,0.5217736329300001,0.5154598054538198,0.529988765011625,0.5332354790745872,0.5305851303047587,0.5276162901251064,0.520083333975915,0.5201998786394604,0.5092098487300261,0.5022464679277263,0.489516619513368,0.4721159655690278,0.45082749861510535,0.43827764077427317,0.4238489750729815,0.0
ZMB,tCO2eq per capita,GHG emissions from enteric fermentation per capita,0.28684937147307465,0.2894406079498909,0.2657848724318483,0.24818989974006683,0.24077070077755858,0.25602670491599194,0.26995639518502373,0.2347186165065899,0.21702988769688925,0.27022454968701815,0.2684419931050936,0.21940040785273032,0.316193496257349,0.31471627973535216,0.310122350345878,0.2923509761407411,0.2761814064993266,0.2808734960490359,0.28290411195113063,0.2770954780669473,0.0
ZWE,tCO2eq per capita,GHG emissions from enteric fermentation per capita,0.7297129432170161,0.7406086562574378,0.6738008847532848,0.6401061105626594,0.6169174796718544,0.6192929076551311,0.5896446512754395,0.5926047004223265,0.5816626949292919,0.6207138617146182,0.662905983810647,0.6857232718615782,0.680677817690062,0.6750603615867655,0.5254827150943826,0.5759495882701846,0.5662344539383157,0.5509411459857793,0.5567080732126714,0.5673198283182797,0.0
