category,country,unit,variable,1990,1991,1992,1993,1994,1995,1996,1997,1998,1999,2000,2001,2002,2003,2004,2005,2006,2007,2008,2009,2010,2011,2012,2013,2014,2015,2016,2017,2018,2019,2020
Non-residential [Buildings],AFG,MtCO2eq,GHG emissions from non-residential buildings,,,,,,,,,,,,,,,,,,,,,,0.02107331677,0.01695882486,0.008961241919,0.006502069938999999,0.009144425012,0.01335072174,0.01581560613,0.01606487094,0.01665948902,0.01662555
Non-residential [Buildings],AGO,MtCO2eq,GHG emissions from non-residential buildings,0.3948422425,0.4173825985,0.35910793449999995,0.329273988,0.287308831,0.345535129,0.5970834899999999,0.5719758669999999,0.720457355,0.9412615304999999,0.7397552879999999,0.781803652,0.7306067155,0.7533259765,0.7933681644999999,0.6040506419999999,1.2101983379999999,1.451437337,1.869745702,2.213959066,2.439289295,2.7032930129999997,2.8309869059999997,3.58312287,3.5667952609999998,3.099086355,2.7290817799999996,1.937521101,1.924906142,1.843327132,1.5981473999999998
Non-residential [Buildings],ALB,MtCO2eq,GHG emissions from non-residential buildings,,,,,0.0060066014099999995,0.004003536857,0.003003037471,0.003001677135,0.003001496402,0.17509506673999997,0.18061581813000002,0.18771287442,0.13215444476000002,0.28935508234999996,0.17307808588999998,0.19968786235,0.24181727561,0.15513898203999998,0.1765547575,0.157669596228,0.109847179413,0.09212963254999999,0.0461590025,0.113755747,0.12298141199999998,0.14677181,0.1512290465,0.18068348099999998,0.17405101259999997,0.1801204972,0.15479031
Non-residential [Buildings],ARE,MtCO2eq,GHG emissions from non-residential buildings,4.983314145,5.061687722,5.452923369,6.341330881,6.928614725999999,7.091264657999999,7.499585578,7.641269427,7.430704592,7.380960643,8.068199792,9.179764321,9.990330583,16.75892729,19.614333199999997,19.01128275,19.876653819999998,17.541870359999997,22.96735626,19.31025017,19.4705185,18.46066146,21.377625489999996,20.53196864,21.338796809999998,22.902075489999998,22.85295,23.25635601,22.596174429999998,22.20464475,
Non-residential [Buildings],ARG,MtCO2eq,GHG emissions from non-residential buildings,8.182195703,8.025535572,7.5006213409999996,6.220563358999999,6.656717816,7.074483122,8.002501964999999,7.525296162,8.577722085000001,9.689156717,9.368293131,8.951907409,8.48172823,9.503029627999998,11.524178423,12.200615728999997,12.675074793999999,13.322758804,14.652434945,13.951112638,13.910154771999999,14.965135170000002,15.629000720999999,15.510304611999999,15.363802919,17.112340972,17.705395895,16.115325863,14.962705556,12.958582158999999,2.99718517
Non-residential [Buildings],ARM,MtCO2eq,GHG emissions from non-residential buildings,3.0880675803999997,1.9095783914,0.28706174329999995,0.057257741949999996,0.22813737269999998,0.3589973489,0.4194612315,0.1460875541,0.1353681601,0.10194408991000001,0.11833403479999999,0.1210773969,0.09239765001000001,0.09215808508,0.09469175049999999,0.11202679188,0.17228310830000002,0.21843047850000002,0.24187838879999998,0.17912899029999999,0.18693278000000002,0.26255200910000004,0.3737836837,0.34419571639999996,0.47426146614000003,0.44870341890000004,0.37471379876,0.41209657477,0.4655034588,0.41864462871,0.37080883
Non-residential [Buildings],ATG,MtCO2eq,GHG emissions from non-residential buildings,,,,,,,,,,,,,,,,,,,0.0001133392147,0.0001256717699,0.002109819908,0.01338376713,0.023422469529999997,0.04775253429,0.02752063199,0.02374377626,0.02137204589,0.020579248879999998,0.01998473406,0.01950617278,0.016765258
Non-residential [Buildings],AUS,MtCO2eq,GHG emissions from non-residential buildings,29.142844317,30.430688229999994,31.177407044,31.365022671,31.995657379999997,34.523994734,37.502792696,38.89247060899999,43.04623096099999,44.118404321,45.185340950000004,44.53935849399999,53.61123928999999,55.499064129,58.127310003,59.438421037,60.068465607,62.967712176,63.424512336999996,66.811447347,62.99134206299999,60.598520173999994,60.586177995999996,59.3719701,56.918152121,62.482749193000004,63.308338355,62.98381389099999,60.194578113999995,59.38051832199999,5.8016419599999995
Non-residential [Buildings],AUT,MtCO2eq,GHG emissions from non-residential buildings,5.343582978,5.935437413,5.551402536,5.577318232,5.520607474999999,6.371170837999999,7.587134186999999,7.874163890999999,7.367324850999999,7.7386044179999995,6.430819433,7.710951944,7.480726669999999,8.658525229,8.350128503,8.336924609,8.149791603,6.863724645,7.195566121999999,6.170276334,6.151742501,5.729400117999999,5.102865756,4.877506886,4.3109555859999995,4.661102634,4.369155391,4.694210858,4.272742074,4.412446190999999,1.148461936
Non-residential [Buildings],AZE,MtCO2eq,GHG emissions from non-residential buildings,4.740680696999999,3.746656507,3.9276689429999996,5.11485504,3.665943364,3.018714142,1.883109898,1.850965673,1.9602040115,2.4832776919999997,3.395758001,2.1359987379999996,1.5414804627,1.2422109495999998,1.2779374169999997,1.4904966514999998,0.9949875694999999,2.7054881679999996,2.7986980444999996,2.604370931,2.42568271,2.8888176884999996,3.271031331,3.3957964769999998,3.4175225394999997,3.5676191014999996,3.1455254225,3.500763539,3.8163900802999997,3.9232658881,0.5872008599999999
Non-residential [Buildings],BDI,MtCO2eq,GHG emissions from non-residential buildings,0.0005954148,0.000551034398,0.0005635267949999999,0.000578711333,0.00059227116,0.0006427746749999999,0.000660099885,0.01587992049,0.01646949746,0.011681738419999999,0.015078684839999999,0.023207516049999998,0.02391250099,0.02413591125,0.024584400779999998,0.02457153693,0.02517693624,0.02674810898,0.02611963606,0.02680678565,0.02757433999,0.028492618509999998,0.01887925401,0.020742352279999998,0.02063244185,0.02137146555,0.02371213139,0.022114226839999997,0.02221827119,0.02366512799,0.001826538
Non-residential [Buildings],BEL,MtCO2eq,GHG emissions from non-residential buildings,9.370846334,10.325612,10.352611177999998,10.478121537999998,10.63126671,11.017419931,12.200785243,11.351112701999998,11.692511416999999,10.973206696,10.196073475999999,10.311416319,10.768285434,11.443817711,11.595326120000001,11.804374283,12.032105605999998,10.974285724,12.826493894999999,12.257076602,13.093664399,11.036618791,11.106820455,11.757063451,9.878222546,11.11644764,10.890875358999999,10.789588075,10.914491603,11.076469553999999,6.283155895999999
Non-residential [Buildings],BEN,MtCO2eq,GHG emissions from non-residential buildings,0.054546215491,0.055819391275,0.057098755016,0.058569326363999995,0.059829840234999994,0.061038789213999994,0.07284707489999999,0.08373658877,0.08981137480999998,0.08532858583,0.09057073198000001,0.10196936636,0.10037233551,0.10428776472,0.10651314071,0.11279051039,0.13478162361,0.14864745681,0.16427067622999997,0.14601288261,0.12962602582,0.13670013496,0.12660353396,0.15266765644,0.22834153631999998,0.20524253367,0.19852273888000002,0.20912412307,0.18918209754999998,0.25254895039999997,0.006044079999999999
Non-residential [Buildings],BFA,MtCO2eq,GHG emissions from non-residential buildings,0.00112849638,0.00105401088,0.00110251443,0.00112820313,0.0011226079199999999,0.00119847756,0.00118013184,0.02366638877,0.02427632612,0.01619351678,0.02314503623,0.02703291594,0.023763800829999997,0.02434203827,0.02898896697,0.035980759349999995,0.037694091549999996,0.04213663915,0.04533759231,0.04639768767,0.04744220486,0.051492084589999994,0.058083535779999994,0.058680597359999996,0.05830863938,0.062191688339999995,0.07125744314,0.07719930241,0.07872867188999999,0.08271291479,0.02804002
Non-residential [Buildings],BGD,MtCO2eq,GHG emissions from non-residential buildings,0.6574643025,0.6797933206,0.7570945217,0.7170311521,0.7238477687999999,0.7481381574999999,0.7483006399,0.8527949642,0.9341984677999999,1.0236218632999998,0.9419646595000001,1.1023905658,1.176646236,1.1968484202,1.2507964723999998,1.322605224,1.4696281325,1.5038198644999998,1.5415975524999999,1.8023053855,2.5407116464999997,2.188759123,2.366321327,2.5005284459999997,2.6904155455,2.952263591,2.9689708784999995,3.0356190845,3.1664298795999994,4.2332724662,0.538882
Non-residential [Buildings],BGR,MtCO2eq,GHG emissions from non-residential buildings,7.092874952999999,4.4702485334999995,3.3162126164999997,4.808244907000001,5.1383843229999995,4.364020163499999,4.662648293,4.343332133,4.455552548,4.4408943045,4.759535638999999,5.721019581499999,5.5020443509999994,6.099591491999999,5.747202055500001,6.015109076,6.61320641,7.149307168499999,7.265618111499999,6.943446948499999,8.042464415,9.443060787,7.8059291715,6.636721762,6.864733734999999,7.4530269495,6.883785636,6.9465441194999995,6.2810268890000005,5.8889664822,0.3223890532
Non-residential [Buildings],BHR,MtCO2eq,GHG emissions from non-residential buildings,0.7394917979,0.5873118586,0.7285241719,0.767645326,0.8919803094,0.9548435404,1.0180297029999998,1.009564076,1.153575117,1.261360424,1.338521659,1.466518438,1.46954928,1.75914139,1.69553567,1.7208316,2.1728043309999996,2.4621926299999997,2.67642093,3.0412213739999996,3.837687783,3.6590234959999997,3.68043747,3.911471879,4.311943598,4.5377916229999995,4.339269041,3.948181299,4.193518963,4.720087576999999,
Non-residential [Buildings],BHS,MtCO2eq,GHG emissions from non-residential buildings,,,,,,,,,,,,,,,,,,,0.0006851782974999999,0.0005451435282999999,0.009862942123,0.055410704729999996,0.1090539544,0.2068430704,0.11445142729999999,0.09261320681,0.08598548542,0.08495311481,0.08249909199,0.08052364879999999,0.06920913937999999
Non-residential [Buildings],BIH,MtCO2eq,GHG emissions from non-residential buildings,1.113740692,1.591845259,1.1097984979999997,0.800673091,0.09210122161999999,0.10609372669999999,0.2822855223,0.8734880463,1.180588585,1.2743744609999998,1.520771978,1.4106783754999999,1.45753917,1.5925841219999999,1.5922564155,1.707223121,1.9098525349999997,1.999185987,0.313649087,,,,,,2.656486816,2.5622346135,3.3821964989999995,3.0974048119999997,3.1489414829999998,3.2362679317999996,0.34754759999999996
Non-residential [Buildings],BLR,MtCO2eq,GHG emissions from non-residential buildings,15.291373637,13.895271004,14.090549699999999,13.810695208,11.040315559,9.76614474,10.601280111000001,8.565875041999998,7.439803962,8.446237666999998,7.555100273,7.0774572738,6.644268536299999,7.0368015643,7.3939956308,7.4144056835,7.451957010999999,6.942617996999999,6.872078169500001,7.5488332695,7.642227435000001,6.811728903999999,7.054696389999999,7.0742169944999995,7.1827010925,6.753107773,6.732918645499999,6.673685364,7.1975592174,6.901628334100001,0.377536687
Non-residential [Buildings],BLZ,MtCO2eq,GHG emissions from non-residential buildings,,,,,,,,,,,,,,,,,,,7.482761646e-05,8.776890323000001e-05,0.0016675938989999999,0.008575232833,0.01597913568,0.03556026841,0.01945808164,0.01911512284,0.01677096178,0.01634519534,0.01587302466,0.017132019649999997,0.014768166999999999
Non-residential [Buildings],BOL,MtCO2eq,GHG emissions from non-residential buildings,0.13609050679999998,0.1300690658,0.17612672289999998,0.1631371423,0.22624865309999997,0.2772563396,0.26293682929999995,0.31825470739999995,0.36927939,0.26846964770000004,0.3043509636,0.2604145713,0.2831652038,0.3549006561,0.34511989509999996,0.40898911329999993,0.4524379213,0.48314811859999995,0.5191057482,0.5805632412999999,0.7004528723,0.8210094201999999,0.8093143351,0.8165054001,0.9576558819,0.9956670493999998,1.2038436654999998,1.166966269,1.1125284465,0.9400031532,0.1081088
Non-residential [Buildings],BRA,MtCO2eq,GHG emissions from non-residential buildings,5.131884597999999,5.228763566,5.584135121,5.400425470999999,6.349182791999999,6.993643767,6.793713369,7.753347987,8.414589482999999,10.934739236999999,11.671685085,12.79572142,11.847426526999998,10.589202347,11.631537094999999,11.772241289,11.634545945,11.340515392,13.317103805999999,10.336736412999999,13.380293875999998,11.520731012999999,16.178478853999998,22.047759833,27.006172018,26.567025063,20.456633661999998,20.216242335,17.758111249000002,18.840358987,1.9612448
Non-residential [Buildings],BRB,MtCO2eq,GHG emissions from non-residential buildings,,,,,,,,,,,,,,,,,,,0.00032102251840000003,0.0003200580747,0.005626700817,0.03603971942,0.057112084529999996,0.1174458353,0.057963075559999994,0.051943527159999996,0.046717199189999996,0.04628608845,0.04494911192,0.043940993799999994,0.037780565999999995
Non-residential [Buildings],BRN,MtCO2eq,GHG emissions from non-residential buildings,0.4733147773,0.505268294,0.5984305698,0.7366192437,0.8829704072999999,0.9958797931,1.124137027,1.357758624,1.4577267520000001,1.3624694739999998,1.361565071,1.370353295,1.5617091529999998,1.480644063,1.7836674709999998,1.844034328,1.9775523289999999,1.8010668629999997,1.2055408899999998,1.291766307,1.3290867439999998,1.29926938,1.314728481,1.2533555109999999,1.3523958799999998,1.174156096,1.211633573,1.258495195,1.46680018,1.434890984,
Non-residential [Buildings],BTN,MtCO2eq,GHG emissions from non-residential buildings,,,,,,,,,,,,,,,,,,,,,,0.001013823881,0.001044019942,0.0008182144704999999,0.0006824680884,0.0007811444646,0.0008037324733,0.0006394081894,0.0006578738161,0.0006782345825999999,0.000660042
Non-residential [Buildings],BWA,MtCO2eq,GHG emissions from non-residential buildings,0.2544312555,0.32437329369999995,0.46633127649999995,0.5402911278999999,0.5337488208999999,0.5495725213,0.46794260239999996,0.4762786598,0.7088977428,0.6373387801999999,0.7127536419,0.4504910506,0.47074591899999996,0.38633590209999996,0.4496415701,0.40989547130000004,0.29632678689999997,0.2559936216,0.24535410389999998,0.22795853,0.17065351069999998,0.26875783449999996,0.16527883759999998,0.5987484307,0.9352184783999999,0.9902347034,0.978883945,1.2426707014999998,1.28627221896,1.23547952571,0.06446771
Non-residential [Buildings],CAF,MtCO2eq,GHG emissions from non-residential buildings,9.722586449999999e-05,9.107582549999999e-05,9.38980635e-05,9.467928149999999e-05,9.2907465e-05,9.89325795e-05,9.755547749999999e-05,0.005769607828999999,0.00583018555,0.004445861428,0.00653923249,0.007128300264999999,0.007249421319,0.007056197625999999,0.0069887366920000004,0.006935328528,0.007052420981,0.00794604855,0.008047382669,0.008246076044,0.008291406391000001,0.008800562376,0.009520501306,0.009024336404,0.009087039550999999,0.009027919094000001,0.0107027289,0.010810713809999999,0.01099068642,0.01083427294,0.0030628519999999996
Non-residential [Buildings],CAN,MtCO2eq,GHG emissions from non-residential buildings,56.330985229999996,56.85072632999999,58.840202129999994,58.10855742,58.28241109,60.80341936999999,60.897504229999996,65.54945162,65.96519131,67.47564370999999,75.60432845,75.03202459,76.42340712000001,79.59251599,76.21715234,72.62569700999998,67.52724817,69.38854165999999,66.50026754999999,62.68905831,62.19303031,64.03594984,60.285507120000005,61.468420089999995,62.63035556999999,62.1524272,62.10358847999999,63.22645893999999,63.94034038,63.29186008999999,38.9572792
Non-residential [Buildings],CHE,MtCO2eq,GHG emissions from non-residential buildings,5.796049502,6.3139485971,6.3633624456,6.1906140814,5.707081002499999,5.7528855605,6.2760078769,6.0416211788,6.3714855224999996,6.473267912499999,5.9288411376,6.170006282499999,5.8129007532,6.116931490800001,5.9915973628,6.250253129099999,5.9296890662,5.3714882437,5.622520335299999,5.5818238618,6.001278538399999,4.9868721166,5.404088726,5.6183983654,4.5522072093,4.8786709658000005,5.1305780257,4.915327924,4.7268965476,4.8100743222,3.475323321
Non-residential [Buildings],CHL,MtCO2eq,GHG emissions from non-residential buildings,0.8898748192,0.8014833383000001,0.7959239483,0.8457988462999999,0.9716837678,1.0039141108,1.1176455198,2.438831918,2.382771759,2.6640007,2.2917594865,2.0002715214999998,2.1750782209999997,2.5855352764999995,3.318042468,3.3018268949999996,3.357197967,4.234124451,4.753295997,4.647615212999999,5.798072565999999,6.990562683,6.8566840209999995,7.500372853,6.381341562999999,7.392345842999999,8.063373657,8.755886461,7.71623573,8.590355977,2.3688924959999995
Non-residential [Buildings],CHN,MtCO2eq,GHG emissions from non-residential buildings,75.5931195,80.59538051,89.25271894,108.82727200999999,110.5229542,116.02864989,170.19155277,145.74145291,158.97928899000001,175.20213193,147.91112675,156.14653884,165.55729917,196.85429263999998,228.48339513999997,239.30549554,262.02372627,280.4560732,287.82531819999997,314.4982878,340.4672258,393.4866361,423.997345,452.5622433,446.2500406,467.2262603,489.597944,513.805705,563.7408525,602.0222911,165.8190858
Non-residential [Buildings],CIV,MtCO2eq,GHG emissions from non-residential buildings,0.32715453359999996,0.33149630090000004,0.34948728379999994,0.39851238809999995,0.46233047439999997,0.4760816838,0.5914230737,0.7230311750999999,0.8322006091999999,0.8361950622000001,0.7753606515,0.8705113338,0.9786209911999999,0.8628092999,0.7528995361,0.9353695501000001,1.1700165985,1.2078098693000001,1.3590759967999997,1.0952822061999998,1.156067703,0.9608983984999998,1.2589388607,1.3349457906,1.750015179,1.7771698159999998,1.730088769,1.894068398,1.6135246937999999,1.6739443437000001,0.333013
Non-residential [Buildings],CMR,MtCO2eq,GHG emissions from non-residential buildings,0.242356821964,0.248864765101,0.255572660065,0.26146864409099996,0.270721300705,0.270720652643,0.27848769747099994,0.28748059618,0.29723855280299993,0.30380895851,0.30938580987799996,0.31910690171199996,0.1377611285,0.14507054103999997,0.14648682381,0.15605608029999998,0.23563332181,0.32297614899999993,0.3518029754,0.405072785,0.42815681189999993,0.38763493669999993,0.3758387485,0.4994711637,0.5982173614,0.5513305864,0.5681135941,0.5884664505999999,0.6148445307,0.6051539946000001,
Non-residential [Buildings],COD,MtCO2eq,GHG emissions from non-residential buildings,,,,,,,,,,,0.00100188747,0.0020034404889999998,0.00100173775,,,,0.001001292319,0.0020034114159999997,0.002002559618,0.002007406848,0.002007683904,0.002006593636,0.001002843997,0.0010026844089999999,0.0009951404563999999,0.00100527063,0.001000523182,0.0009925040974,,,
Non-residential [Buildings],COG,MtCO2eq,GHG emissions from non-residential buildings,,,,,,,,,,,,,,,,,,,,,,0.003794655,0.016272165,0.00361284,0.00361284,0.6684439885,0.7132589230999999,0.7599692028999999,0.8382354587099998,1.11773908391,0.01729855
Non-residential [Buildings],COK,MtCO2eq,GHG emissions from non-residential buildings,,,,,,,,,,,,,,,,,,,,,,0.00023284373179999999,0.0002239174923,0.0001653402997,0.0001552265504,0.00014675612259999998,0.0001517838651,9.661964699e-05,9.941039924999999e-05,0.0001024870619,9.9738e-05
Non-residential [Buildings],COL,MtCO2eq,GHG emissions from non-residential buildings,2.3068459755,2.504934071,2.7729706184999996,2.672949491,2.5498830554999996,2.862083964,2.48237966,3.2199423429999996,3.565694325,2.6595201119999996,3.0966811589999996,2.2257490549999996,2.8227900360000002,2.960905874,2.0736782505,2.2911710684999997,2.4821482919999998,2.5198554164999996,2.283493477,3.3613960099999995,4.064966761,3.1097460640000003,3.758268969,4.055269017,4.346197438,4.6974234495,4.6334043815,3.4935054405,3.5633384332999993,4.440808206,1.013501
Non-residential [Buildings],COM,MtCO2eq,GHG emissions from non-residential buildings,6.8126667e-05,6.463816499999999e-05,6.78222735e-05,6.951256650000001e-05,6.9355971e-05,7.60977885e-05,7.687666049999999e-05,0.0004715502905,0.000490798522,0.000530563388,0.0010974735339999999,0.001181186654,0.001216334852,0.0013247630459999999,0.001392757397,0.001377001616,0.001370796252,0.001329030666,0.001398385231,0.001607553918,0.001729447077,0.0018244675639999999,0.00206385735,0.002055649378,0.001958209358,0.001998042359,0.003000416986,0.003739570604,0.0038692547169999997,0.004079093406,0.002276813
Non-residential [Buildings],CPV,MtCO2eq,GHG emissions from non-residential buildings,4.38238665e-05,4.1588128500000004e-05,4.3776650600000003e-05,4.50220913e-05,4.514935915e-05,4.8914691799999996e-05,4.92211301e-05,0.000333323197,0.000350300335,0.0003800791775,0.001957432603,0.002246309743,0.0024251007199999996,0.002182733388,0.002293248089,0.003226634742,0.00349114527,0.003916326336,0.004264191971999999,0.004390244174,0.004453503038,0.006074449888,0.0060287223,0.0048666203169999995,0.005030566496,0.0046971887989999996,0.008390425608,0.008433116935,0.00883581313,0.009004506128,0.0073826099999999995
Non-residential [Buildings],CRI,MtCO2eq,GHG emissions from non-residential buildings,0.09257097585,0.09299994072,0.1779081443,0.16272118430000002,0.26146723,0.2481437187,0.2180146718,0.14502716647,0.20173239795999998,0.15200304757,0.08085233642999999,0.10290530458,0.19756611314999997,0.30258672956,0.35863293087000003,0.32272834839,0.4615939125,0.6462562113999999,0.7011254255,0.5595755275,0.6125124739,0.7333240419,0.6691793906,0.7681492586,0.7350404688,0.48188312619999996,0.5406390218,0.546399127474,0.19695025034999997,0.2052382014,0.142105483
Non-residential [Buildings],CUB,MtCO2eq,GHG emissions from non-residential buildings,2.520556499,2.278766764,1.7962683089999998,1.992083412,2.2057135939999997,2.4557628380000005,2.568688013,2.5782699549999997,2.6629243039999997,2.655957554,2.859342293,2.5089727099999997,3.493763404,3.9256147830000003,3.9163417779999996,3.270250576,3.103876029,3.1700180849999997,3.5994300549999996,3.2916218145,2.8057380825,2.8317823195000003,2.7892989745,2.8607289624999996,3.0948697925,3.2370153084999997,3.077230057,2.6839130824999997,2.6512030319199997,2.11762553908,0.0200394
Non-residential [Buildings],CYP,MtCO2eq,GHG emissions from non-residential buildings,0.5693786644,0.6073224841,0.6794888911,0.7146007337,0.7828603837999999,0.7856941082,0.8158251796999999,0.9955562497999999,1.0525247379999998,1.227323715,1.197255526,1.31225352,1.360359865,1.564794334,1.5102585889999998,1.5920808009999998,1.7254560959999998,1.800247872,1.8909173799999999,1.9521306744999998,1.925779983,1.8220797474999997,1.7211168195,1.3934641054999997,1.430293631,1.483836738,1.6348994549999998,1.5980503204999998,1.6102782083200002,1.56171701239,0.07490683
Non-residential [Buildings],CZE,MtCO2eq,GHG emissions from non-residential buildings,13.74933996,14.866872294999999,11.713742969,12.210097587,11.861243278999998,14.383410533,14.209575800999998,14.580436438999998,15.589764184,16.273558988999998,18.736106416000002,19.358216803999998,17.945941674,20.07558271,20.071894333,18.223153887,18.107524581,18.933851724,18.710819559,17.691220317000003,19.192517481,18.375774088,17.410872617000003,16.745707127,15.932232359999999,16.227552417,16.849719398,16.423291940000002,16.236427328999998,15.321432953999999,3.128999402
Non-residential [Buildings],DEU,MtCO2eq,GHG emissions from non-residential buildings,130.84378786,136.45865011,128.92600461,127.50600101999999,122.21387775999999,119.15240621000001,130.80679425,118.56268315,116.64925296,116.04562132999997,120.05875499999999,127.17195911,127.78488338999999,149.17327412,143.31689527,138.55090216,146.72429277999998,134.50407004000002,139.43644063,134.41840062999998,137.9319184,124.96689149999999,131.99064721,136.68877988,123.79939443999999,129.49839165999998,127.00977451,122.19006225999999,115.15643116999998,103.81751603999999,43.333713159999995
Non-residential [Buildings],DJI,MtCO2eq,GHG emissions from non-residential buildings,9.1578456e-05,8.790110099999999e-05,9.166173899999999e-05,9.42804615e-05,9.3838827e-05,0.0001015812135,0.00010196888999999999,0.0006827680084999999,0.000709134981,0.0007632733084999999,0.004879325215,0.004857237077,0.004949287484,0.004760502403,0.004605652,0.0043597428189999995,0.004272510771,0.004517728342999999,0.005263906678999999,0.005078807901,0.005407167319,0.005058345876999999,0.007067157277,0.006132714966999999,0.006074943665,0.005254537831999999,0.007756088593,0.009418085432,0.009825012725,0.010186046039999999,0.00714402
Non-residential [Buildings],DMA,MtCO2eq,GHG emissions from non-residential buildings,,,,,,,,,,,,,,,,,,,2.731263906e-05,2.897350623e-05,0.0005285878337,0.003251388745,0.0055045933309999994,0.01074650724,0.006440256863999999,0.0058311676589999995,0.0052078637879999995,0.006697503163,0.00650403606,0.006348284945,0.005456267799999999
Non-residential [Buildings],DNK,MtCO2eq,GHG emissions from non-residential buildings,8.733978749,11.11985238,9.518061507999999,10.04715112,11.056094421,9.965202733,13.656653627999997,10.93073505,9.9168719895,8.961428930999999,7.9993185339999995,8.433251333,8.586443717499998,10.173660215,8.3643362145,7.317495462999999,9.763702695,8.399789579,7.7646861634999995,7.870295902,7.8465922159999995,6.32603429,5.309632337,5.9925142575,4.811646817,3.915482971,4.3052597635000005,3.5603042439999997,3.5414097280999997,2.6120840512,0.490822979
Non-residential [Buildings],DOM,MtCO2eq,GHG emissions from non-residential buildings,0.100031338,0.09034126799999999,0.125896471,0.109721208,0.138791418,0.148481488,0.180756575,0.213032662,1.7451219475,1.8191127804999998,1.911415217,2.2127442435000004,2.1879357159999997,1.6334080725000002,1.3434997094999999,1.590901412,1.775998429,1.874369139,2.0681840559999998,2.0464044849999996,2.2645402740000002,2.2958960699999995,2.3827560180000003,2.111880927,2.656855136,2.8229993175,2.8564720589999997,2.7982020975,3.0906557253999996,3.2446742181,0.22229079999999998
Non-residential [Buildings],DZA,MtCO2eq,GHG emissions from non-residential buildings,,,,,,,,,,,,,,,,,,,,1.7199960435,1.6496460450000001,1.869609914,2.0417673909999996,2.4259276495,2.7452101890000002,3.054222516,3.006159694,3.115877215,2.8127237443,2.8865951563,0.680717
Non-residential [Buildings],ECU,MtCO2eq,GHG emissions from non-residential buildings,0.2903563555,0.36172922379999994,0.46545620019999995,0.326638245,0.3289823743,0.5991885339999999,0.6254754529,0.8911529780999999,1.0251203569999998,0.675645757,0.7501888741999999,0.9661096559999999,0.9767280170999999,0.9450994841999999,1.5918632566,1.9059219635,2.1593889875,2.6952755675,2.4426199035,2.745594469,3.0643930264999995,2.8258324095,3.055018853,3.4408221519999995,3.626430126,3.6947278399999997,3.344764657,2.7431961749999996,2.930181732,2.62534746,1.0173021999999998
Non-residential [Buildings],EGY,MtCO2eq,GHG emissions from non-residential buildings,,,,,,,4.492544057,5.525087047,6.300140946999999,6.831367886,5.880077559,7.093181052,8.044955872000001,8.703542367,11.787628369999998,12.31426291,13.04083116,13.030187849999999,14.221177130000001,15.277369819999999,14.14814847,15.42669188,17.78744398,19.81103855,20.06501702,20.46228367,21.81740851,22.72536632,23.83550292,24.43517692,
Non-residential [Buildings],ERI,MtCO2eq,GHG emissions from non-residential buildings,0.006420279499999999,0.0066517044,0.047925860669999994,0.07054068455,0.06471915198,0.09058019607000001,0.08398687500999999,0.07356154321,0.07721365222999999,0.08012363171,0.08253395834999999,0.11171225679999999,0.10359349826999999,0.10579988306,0.1081924237,0.1063849962,0.09248694657999999,0.09249207551000001,0.08149630281999999,0.08283751566999999,0.09305591215999999,0.09653303190999998,0.09894575578,0.10125919956,0.10279181662,0.10589314332,0.10760407192999999,0.11456301154,0.13496720765999998,0.13828274958999998,0.00823378
Non-residential [Buildings],ESP,MtCO2eq,GHG emissions from non-residential buildings,16.535192474,17.399210943,19.968101627,17.754464155,19.083729085999998,21.478808473999997,19.673469719,23.984718255,23.928320817999996,29.133114585,31.859210719,29.880546354,34.317991598000006,31.867282053999997,34.900445136,38.21949229999999,39.084396622999996,40.882202806,38.156633361,35.470685270999994,31.197688248,37.170674354,38.558585158,30.801896512,28.620328862999997,35.011984235,31.53267446,33.684924785999996,30.145373385,26.716194259999998,9.00420976
Non-residential [Buildings],EST,MtCO2eq,GHG emissions from non-residential buildings,1.6047664524999998,1.4886416374999998,2.8032122465,1.642201436,2.726475714,2.5758782864999996,2.7625998559999996,2.9120249604999997,3.0668934304999995,2.8898470095,2.964748329,2.9360035874999997,2.9575939620000002,3.5470102489999995,3.7987117935,3.9352567714999998,3.6014317699999996,4.8369138125,4.643537617500001,4.05275464,5.104932241999999,4.640824684,4.363650997,5.191366297,5.19898659,4.454993320999999,4.590773844999999,4.500723914,4.152729002999999,2.2814944778,0.22535512
Non-residential [Buildings],ETH,MtCO2eq,GHG emissions from non-residential buildings,0.09019948976999999,0.10467957321,0.078395919529,0.08672644354600001,0.08860514189499999,0.0938061445,0.10322270137,0.10519204022499999,0.11315058740399998,0.11412718780799999,0.12015587834800001,0.134984658223,0.139282995001,0.14689895383999999,0.15981442182999997,0.15351327597199996,0.163115653956,0.21424969255,0.27923396559999997,0.3052777258,0.19875783033,0.20637192063,0.216620567755,0.24087597822599996,0.258580283913,0.27499489562999996,0.31617234999999994,0.3491650460974,0.3646965632036,0.3800153378744999,0.211398
Non-residential [Buildings],FIN,MtCO2eq,GHG emissions from non-residential buildings,1.8322185139999998,2.084106646,1.6942189879999998,2.1237853739999997,2.844125768,2.6182278584999996,5.189158448,4.744750627,4.009428911,3.8332549609999997,5.6501694250000005,6.979650634,7.279934829999999,8.658287833000001,7.908635007999999,5.895884843999999,7.838611793999999,7.508822562,6.300683123500001,7.1225341874999994,8.333254678,6.749621116499999,5.965235923,6.1058926425,5.618414961999999,4.7103918904999995,5.122012846,4.770074666,5.1373479192,4.496112049100001,0.812202137
Non-residential [Buildings],FJI,MtCO2eq,GHG emissions from non-residential buildings,,,,,,,,,,,,,,,,,,,,,,0.005694802004,0.0027793375609999997,0.0026169208299999997,0.0030500965099999997,0.00398039211,0.0038325251329999997,0.004033967028,0.004150480348,0.004278930725,0.004164149
Non-residential [Buildings],FRA,MtCO2eq,GHG emissions from non-residential buildings,45.43559449,52.31651390999999,48.674884459999994,45.137317554000006,42.730311848999996,45.12678706,49.44315844,45.6529696,50.61133841,49.48136559,38.93531073,38.47901473999999,36.71615714,40.86404248,41.25392687,42.69959737,39.09843967,38.789649950000005,37.95190006,41.61077806,43.80256804,37.68925206,41.562719879999996,42.344167039999995,35.09478986,37.16702197,37.73154713,39.9720154,36.314782259999994,36.01654185,22.77301516
Non-residential [Buildings],GAB,MtCO2eq,GHG emissions from non-residential buildings,0.05003327455,0.05202762631,0.05303816086,0.056047116370000004,0.11148343528999999,0.1184734084,0.14907925192000002,0.1546127547,0.14816808366,0.12333855723,0.12246545598999999,0.11259518522999999,0.1280635972,0.13028746957,0.14070033022,0.15200013715999997,0.14868077253,0.1900909603,0.1746494602,0.17103376069999998,0.22288369429999996,0.25603648939999996,0.26722399309999995,0.26573916599999997,0.2661617733,0.2721661714,0.2854383418,0.3116837856,0.3055508509,0.3006028115,0.105366
Non-residential [Buildings],GBR,MtCO2eq,GHG emissions from non-residential buildings,74.76580934999998,75.95482862,77.41016451,68.86035831,73.30677979999999,71.93256098,73.32896139,70.90693841,70.64258159999999,70.36559119999998,72.26859823,76.76682095,70.84457887,72.0806943,74.75443531999998,75.71274123,76.08716686,74.70636301,75.79982243,67.76181334,70.08050340999999,65.35237939,72.37220806,69.42238236,60.35375818999999,55.169386759999995,48.460045359999995,44.343478090000005,41.893713219999995,38.66246414,16.42554714
Non-residential [Buildings],GEO,MtCO2eq,GHG emissions from non-residential buildings,3.902363802,3.8943979970000004,3.7249962809999992,3.0141109,2.0470206749999997,1.369041754,0.2447807509,0.47883236439999993,0.41306859589999995,0.7187110682999999,0.7762181698999999,0.34218370049999997,0.18680851829999998,0.2053643328,0.2651386615,0.3661865838,0.40563073769999997,0.514205412,0.4025701199,0.38502826639999993,0.15633132629,0.23056934419999997,0.3300264551,0.5566992623,0.8050875762999999,0.7872149575,0.7466393889999999,0.7502410213999999,0.7524624092,0.8744284187,0.4113858692
Non-residential [Buildings],GHA,MtCO2eq,GHG emissions from non-residential buildings,0.038760279999999994,0.035480564,0.041965457,0.041965457,0.048375811,0.05494906456465999,0.061345597,0.06655189209,0.18207635622,0.15899836392,0.09038021716,0.12590398831000002,0.24368260729999996,0.28950459869999995,0.13012523603,0.19639865729999997,0.3788402589,0.4668896265,0.3624709918,0.38652334110000003,0.6201434808,0.5581606729999999,0.7767103213000001,0.8577230273,0.8233420492,0.9272749898999999,1.0240312293999998,1.2021596885,1.3408843351,1.5061324985,0.0955776
Non-residential [Buildings],GIN,MtCO2eq,GHG emissions from non-residential buildings,0.0006677771699999999,0.0006513786300000001,9.52563975e-05,0.000177399828,0.000196004781,6.77108385e-05,0.000795686955,0.01686951359,0.01710482413,0.026298281589999997,0.03666872944,0.04021865283,0.041328104059999995,0.04127282106,0.04140380148,0.0414050057,0.04215205692,0.043596128049999995,0.04417098904,0.046209290709999996,0.04805489024,0.05152672395,0.05462972318,0.05015171983,0.05104845401,0.05200661574,0.06538966414,0.06510504801,0.0663657989,0.06969309597,0.02311233
Non-residential [Buildings],GMB,MtCO2eq,GHG emissions from non-residential buildings,0.0001087904715,0.000103009341,0.0001122121125,0.0001141053345,0.00011520619499999999,0.0001248523605,0.00012499194749999998,0.001189838457,0.001207638397,0.0012716495259999998,0.003095708281,0.003381221417,0.003450487966,0.003354663503,0.003431445478,0.003434453072,0.003645659103,0.003812514869,0.00404154284,0.0044167797819999995,0.0045390513250000005,0.0051972802949999996,0.005669640456,0.00508777796,0.005341974478,0.0052653107889999995,0.007492067659,0.007698349183,0.007953289238,0.008202203027,0.00467375
Non-residential [Buildings],GNB,MtCO2eq,GHG emissions from non-residential buildings,0.0001335583665,0.00012443477249999998,0.0001278024555,0.000128194824,0.000123661179,0.0001322082435,0.000129216507,0.004365684239,0.004572586223,0.004886249104,0.006814750192,0.007541683194999999,0.007798305322999999,0.008003871148999999,0.008097233561,0.008136305036,0.008323076241999999,0.008690744382,0.008770748181999998,0.009141151622999999,0.009282973581,0.009780638642,0.01056339991,0.010363351129999998,0.01062063498,0.010743433629999998,0.012605495559999999,0.01208938217,0.012230706239999998,0.012975688459999999,0.002590837
Non-residential [Buildings],GNQ,MtCO2eq,GHG emissions from non-residential buildings,2.1139336799999997e-05,2.023829685e-05,2.04388212e-05,2.0653069649999998e-05,2.03102604e-05,2.1485841e-05,1.990129395e-05,0.0009584697430999999,0.0009693243204,0.0009999996546999998,0.0024980474509999997,0.002820788511,0.0033304796129999996,0.003578676983,0.0037967124729999997,0.003863852541,0.00415282908,0.0043972239969999995,0.004727989956999999,0.00504437082,0.004853103919999999,0.013609184946999999,0.11256868837299999,0.24959048204899997,0.261396551933,0.251867384499,0.23623025315299997,0.188923652253,0.17643247806999998,0.189381019496,0.005496409999999999
Non-residential [Buildings],GRC,MtCO2eq,GHG emissions from non-residential buildings,7.1324322385,7.3627208545,8.1944660125,8.6986639515,9.398003757,10.0008641645,9.429172672499998,9.894699157,10.736773537,11.4332676905,12.947129271499998,13.875720593999999,13.948355030999998,14.758262989999997,15.537239408,16.166908044,16.077391031,17.180906306,17.503218566999998,16.935236954999997,14.771383348999999,14.372583085999999,15.401138973,13.373381196,11.5944775405,11.1325354935,10.889224154499999,10.977747063499997,10.5838742679,8.8769273982,0.691761667
Non-residential [Buildings],GRD,MtCO2eq,GHG emissions from non-residential buildings,,,,,,,,,,,,,,,,,,,4.710003725e-05,4.8397051819999996e-05,0.0008699200734,0.005523116318,0.00956311325,0.02201361731,0.010479681,0.009257294886,0.008439559497,0.008313801292,0.008073626583,0.007880302407,0.0067730169
Non-residential [Buildings],GTM,MtCO2eq,GHG emissions from non-residential buildings,0.22914407198999998,0.26638645337,0.4960221881,0.49772565669999996,0.5506943806,0.6120538158,0.5756710153000001,0.6098700355,0.9813879145,0.8664428794,0.9127819144999999,1.0454751991,1.1832567017,0.8739760069,0.9354987817999999,0.8819534017999999,0.8615986282999999,0.9152159934999999,0.7952912089999999,0.8320660300999999,0.7646210009999999,0.7614687769,0.7720148602,0.8958175775,0.9215524559999999,1.2433160015,1.492547288,1.1759756525,1.53861708864,1.5791502361,0.024308030999999997
Non-residential [Buildings],GUY,MtCO2eq,GHG emissions from non-residential buildings,0.043028616119999995,0.07103772053999999,0.06704824108999999,0.06005048182,0.03804180893,0.04103625278,0.03803847464,0.040022361799999996,0.04302144842,0.039042108379999996,0.038071723839999995,0.03706364905,0.039067772259999994,0.07813953783,0.08112131677000001,0.09114998579,0.09612406259,0.1121910393,0.09938645003299999,0.1267499382064,0.135802076489,0.15843534169999998,0.19282361489999997,0.3224618847,0.18394025670999997,0.21698977922999999,0.22715577291999997,0.22461857686,0.23167887487,0.22645022889,0.049930154
Non-residential [Buildings],HND,MtCO2eq,GHG emissions from non-residential buildings,0.215143045455,0.214050226101,0.28142219249,0.27205333081999994,0.30468944009,0.4801538804,0.4128982269,0.46724333209999996,0.6336639122,0.444246084,0.38863399480000005,0.6420412401000001,0.8509377461,1.0683884021,0.9902109772999999,0.9070925874,1.1222719516,0.9498087215,0.9379391088,0.8377401841000001,0.8328245933999999,0.9435443909,0.9553149122999999,1.0734447256,1.0067664273999999,1.083514511,1.1361879122999998,1.157964195,1.2480992316,1.3204895566,0.159623
Non-residential [Buildings],HRV,MtCO2eq,GHG emissions from non-residential buildings,1.5079755599,1.1295049465999998,1.195246586,1.4485976483,1.2877445833,1.4763250478,1.4600077173000001,1.6070404864,1.7907988685,1.8069812485,1.6397909419999999,1.9931691829999998,2.2344983144999997,2.5054654345,2.2017037594999995,2.2411160569999997,2.1867387474999997,2.4091535955,2.2949653454999996,2.092128669,2.0379498424999998,2.100918303,1.9161225529999997,1.807995499,1.5270448215,1.670858932,1.7806667105,1.651441049,1.4185669301,1.5249230449,0.5997002229999999
Non-residential [Buildings],HTI,MtCO2eq,GHG emissions from non-residential buildings,0.047596968659999996,0.04477208963,0.029507640340000002,0.026032955459999996,0.012561015235,0.0185661045,0.03594784477,0.1346415606,0.03276496741,0.05534752659,0.054755293600000005,0.05775276199,0.06714813001,0.06378806995,0.05493394142,0.046632663229999996,0.04780260311,0.08424334738,0.08439364587,0.08976746048999999,0.1514770252,0.24323975180000001,0.2366177969,0.11260665811,0.10390672733999999,0.10016325904,0.10594468006999999,0.09782704618,0.09090726045,0.09187798108999998,0.00200083
Non-residential [Buildings],HUN,MtCO2eq,GHG emissions from non-residential buildings,6.908210884999999,8.343058067,7.414303599999999,8.793845038,9.701626390999998,9.521339533999999,10.460285416000001,10.411518926,10.793436083,10.490263026000001,10.186591102,10.527921212999999,9.521488375999999,9.932425192000002,10.523020486000002,10.060009910999998,9.201993887,8.763975362,8.408529313999999,8.207345118,8.682436441,8.511031636,6.268895083,5.662448446,5.202502243,5.471735466,5.398295898,5.267242085999999,5.0058855300000005,4.928802776,2.915298972
Non-residential [Buildings],IDN,MtCO2eq,GHG emissions from non-residential buildings,4.737856223,5.362218996999999,5.639325244,7.103791909,7.242530541999999,7.6707871149999995,9.878294011,11.131690504,12.538393326,13.771924552999998,15.807402929999999,17.404399164,18.323171022,20.964909451,22.954729223999998,24.775492215,26.255413914,29.413623387999998,33.220281629,34.175717197,32.54684461,38.97778724799999,38.76179335,39.287756490999996,44.839842874999995,46.80975590499999,48.299371496,52.206128668999995,52.92712140999999,56.35047389499999,2.4501879
Non-residential [Buildings],IND,MtCO2eq,GHG emissions from non-residential buildings,28.24501389,31.89738513,31.80481082,32.140427579999994,34.56591378,37.36914075999999,39.61932521,42.91483874,35.19076412999999,40.656014719999995,42.956049979999996,45.963073189999996,49.77910917,53.442936429999996,55.29685968,61.70927506,66.32711139999999,73.52042402,81.38538082999999,90.65511984999999,97.23276176,97.69925158,116.24329726,116.16027712,128.03748430000002,134.39989355,134.87924375,140.24832427,145.88410214,143.91077855999998,26.040204
Non-residential [Buildings],IRL,MtCO2eq,GHG emissions from non-residential buildings,4.759837452999999,5.0366456390000005,5.242852266,5.239154351,5.532088516,5.405656512,5.655713906999999,5.8752582129999995,6.073749019999999,6.521749171,6.627284259,7.243295666,7.3640280979999995,7.395963765,7.192074001,7.775602891999998,7.82061459,8.053598576,8.21728051,7.538581424,7.777074925,6.791611419,7.340237311999999,6.626474454999999,6.04834251,6.67918932,7.072446297999999,6.768645019,6.26280599,5.791625587,1.8734937699999998
Non-residential [Buildings],IRN,MtCO2eq,GHG emissions from non-residential buildings,18.636909576999997,20.061964109,21.497773307999996,22.112374839999998,25.37539928,24.885656289999996,27.16538681,26.587451049999995,27.32048974,28.3532019,29.986378919999996,31.538641509999998,32.644679,33.394941149999994,36.14002479,38.93304348,42.80094165999999,45.52091434999999,47.57725312,45.871069549999994,45.43260686,40.62761869,40.405069499999996,42.10986677,42.66749973,46.86316331,44.92662754,44.48911184,43.91886956,42.67863953,18.175447399999996
Non-residential [Buildings],IRQ,MtCO2eq,GHG emissions from non-residential buildings,,,,,,,,,,,,,,,,1.508482182,0.6728684381,0.4557760971,1.20453961,1.9391550149999999,2.6742349599999997,2.1922035479999997,2.676590629,3.37503572,3.2531141519999998,3.537547347,3.1976720899999997,3.4330716729999997,3.446392134,3.91955916,
Non-residential [Buildings],ISL,MtCO2eq,GHG emissions from non-residential buildings,,,,0.001000841364,0.001001100235,0.003002652643,0.002002024981,0.0020011180899999997,0.008003990404,0.01301403613,0.00100188747,0.0010017202449999999,0.0020034755,0.0020035778929999998,0.002002995476,0.002003296391,0.002002584637,0.005915376124,0.003911538809,0.003913962424,0.003914100952,0.0029102589999999997,0.006115435999999999,0.0029102589999999997,0.0042003174564,,,0.0027485746949999995,0.0007620757331999999,0.0016232249077,0.00048445899999999996
Non-residential [Buildings],ISR,MtCO2eq,GHG emissions from non-residential buildings,4.954294846,4.963635656999999,5.782160254,6.325317418999999,6.543191136,7.156322132,7.873964249999999,7.406138052,7.771874683,9.448190227,10.151123839999999,9.1271340725,13.6217111995,11.545456638,11.927350383499999,11.866051069,12.5425140015,13.462446107,13.4158382405,13.457060462,14.233686063999999,15.239086302999999,17.16013877,14.069112552,11.8247632495,14.146321951,13.557079754500002,13.237394039,11.6742978224,11.8390567464,0.324972809
Non-residential [Buildings],ITA,MtCO2eq,GHG emissions from non-residential buildings,34.148424590000005,36.043360469999996,36.140192760000005,36.60976698,36.413111130000004,40.04738965999999,40.385951999999996,40.67260647,42.565122120000005,42.361101659999996,43.35461135,43.836286869999995,46.10039414,50.95734040999999,51.93873314,55.488601499999994,57.77757831999999,56.91976959,60.8072961,56.56902306999999,56.73933751999999,53.48531828,53.600379419999996,48.834404510000006,44.283456009999995,47.481605650000006,47.16209136,47.22438972,44.43734118,41.62696603,15.87484269
Non-residential [Buildings],JAM,MtCO2eq,GHG emissions from non-residential buildings,0.8814060189,0.9940488774999999,0.8710705406,1.1809337709999999,0.9181159376,1.08560081,1.0598650585,1.1174397605,1.1715867594999998,1.1590610145,1.174149283,1.184963129,1.229315039,1.305650961,0.6634755200999999,0.6415681853,0.6240011175,0.7254812663999999,1.4645129834999997,1.556669546,1.6070041555,1.1920100349999998,1.1177300191,1.0567781134999998,0.2414716471,0.25434495463,0.38857313678999994,0.4601522488,0.6966346189999999,1.1381422960999998,0.28307340999999997
Non-residential [Buildings],JOR,MtCO2eq,GHG emissions from non-residential buildings,0.4538931243,0.5207711135,0.6818944443999999,0.9548447586000001,1.2584127184999998,1.1158112114999998,1.4941684215,1.561037447,1.667765224,1.510789805,1.824977882,1.8358053895,1.895173577,1.946037931,2.010172338,2.1078066569999994,2.2804023179999997,2.3839760174999998,2.153969838,2.2106296129999996,2.232504091,2.2232059704999996,2.4336869935,2.3928968079999997,2.4321209145,2.271803608,2.0646374435,2.201744333,2.0210544654,1.9432787436,0.417192
Non-residential [Buildings],JPN,MtCO2eq,GHG emissions from non-residential buildings,132.61645784,138.79457090999998,145.54263449,149.51203717,162.35250067,168.80779737,168.70675353,173.39979165,181.06683532999998,194.60811606,200.80114082999998,203.38640049,218.90857776,224.23615223,226.2698818,227.3332617,224.00768044999998,239.66369603,233.86287675999998,216.30185221,222.65664076999997,246.4299007,255.11776246,264.64367502,255.87111978,246.01566182,245.76116012,239.72276148,224.76986027,216.72231489999996,46.12261289999999
Non-residential [Buildings],KAZ,MtCO2eq,GHG emissions from non-residential buildings,7.586928030999999,7.777191386999999,7.523261496999999,6.472529549,4.86984524,4.422996362,3.936070736,3.307708849,4.1371488549999995,4.327219715,2.1886587709999996,2.0593213169999998,2.423798422,2.242014834,2.5337949239999995,2.586895093,2.685045787,3.2970789359999997,23.65622019,13.740178251,14.687813156999999,17.99174497,13.034741813999998,19.273752510999998,20.923759133,21.711322147,22.574441999,25.758780814999998,24.784175519999998,23.822819402999997,6.735265
Non-residential [Buildings],KEN,MtCO2eq,GHG emissions from non-residential buildings,0.034796483419999996,0.030385984029999997,0.01401008023,0.01701430318,0.022024205170000002,0.04403890543,0.06006074943,0.06903857411,0.15407681529999998,0.2262440126,0.4919267475,0.3606192881,0.2404170601,0.1923434777,0.3204792761,0.3836312589,0.4295544047,0.4187129859,0.3344274562,0.40348877639999997,0.3081794793,0.3652000418,0.2838048513,0.3780120221,0.23385800729999998,0.162853842,0.3051595705,0.3116462866,0.17844761550000002,0.16616584969999998,
Non-residential [Buildings],KGZ,MtCO2eq,GHG emissions from non-residential buildings,,,,,,,,,,,,,,,,0.3495752202,0.3374355114,0.33256629499999996,0.4025144832,0.3804035977,0.29914490169999997,0.33309454369999997,0.36102383909999997,0.5112470983,0.8251823271,0.8623553438999999,0.9452897426,0.6878975546999999,0.7499384861999999,0.8925245044,0.5179305775999999
Non-residential [Buildings],KHM,MtCO2eq,GHG emissions from non-residential buildings,,,,,,0.04303802121,0.050050624519999996,0.06303521983999999,0.08204090165,0.08609285437,0.1082038467,0.1322270723,0.164284991,0.18032201039999998,0.18227258829999998,0.2133510656,0.2613372952,0.34558846919999997,0.351449213,0.2750147381,0.3543562091,0.38681604519999996,0.355404889,0.3155098483,0.6184457717999999,1.1655131129999998,1.8384255484999998,1.9070782064999998,1.9362274179,1.9639060269,0.41851499999999997
Non-residential [Buildings],KIR,MtCO2eq,GHG emissions from non-residential buildings,,,,,,,,,,,,,,,,,,,,,,0.0001559932098,0.00013956115019999997,0.0001048829861,9.349302316000001e-05,0.0001004571858,0.0001068966434,0.0001100397442,0.00011321770119999998,0.0001167213385,0.0001135905
Non-residential [Buildings],KNA,MtCO2eq,GHG emissions from non-residential buildings,,,,,,,,,,,,,,,,,,,3.8981047359999994e-05,4.2215388629999995e-05,0.0007383272253,0.004855736899999999,0.008162204967999999,0.01657859386,0.009464361612,0.008209381096,0.007478106928999999,0.006252867655,0.006072253009,0.005926842880999999,0.005094042
Non-residential [Buildings],KOR,MtCO2eq,GHG emissions from non-residential buildings,31.367318853,37.272320719999996,46.04033128,56.100806969999994,62.73304442,69.51900961,76.35453576,83.26926085,66.18221416,72.04535822,72.83870367,76.36162306,73.98859787,75.93197744,81.82793142,86.59622883,84.60074948999998,86.7462649,90.33742692,99.72026944,108.61293087,110.48123217,110.34760412,107.592709,100.65073935999999,105.91741456999999,109.49083758,109.36344671,111.90844729,107.15418081,17.160759199999998
Non-residential [Buildings],KWT,MtCO2eq,GHG emissions from non-residential buildings,0.22815173199999997,0.07403931436999998,0.18813536309999998,1.655391616,2.430671371,1.994762239,2.591621338,3.0537062059999998,5.014499988,6.336834514,6.939072614,8.06885657,8.511765664,2.5104831,2.7130573719999997,3.132153907,3.362339606,3.456886398,3.660678982,3.844184114,3.995290969,4.021213647,4.039455620999999,4.031794007999999,10.61814867,10.91422323,11.06978849,10.77363198,10.66567671,10.48702001,
Non-residential [Buildings],LAO,MtCO2eq,GHG emissions from non-residential buildings,,,,,,,,,,,,,,,,,,,,,,0.005898380696,0.005985504278,0.004548235773,0.004201159342,0.767994448078,2.278197979096,2.891700168162,2.983348201863,2.7406613239809996,0.004661
Non-residential [Buildings],LBN,MtCO2eq,GHG emissions from non-residential buildings,,,,0.6385367901,0.5916502389,0.6065358338,0.8338434044999999,0.9945556908,1.337666896,1.360467315,1.208276288,1.280198473,1.4304815069999999,1.4365653489999999,1.251872172,1.235032225,1.3817833999999998,1.3513009999999999,1.6140630519999999,1.676184718,1.891238238,1.96445517,1.871306899,2.053497669,2.252002853,2.402596805,2.458285458,2.605323256,2.5198372069999997,2.537450269,
Non-residential [Buildings],LBR,MtCO2eq,GHG emissions from non-residential buildings,0.00035121670099999997,0.00031607657999999995,0.000295314427,0.00026846216399999996,0.0002451517215,0.00025920543450000004,0.000270322542,0.007327502828999999,0.008322703568999999,0.009674563222,0.014359806689999999,0.0163599632,0.017211479189999997,0.01791770808,0.01866483781,0.019569810089999997,0.02058952142,0.02131944949,0.02163902918,0.02252175204,0.02476753971,0.026893842919999997,0.03000793962,0.02916098107,0.031624062689999996,0.032341993539999996,0.03953057903,0.040204223909999996,0.04076374134,0.04322008290999999,0.01025767
Non-residential [Buildings],LBY,MtCO2eq,GHG emissions from non-residential buildings,,,,,,,,,,,,,4.356557476,2.6196780950000003,2.479708399,5.1945475420000005,6.290118346,4.826218100999999,9.026537478,9.757000984,10.36868352,8.156803132,6.927646333999999,6.848334512,5.330967425,2.8328526349999996,2.143120656,2.2678718620000002,2.375706441,2.3302316800000002,
Non-residential [Buildings],LCA,MtCO2eq,GHG emissions from non-residential buildings,,,,,,,,,,,,,,,,,,,7.132435844e-05,7.363197288e-05,0.001336513597,0.008632155844,0.014630703359999999,0.02975144755,0.016931655129999997,0.0144091542,0.0129147823,0.0130004937,0.012624924709999999,0.012322528179999999,0.010591086999999999
Non-residential [Buildings],LKA,MtCO2eq,GHG emissions from non-residential buildings,0.037943016982,0.12133139499,0.3377575814,0.1644232376,0.14754903409,0.13645310993,0.32764344489999997,0.4121374627,0.3567075115,0.4820538952,0.7622065860999999,0.6966056407,0.8108959407,0.9244708308,1.0002038344,1.1237481744000002,0.8734775700999999,1.1196541654,1.1025549068,1.2146991489999999,1.0293157437,1.5071155495,1.877571071,1.2233019355,1.9296799224999999,1.9879075094999998,2.5240142884999996,2.797796953,2.341898447,2.8367206008,0.15362499999999998
Non-residential [Buildings],LSO,MtCO2eq,GHG emissions from non-residential buildings,0.00021924777599999999,0.00020754768749999997,0.0002157270165,0.0002174736135,0.00020570138549999998,0.0002160214395,0.000209915388,0.003499851055,0.003626032546,0.004657917841,0.007100294427,0.0076643011439999995,0.007846178639,0.007734615148,0.007787092711,0.007754258415,0.007826532683,0.008958580078999998,0.008271982143,0.008875634024,0.008918406125999999,0.009639387555999999,0.010699625729999999,0.010023367299999999,0.01016358144,0.009993133474,0.01286941338,0.013393172609999998,0.013709578909999999,0.01427231352,0.005963199999999999
Non-residential [Buildings],LTU,MtCO2eq,GHG emissions from non-residential buildings,5.631845148,6.458259059,3.085335365,2.260035734,2.454016166,2.0835993492,1.9926249539999998,1.7619752597,1.7647403345,1.5592408115,1.1829198665,1.1955491222999999,1.1607932416999998,1.1781779051999999,1.2156433810999998,1.2908619831,1.309259783,1.2678745959999997,1.1140763621,1.1694785998,1.3622969716,1.1157194032,1.1229579834,0.9506185666,0.7743315234,0.7262154886,0.6666880921,0.5993857375999999,0.5924001233999999,0.5312544544000001,0.3049792339
Non-residential [Buildings],LUX,MtCO2eq,GHG emissions from non-residential buildings,0.2651763551,0.30316097639999995,0.2942116848,0.3132633469,0.23425745499999998,0.14913174789999997,0.13013162379999998,0.07704304647,0.029014798219999995,0.03203504996,0.6316777177,0.6582190131,0.8536201795999999,0.9210412752,0.9152442887,0.9045226815999999,0.8787383717999999,0.8281836261,0.8155863709,0.8732357275,0.9867717860999999,0.7585816461,0.8804918922999999,0.8023676236999999,0.6706646643999998,0.7037778425,0.6647619261,0.7394763981,0.7327077805,0.7351840687000001,0.49861629999999996
Non-residential [Buildings],LVA,MtCO2eq,GHG emissions from non-residential buildings,3.425721507,3.4388416509999997,2.5831235959999996,2.0588065641999997,1.9845148686999998,1.7550213078,1.5241445335,1.5774102374999999,1.4397560063999997,1.2517589613999998,1.0825989471,1.1150306496,1.1238463778999999,1.1448662175,1.1392942601,1.0824341902,1.1713201635,1.1532298771,1.1042256465999998,1.0347353603,1.1853863533,1.1008031965,1.0344064845999998,1.079334233,1.0008362471,1.0239448273,0.9777005197,0.8687617494,1.0588564665999998,1.0364554546,0.3399088251
Non-residential [Buildings],MAR,MtCO2eq,GHG emissions from non-residential buildings,1.5211942795,1.520584711,1.5823574944999999,1.8371922255000002,1.9500596024999999,2.1730697895,1.92713272,2.0424145245,2.0290291465,1.8464151785,1.775927952,2.2388215965,2.3652607064999995,2.4005357145,2.8027914074999996,2.9741688995,2.990322223,2.922542495,3.4478351035,3.1725346109999992,3.410634962,3.774092997,3.8907990514999997,3.717251449,4.0791317665,4.299726585,4.2386832045,4.522790475500001,4.597100748,5.592285378900001,0.36705718
Non-residential [Buildings],MDA,MtCO2eq,GHG emissions from non-residential buildings,0.02648837296,1.3511893524999998,1.393785584,3.4519697920000003,2.1412934089999998,2.1273731995,1.3755886963,1.2361757185,1.4713198451,1.5354172723,0.967749856,0.7484770137999999,0.8283824631,1.0072241111999998,1.0287823081,0.9837130631,0.980914143,0.8907581691999998,0.9313917929,0.9906801699999999,1.2036601518999999,1.1548389811,1.1746658748,1.0023327628999998,0.9984909919,1.1840668622000001,1.2109034809,1.0189679151,1.1143289252,1.1245594939999999,0.29644750799999997
Non-residential [Buildings],MDG,MtCO2eq,GHG emissions from non-residential buildings,0.001190999685,0.0011970054449999999,0.0013273492049999999,0.001434760815,0.001511615775,0.001729699935,0.0018328594199999999,0.02054043491,0.02180032001,0.02273741544,0.03519810329,0.037985823989999994,0.03776917618,0.040181745459999994,0.04170653034,0.04201126157,0.04811269155,0.049756472419999996,0.050893867749999995,0.05058836512999999,0.051592755879999994,0.054659383809999997,0.059473626679999995,0.05882681139,0.06109787443,0.06296261059,0.07728448771,0.07701949073999999,0.07827140768,0.08307568164,0.02197822
Non-residential [Buildings],MDV,MtCO2eq,GHG emissions from non-residential buildings,,,,,,,,,,,,,,,,,,,,,,0.0031721060959999997,0.0036622237479999997,0.0028691679819999997,0.0034219313619999994,0.002616892969,0.002766420527,0.0029001525099999997,0.0029839062189999997,0.0030762665839999996,0.002993737
Non-residential [Buildings],MEX,MtCO2eq,GHG emissions from non-residential buildings,8.672828337999999,12.145650969,12.73866033,13.491214144,15.256084873999999,14.108425600999999,15.333182605,16.186319884,17.836520085,17.53924062,19.40755671,20.089050379,20.351752478999998,17.948476556,18.589347583,18.917644855,18.937556064,19.065815352,18.143499093000003,19.194090993,18.776073324,19.074606662,19.389382744,20.014637342,19.146100160999996,20.169600368999998,20.213681713,20.226304099,20.828567465999996,19.291397655999997,3.5055172
Non-residential [Buildings],MKD,MtCO2eq,GHG emissions from non-residential buildings,0.34515262210000003,0.4294558176,0.39929632670000004,0.6233723977999999,0.4283149868,0.6604311239999999,0.7736281452999999,0.7952971860999999,1.0878497039000001,1.4215545277,1.1570791535,1.122218337,1.2900423622000001,1.45658202,1.3604280274,1.3857267658,1.341789122,1.3561740954999997,1.2693637135,1.5719668254999999,1.3838756104999999,1.3394456415,1.422840893,1.1756541161,1.0902499786,1.0825374018999998,1.0356063029,1.1981976748999998,1.0655763674999998,1.2466148559,0.20813782699999997
Non-residential [Buildings],MLI,MtCO2eq,GHG emissions from non-residential buildings,0.00023239417349999998,0.0002201515725,0.0002294311755,0.0002338064655,0.000231897408,0.0002497663035,0.00024914461349999996,0.009908384926,0.01008909687,0.0105460971,0.01621059373,0.017662978169999996,0.0181988158,0.018090020369999998,0.018263762589999996,0.01834135943,0.019413154369999998,0.02099697393,0.02272269698,0.025960161359999998,0.02572927101,0.02914513261,0.032885759339999994,0.03124451401,0.032092295279999995,0.03303375254,0.0447987116,0.05038009069,0.051961439400000003,0.05452771108999999,0.02899099
Non-residential [Buildings],MLT,MtCO2eq,GHG emissions from non-residential buildings,0.031020630219999998,0.024012750609999998,0.02301656038,0.032026923639999996,0.5145655208,0.46441027539999996,0.48248802039999994,0.5222918215,0.5212598750999999,0.5445873578999999,0.5109626094999999,0.6891835283,0.6761729814,0.7363148757,0.7140678871,0.7202723383999999,0.7618112148,0.7863952736,0.7560472509,0.7363313223999999,0.9036876763999999,0.9102452256,1.0083234528,0.8634500736999999,0.879685918,0.5302640353,0.3825156046,0.4260184244,0.40489878314999994,0.41869271088,0.072469117
Non-residential [Buildings],MMR,MtCO2eq,GHG emissions from non-residential buildings,0.1470978272,0.18109616080000002,0.1771274429,0.24420529279999997,0.29432346909999996,0.37132804350000004,0.41341815860000003,0.4872722549,0.5782883067,0.5946413429999999,0.4418323741,0.36562788929999995,0.3546151636,0.40372094549999993,0.39058411779999996,0.4527449843,0.4495802511,0.45878121419999995,0.4215387996,0.3071332477,0.41960593589999995,0.4576246777,0.5049345528,0.4689711045,0.6198847663999999,0.5436032256,2.3510714454999997,2.9948025300000003,3.1192745719999997,3.687062091,1.504492311
Non-residential [Buildings],MNG,MtCO2eq,GHG emissions from non-residential buildings,0.8705820403999999,1.777170006,1.4326994692000001,1.8278174309999997,1.4810860056,0.8591997407,0.6209950213,0.7070193694,0.71764704,0.8759761898,0.9528963540000001,0.6321677434999999,0.5837213349999999,0.6779243210999999,0.8573449276999999,0.6911372549,0.8059021698,0.7013750215,0.6601110884,0.9677855302999999,1.0272767664999998,1.0825572669999999,1.2726389070000002,1.175146127,1.354563806,1.4918216149999999,1.5137915739999999,1.7460180619999999,1.700379863456,2.0067106799822,0.00043638
Non-residential [Buildings],MOZ,MtCO2eq,GHG emissions from non-residential buildings,0.0220146408,0.02301221933,0.018012960289999998,0.012010096359999998,0.0050055011750000005,0.006005305285,0.031796568942999995,0.029589230315,0.033072205201999993,0.033074528808,0.15154341690900003,0.030128196745,0.03333339125,0.043079778947,0.043417086737999995,0.035818163,0.0421342565,0.052657232708000004,0.051655527,0.061345597,0.061345597,0.0711485378921,0.1910743304497,0.2076174952454,0.2137770856965,0.24034343412700002,0.34396146294999996,0.34722652742,0.36619376542,0.41261204267999996,0.11763743099999999
Non-residential [Buildings],MRT,MtCO2eq,GHG emissions from non-residential buildings,0.0003028568965,0.000288529848,0.000303469789,0.0003088479145,0.000307070899,0.0003309853835,0.00032936669649999997,0.003148378976,0.00328095055,0.0035064388279999995,0.009618148067,0.01023115767,0.01092486001,0.010709400519999999,0.01117119514,0.01135313214,0.01154125455,0.012823804729999999,0.015396408859999999,0.016223025159999998,0.015762278299999998,0.01879931049,0.02260246828,0.018157809599999998,0.02026117437,0.019447859919999998,0.02796511521,0.031041683799999997,0.0322383954,0.03305006775,0.021938959999999997
Non-residential [Buildings],MUS,MtCO2eq,GHG emissions from non-residential buildings,0.08906759824999999,0.1042455888,0.11010560769999998,0.12350804929999999,0.1571011857,0.1661288812,0.1793199428,0.1832276179,0.2145186014,0.258055012,0.2831185195,0.31658049489999995,0.3272167658,0.3718904018,0.38879850579999997,0.44858607049999993,0.5408932067,0.5869133869,0.6189279021999999,0.6395428335,0.7028014474,0.7254242087999999,0.7553163968,0.7909938243999999,0.8342695240999999,0.8352864575,0.8389063683,0.8727052487,0.8396806396400001,0.8391936406199999,0.0406484
Non-residential [Buildings],MWI,MtCO2eq,GHG emissions from non-residential buildings,0.001194307545,0.001100960205,0.0011473464899999998,0.001095517485,0.0010927492050000001,0.0011038751099999998,0.00105458565,0.011326407450000001,0.01160727405,0.01218001504,0.017295643,0.01847450798,0.01867063776,0.01889872258,0.01916712613,0.018833616600000002,0.019301537369999996,0.019820127400000002,0.02077611409,0.020943255759999998,0.022028426979999998,0.022958520929999997,0.02459406114,0.0239379363,0.0243722937,0.024086508939999998,0.02904055236,0.02858522275,0.028968452059999997,0.030941362309999998,0.00672806
Non-residential [Buildings],MYS,MtCO2eq,GHG emissions from non-residential buildings,5.7500934875,6.5795769065,6.500959014999999,7.22204134,7.462619406999999,8.416326031999999,10.335809523,9.164170749,10.65755571,11.188173357999998,12.692977556999999,13.699772004,15.876101420000001,15.114652807999999,16.793103886999997,19.377084772,20.263404475999998,24.452275396999998,24.900017737,25.931136579,34.199133171999996,32.12755868,31.922539584000003,33.01628784,34.017120579,35.53059682,34.199741431,34.068998693999994,35.477014245999996,36.884837906,2.1129961
Non-residential [Buildings],NAM,MtCO2eq,GHG emissions from non-residential buildings,0.000120433083,,,,,,0.017555634352,0.017457770588,0.017744036606,0.0104982943874,0.0131123698444,0.013125543710499999,0.009729874999999999,0.010020248607699999,0.009799063099339998,0.0068628736769,0.007721388276999999,0.007871735474999999,0.008056557252,0.007125376192699999,0.0066367067212,0.006568005268299999,0.0069414678621999995,0.0068332080595,0.006523668929099999,0.0066434134781999995,0.0068531074195,0.0069618710997,0.0066374317334999995,0.0068390744955,0.00597989
Non-residential [Buildings],NER,MtCO2eq,GHG emissions from non-residential buildings,0.003973164228,0.003924609931,0.003997298059,0.005024931155,0.004016244855,0.004095806533,0.004096109251,0.019492763845,0.020063370072,0.020141660744,0.03706983637,0.02504300611,0.033057345759999995,0.035062613129999996,0.036053918559999995,0.032052742249999995,0.02002584637,0.0250426427,0.02703455484,0.028103695869999997,0.04416904589,0.03611868546,0.0391109159,0.036096638720000004,0.05075216328,0.06031623779,0.21274409,0.13607497,0.17435275346999998,0.19370051686999998,0.028861780999999996
Non-residential [Buildings],NGA,MtCO2eq,GHG emissions from non-residential buildings,2.0757704015000003,2.0287356535,2.0171332505,2.1947062259999996,1.932676654,2.0214184410000002,2.154770202,2.162979675,2.138791236,2.256518506,2.367471202,2.2087713959999995,2.3045405495,2.2408178475000002,2.6450091615,2.5643065474999998,2.622953543,2.643811643,2.280756219,2.369968822,3.183400211,3.4414953779999995,4.158141702,3.9655866009999996,4.498130041,4.60650153,4.829193205,4.3005092750000005,4.583257787999999,4.3665261616999995,0.00367033
Non-residential [Buildings],NIC,MtCO2eq,GHG emissions from non-residential buildings,0.20351011749999998,0.21176733490000002,0.26672158679999997,0.27079049569999997,0.3567064046999999,0.34040866039999995,0.396313151,0.4276743051,0.5677188828999999,0.5746208703,0.6402408706999999,0.6629466533999999,0.6748082006999999,0.6855022201000001,0.8438170057000001,0.7465057708,0.8462179074,0.8176350380999999,0.7579423295,0.8705983541000001,0.8559825392,0.9349931158999999,0.8663964845,0.8519628581,0.8827048412999999,1.0072217703,0.9964835556,0.9670203640999999,0.9166328856999999,0.9564941119999999,0.42797072999999997
Non-residential [Buildings],NLD,MtCO2eq,GHG emissions from non-residential buildings,18.233851499,19.719723715999997,19.303406095,20.393307432999997,19.734338769999997,20.891376505999997,22.890977229999997,22.213146627999997,23.018467304,21.248301402,22.178424346,24.057034064,24.080895758,25.112678969999997,26.320705751999995,24.582936177,24.231398119999998,24.729086653,25.199659177,26.364452347999997,27.659768119999995,24.353985681,24.831858945999997,24.622237490999996,23.866432689999996,26.545400325,25.63216264,25.054304112999997,23.283543984,22.474124716,7.868027629999999
Non-residential [Buildings],NOR,MtCO2eq,GHG emissions from non-residential buildings,1.2087496903,1.0462085126,1.0504818156999998,1.0717817084,1.1688536501,1.0957025959999998,1.4891047099999999,1.2263467604,1.1993791468,1.3335648448,0.9950490583999999,1.3099916614,1.5939375065999999,1.4623181666,1.1953305389,1.0257367069999999,1.1164471861,1.1590461536,1.0826572406,1.4988513568,1.9890963819999998,1.6409369026999998,1.4631468562,1.4645465502,1.3646975951999998,1.3444391139,1.5735529481000001,1.7065489613999998,1.7274791700999999,1.6344673953,0.90010287
Non-residential [Buildings],NPL,MtCO2eq,GHG emissions from non-residential buildings,0.0396938655,0.051913797171,0.063223142271,0.070940733821,0.082198352788,0.09206026149100001,0.105588570345,0.12046167924299998,0.128134646467,0.14030621244099997,0.161219322896,0.19684389746599998,0.221961051,0.24896289344699996,0.238407219738,0.256306841891,0.18731304613699998,0.18382572220799998,0.189337958809,0.217402532924,0.2457874335,0.27397461749999996,0.30224933049499997,0.328699747909,0.365361805,0.3220548865,0.509379283,0.5803905215,0.6423591457,0.6623985257,0.6228404
Non-residential [Buildings],NZL,MtCO2eq,GHG emissions from non-residential buildings,1.5697695546,1.6247321981999998,1.9946251921,1.4869607856,1.6000208786999999,1.6084023083999999,1.6029264484999999,2.0118175935,1.9318208879999996,2.2021820699999997,2.218982545,2.563363981,2.3602767995,2.84914394,2.913798384,3.310241009,3.2524105755,2.9588609454999997,3.1624948655,2.5250033684999997,2.4764550065,2.3056648799999997,2.7940610899999996,2.5127324929999997,2.3081871799999996,2.3023970965,2.0534119915,2.2474835420000003,2.1259356417,2.315678864,0.8983175069999999
Non-residential [Buildings],OMN,MtCO2eq,GHG emissions from non-residential buildings,1.310871793,1.305693314,1.472059144,1.610353754,1.7168869029999998,1.8716534809999998,2.045068518,2.0831639319999997,2.2121028480000002,2.4436355529999996,2.556816822,2.8218459289999998,3.048287974,3.1746691719999998,3.600384368,3.288411026,3.538567054,3.704307708,4.386886273,6.184958828999999,9.081316894,11.344138786,14.10350328,14.242853322,13.924335438999998,15.568844201000001,15.518946492999998,14.708958128999999,15.404182043,15.049802131999998,9.536719999999999
Non-residential [Buildings],PAK,MtCO2eq,GHG emissions from non-residential buildings,3.385835412,3.496427324,3.8586412259999996,4.19795416,4.244160843,4.932839817,5.3612862009999995,5.850554353,5.690593159,7.442365709,6.329889434999999,6.488947811999999,6.07467197,5.8342034289999996,6.636838830999999,7.391203954,8.275250424,8.748554911,8.872145026999998,9.200816866,8.793863179999999,8.528943542999999,8.793344817,9.105256030000001,9.105676601999999,9.726243412,10.569325565,11.538840982,10.907458125,10.956423759,3.60437037
Non-residential [Buildings],PAN,MtCO2eq,GHG emissions from non-residential buildings,0.300089962,0.44557337719999995,0.6258426453,0.5652840483,0.6126535568,0.6889715844000001,0.5630920308,0.708372166,1.1605122205,0.7020432956,0.7697879121,1.322201387,1.0239250411,1.3023949819999998,0.9592879068999999,1.0074312484,1.1736551364999999,1.458142648,1.1718018585,1.5897460825,1.7551879474999998,1.895941546,1.750380061,1.640452339,1.841412804,1.7167829399999999,1.752269587,1.3897344225,1.2627721772,2.6987863117,0.14608935
Non-residential [Buildings],PER,MtCO2eq,GHG emissions from non-residential buildings,0.668588366,0.43453900799999995,0.511491934,0.422275797,0.38738034499999996,0.473587107,0.675780194,0.502278,0.7899963919999999,0.8305723974,0.6023976096999999,0.5062600063,0.9009566228,0.46265264859999994,0.8492206119999999,0.795973016,0.6069821935999999,1.2844887095000002,1.7024125555,2.080932753,2.535893937,3.047758616,3.106964762,3.245633246,3.377150711,3.295897459,3.2988264665,3.1006437095000003,2.8678404889999998,2.9978423511,0.66073313
Non-residential [Buildings],PHL,MtCO2eq,GHG emissions from non-residential buildings,2.4649122574999995,2.908954346,3.2301430015,3.1223038895,3.7997986929999996,4.382830923,4.927582612999999,5.720794036999999,6.42206457,6.219009245,7.458996391,7.847632482999999,7.764438502,8.130023250999999,8.388901196,9.055386587,8.444834948999999,8.831447272,9.791140501,10.949435187999999,12.326471082,12.952955928000002,13.743964242999999,15.840429326,17.525253769,18.370328489,20.444167712,23.760913519,25.13095545,26.930347906999998,5.260483
Non-residential [Buildings],PLW,MtCO2eq,GHG emissions from non-residential buildings,,,,,,,,,,,,,,,,,,,,,,,,0.0016071560409999998,0.0026002039939999996,0.002388969896,0.0022870596999999995,0.002390931501,0.002459978152,0.002536185531,0.0024663299999999997
Non-residential [Buildings],PNG,MtCO2eq,GHG emissions from non-residential buildings,,,,,,,,,,,,,,,,,,,,,,0.00797434909,0.01209439484,0.009687180515,0.009150292483999999,0.00926558808,0.015299135759999999,0.014483148769999999,0.014775872859999999,0.01529048794,0.01513179
Non-residential [Buildings],POL,MtCO2eq,GHG emissions from non-residential buildings,37.688121939999995,37.278500041,37.169521839999994,37.876548295,32.200934714,30.925310591,34.384335598999996,31.723639825999996,35.510435463,39.211722492,40.332570092999994,42.503587267,44.421017739,46.530483729,48.64124132599999,50.199471124999995,55.696993553,52.34917600499999,56.581461815000004,55.984623336,59.188404659999996,58.47651231,56.268643112,54.86811938099999,52.060955664000005,52.064728917,53.775264199,51.644108298,50.85742079199999,46.75731895,7.24062688
Non-residential [Buildings],PRK,MtCO2eq,GHG emissions from non-residential buildings,,,,,,,,,,,,,,,,,,,,,,,,,,,,0.21612933189999997,0.18983571729999998,0.21677818059999998,
Non-residential [Buildings],PRT,MtCO2eq,GHG emissions from non-residential buildings,3.5539589519999994,3.80765298,4.6282403145,4.4535235865,4.4062333925,5.480955599,4.5151753725,5.321803348,6.348195736999999,7.774171644999999,7.415954814,8.686495387999999,9.682041936000001,8.061309391,8.347653617,10.268040186,8.750811962999999,7.857398568,7.410315714999999,8.050482407999999,5.734283929999999,6.3971800299999995,6.7440818579999995,5.809893221499999,6.1051293615,7.656895039999999,6.973579254,8.136727998,6.820622543099999,5.080138407,0.9036063
Non-residential [Buildings],PRY,MtCO2eq,GHG emissions from non-residential buildings,0.0024291254909999996,0.003429522551,0.003429900033,0.0034301427270000003,0.002429560235,0.015440839,0.004431497471000001,0.004430137135,0.004429956402,0.0044316991059999995,0.0014284599999999999,0.0014568399999999998,0.0014284599999999999,0.0014284599999999999,0.0014284599999999999,0.0014284599999999999,0.0014284599999999999,0.0014284599999999999,0.0014284599999999999,0.0014284599999999999,0.0014284599999999999,0.001419,0.002431303997,0.0024311444089999998,0.0024236004564,0.00243373063,0.0031952431819999997,0.0031872240973999993,0.0031752014036,0.0031721661744999997,
Non-residential [Buildings],QAT,MtCO2eq,GHG emissions from non-residential buildings,0.34222759789999996,0.4502390739,0.41830096679999995,0.5975022942,0.6607261551,0.7586702343999999,0.8248342920999999,0.7724315827999999,0.7763870692,1.17526757,1.209278176,1.325275884,1.426474556,1.531735299,2.172248593,1.714821711,1.964535529,2.015431884,2.123714475,2.163984582,2.1974100329999997,2.2855101519999996,2.39078009,2.954910953,3.219279377,3.4933154389999994,3.5598614819999996,4.041476684,4.16998741,4.31053763,
Non-residential [Buildings],ROU,MtCO2eq,GHG emissions from non-residential buildings,4.192788407999999,1.996059894,4.378097607,2.6140438689999996,2.953896307,3.0686682094999997,4.762625149,2.039824344,3.2266939589999994,3.5262880785,3.8804499714999996,6.196895135999999,3.002057983,5.654229389999999,4.790853738,6.312654533,8.758908589999999,8.305580883,7.6820617239999995,7.534686268999999,7.636150203,8.361957832,7.905229288,6.885588802,6.717874104999999,7.007239015,6.751641577999999,6.680507206,6.5849499069999995,6.185123566,2.20572761
Non-residential [Buildings],RUS,MtCO2eq,GHG emissions from non-residential buildings,245.4417616,259.48930859999996,138.96773684,88.84921908000001,104.43113629,88.31478919999998,98.60875062999999,87.74137046,97.09336234799999,100.88174168,89.89585066,79.77281383799999,80.588965149,82.34600214,83.195349802,143.42278037999998,143.4881356,156.63088793,168.91638364000002,158.39626632,160.27830512999998,159.28771627999998,156.86666596999999,161.97732691999997,148.15273563999997,148.49107954000002,142.40915225,146.9539523,143.02882855000001,148.53025202999999,17.101028499999998
Non-residential [Buildings],RWA,MtCO2eq,GHG emissions from non-residential buildings,0.000713518305,0.000604312005,0.000544447897,0.0004921585954999999,0.0005331080255,0.0005017243045,0.0004902875545,0.015500203139999998,0.01543894121,0.01655828504,0.0150739505,0.01642049879,0.016698063399999998,0.016503417059999997,0.0163870964,0.01618478747,0.01629323067,0.01667382013,0.01671257556,0.017182751799999996,0.017391054019999998,0.01849995442,0.02015030104,0.019638250759999996,0.019815186829999998,0.02008438217,0.02400626535,0.0243180891,0.024748513439999998,0.02628406791,0.00755643
Non-residential [Buildings],SAU,MtCO2eq,GHG emissions from non-residential buildings,15.25414475,16.462741599999998,17.928899809999997,19.47036789,20.04703221,20.93849776,21.10734937,22.184395149999997,24.18305651,24.71765892,25.335730329999997,26.45342822,26.066218,28.645153139999998,30.446532729999998,32.58962569,34.631697429999996,37.9075491,40.627929529999996,45.50289471999999,51.81832156,54.31949304,73.59571244,72.5813163,77.00396851999999,86.57792773,90.21617479999999,91.30640693999999,89.28557805999999,88.25654743999999,
Non-residential [Buildings],SDN,MtCO2eq,GHG emissions from non-residential buildings,0.22404298102999998,0.24947551692,0.23790721100999998,0.2934151368,0.26475995004,0.29977707221,0.4069878286,0.44223472880000003,0.4700708923,0.5905553896999999,0.6005458247,0.4093747303,0.5925030955999999,0.7587815494,1.0546750069,1.2268024251999998,1.6355672768,1.6441831516999998,1.7763693399999998,1.5998278793999998,1.1420259567,1.4167625869,1.4859235106000002,1.2155136655999998,1.3372298314,1.8574811759999998,2.0272183139999997,2.111914455,1.7243471532999999,1.7305621406999998,0.20496931
Non-residential [Buildings],SEN,MtCO2eq,GHG emissions from non-residential buildings,0.1130752005,0.11005844029999999,0.123088562,0.13911694959999998,0.149163935,0.1531352848,0.16016199849999999,0.1871045414,0.18209078169999998,0.1982176203,0.4016915941,0.45975795309999995,0.46377278159999996,0.2864793812,0.36351404219999994,0.49778816239999996,0.6177999242,0.5769509794,0.6037440496,0.7197910364,0.69119652,0.6394610098,0.7107115630999999,0.5855476328,0.6384027728999999,0.7689300461999999,0.7813569234,1.3563156705,1.4299740968999999,0.8849302203799999,0.0142186
Non-residential [Buildings],SGP,MtCO2eq,GHG emissions from non-residential buildings,6.007664725,5.7132951545,5.929461796999999,7.494427270999999,7.835592416,7.901536634,7.947301832499999,7.8332064925,7.6523861244999996,8.29449079,8.998394936499999,9.168207644499999,8.995399948,7.707833088499999,7.588359768499999,7.4411755585,7.6845023359999995,8.115298126999999,8.1729453385,7.899322271999999,8.5534618125,8.777374806,8.525475309,8.432574620999999,8.231328333,8.383940662999999,8.496042411,8.415126557999999,8.5266237277,8.7383425532,0.383451
Non-residential [Buildings],SLB,MtCO2eq,GHG emissions from non-residential buildings,,,,,,,,,,,,,,,,,,,,,,0.0005695122816,0.0005209423219,0.00041095138359999997,0.0003698289557,0.00037642062259999996,0.00033112800079999996,0.0005186015961,0.0005335801578,0.0005500958348,0.0005353379999999999
Non-residential [Buildings],SLE,MtCO2eq,GHG emissions from non-residential buildings,0.0006661818899999999,0.00061392474,0.000631830585,0.0006280828499999999,0.000606106695,0.00068187663,0.000671231655,0.01121995392,0.01166329077,0.01243155219,0.01624083691,0.01827847667,0.01863641519,0.01864273944,0.01878849439,0.01837246704,0.01923326782,0.019508068360000002,0.019505002949999996,0.02012059138,0.020466158039999998,0.02228207733,0.02466790278,0.024690007229999998,0.02546600486,0.02424259866,0.028500630639999996,0.028857431319999998,0.02928128295,0.030952089349999996,0.00777064
Non-residential [Buildings],SLV,MtCO2eq,GHG emissions from non-residential buildings,0.05003327455,0.2051089114,0.2061112233,0.2773277909,0.4126697156,0.4747690565,0.3118060821,0.49090929689999996,0.5040379226999999,0.31426396819999997,0.1606075556,0.18069356009999998,0.19777327279999996,0.25409651029999997,0.24423217149999998,0.22641639779999997,0.2230169046,0.2166347383,0.20643705059999998,0.2351622055,0.2798399009,0.2674994564,0.6379494553999999,0.5963825803,0.5525358639,0.572423338,0.5479996932,0.3042111922,0.26788730689999996,0.33509355339999997,0.018722689999999997
Non-residential [Buildings],SOM,MtCO2eq,GHG emissions from non-residential buildings,0.001387629675,0.001326668865,0.00146666055,0.001475815815,0.00145489536,0.00157044759,0.0015864942299999999,0.01914757504,0.02006949727,0.02168049438,0.02857745587,0.03254089809,0.03430077065,0.03609042837,0.03694164413,0.03782994962,0.03989743525,0.04071702108,0.043309773749999995,0.04566064657,0.04725235295,0.04982994573,0.052411126770000004,0.05150979252,0.05229197552,0.05369217924,0.05897590155,0.06127271374,0.06165935992,0.0657709656,0.00678783
Non-residential [Buildings],STP,MtCO2eq,GHG emissions from non-residential buildings,1.83858366e-05,1.741042845e-05,1.8101853299999996e-05,1.82721729e-05,1.8228419999999998e-05,1.9509922499999996e-05,1.9239076799999997e-05,0.00021428455769999997,0.0002199315401,0.0002324114118,0.0005608541129999999,0.0005828251215,0.0006287220785,0.0006387108052999999,0.0006841339515,0.0007063893084999999,0.0007383499005,0.0007698982893,0.0008553453673,0.000950904095,0.0009771843523,0.001135009052,0.001294770775,0.0011193586459999998,0.00110136651,0.001101449317,0.001733486451,0.0018133900459999998,0.00188588722,0.0018529918809999997,0.001233741
Non-residential [Buildings],SUR,MtCO2eq,GHG emissions from non-residential buildings,,,,,,,,,,,0.04538083799,0.05238736128,0.046539056759999996,0.08260504591999998,0.10361698742999999,0.15584924430000002,0.08871390381,0.08072919539000001,0.07770841023000001,0.0930340996,0.11512845803999999,0.1863118347,0.2425548189,0.2631721775,0.3201780311,0.3393939608,0.3383571658999999,0.2761994623,0.26095149563,0.29074518968999996,0.02116279
Non-residential [Buildings],SVK,MtCO2eq,GHG emissions from non-residential buildings,12.903516386999998,11.613470523,10.207598135,11.526363184,8.577998370000001,9.371310938999999,9.328566183,8.268427699999998,8.247980204,7.857577802,6.73828876,5.3604467609999995,4.774553773,4.239908485,4.677542182,5.040737753999999,5.296685063,5.220635778999999,5.419344608999999,5.909211507999999,5.889692686999999,4.7566180629999995,3.815993045,4.3106897459999995,2.9921143540000004,3.104475571,2.943288392,3.207052279,3.0367811469999997,2.8073222259999997,1.60822695
Non-residential [Buildings],SVN,MtCO2eq,GHG emissions from non-residential buildings,1.005458502,1.1009998464,1.2740974392,1.4495740185,1.2953480325,1.5423469099999998,2.6181313559999997,2.4717584800000005,2.7671010499999995,2.8851459709999996,2.084160338,2.73253019,2.8545575249999997,1.9496717415,2.087385073,1.8519480035,1.770185469,1.5814925764999999,2.053690343,2.1459925369999997,2.1804939544999997,2.169278459,1.8901873114999999,1.870676466,1.4279372374999997,1.5017815064999998,1.6680043279999999,1.6003826895,1.5825452305999999,1.4522096995,0.264698
Non-residential [Buildings],SWE,MtCO2eq,GHG emissions from non-residential buildings,6.511722172,6.144552007,6.08981711,6.106663063,6.471027934,7.170692096,8.613027841,6.832427716,6.836111393999999,6.972806705,5.409689597,5.7524835009999995,6.102630053,6.432186027,5.465146042999999,4.604394495,3.790919715,3.5648558909999997,3.445353429,4.053662290999999,4.876051416,4.075250304999999,3.359342194,3.142249649,3.1187632319999996,2.711890146,3.311505786,3.045896476,3.053147523,2.852133209,1.08745119
Non-residential [Buildings],SWZ,MtCO2eq,GHG emissions from non-residential buildings,6.699472199999999e-05,6.39290865e-05,6.7755999e-05,6.924218999999998e-05,6.894307499999999e-05,7.4358816e-05,7.40767095e-05,0.001490745906,0.0015391914099999997,0.0016214935109999998,0.0049547339449999995,0.005077161958999999,0.005177091735,0.004974494523999999,0.004927800154999999,0.004881431281999999,0.0049927070819999995,0.005242064722,0.005589427985,0.005841387046,0.005016502145999999,0.005474897221,0.006159396078,0.005354458558999999,0.005375584447999999,0.005282542948,0.008361489031,0.007804423711999999,0.008163633295999999,0.008242738274,0.00676988
Non-residential [Buildings],SYC,MtCO2eq,GHG emissions from non-residential buildings,,,,,,,,1.1560687599999998e-05,1.16782754e-05,1.20124972e-05,0.0042656236779999995,0.004474299783,0.003944038712,0.003585575541,0.004890672048,0.004354886083999999,0.004780822508,0.004016982846,0.004769891732,0.005672073508,0.004849478135999999,0.005015114182999999,0.0065974134389999994,0.004792513904,0.00538604277,0.005197682191,0.01044102749,0.010280954089999999,0.01080822087,0.01114235858,0.010835979999999999
Non-residential [Buildings],SYR,MtCO2eq,GHG emissions from non-residential buildings,0.568061619,0.6067474599999999,0.63581767,0.6680927569999999,0.680988704,0.690678774,0.810090052,0.8230594379999999,0.848850332,0.8133693679999999,0.832675069,0.7617141409999999,0.835954385,2.4205975129999997,3.2240574079999997,3.4102144909999996,4.383369772,3.8784284689999993,3.9192198959999995,4.7268333149999995,4.400008069,4.107564912999999,3.3454502120000003,2.2111053579999997,1.8934106549999996,1.782330035,1.778659635,1.8080411349999999,1.7547116419000002,1.7198253121,0.358631
Non-residential [Buildings],TCD,MtCO2eq,GHG emissions from non-residential buildings,0.0007981150649999999,0.0007376410499999999,0.0007669249949999999,0.000789211995,0.000773528985,0.00081998565,0.00081107085,0.01234619153,0.01283648991,0.01364594086,0.01685212538,0.018785847300000002,0.01943708749,0.01979604708,0.02017982213,0.02050822159,0.02095276305,0.021764126779999997,0.021953264729999998,0.022688451840000002,0.02331340974,0.02417361382,0.02578844457,0.025931456849999996,0.02662808382,0.027158056889999997,0.029149565579999998,0.02987553037,0.03002371763,0.03199065959,0.002521972
Non-residential [Buildings],TGO,MtCO2eq,GHG emissions from non-residential buildings,0.05420911531,0.06551149326,0.04986923021,0.05720400727,0.07029385775,0.058102205069999996,0.056325767359999994,0.05473017163,0.06669710142,0.058081385529999995,0.06228733445,0.07716926783,0.054464057002,0.052310499733000004,0.059663425119999995,0.060150726950000004,0.06486183746,0.06320790278999999,0.058843059236,0.06411381712,0.07095211452,0.065590620455,0.067509641992,0.075463005861,0.0953854755,0.11384348331000001,0.14559360684000003,0.10594672014,0.11744799772,0.11685162917,
Non-residential [Buildings],THA,MtCO2eq,GHG emissions from non-residential buildings,9.761261884,12.053426833999998,14.804100849,16.642628371999997,15.786105012,17.408209639,20.184459868,22.953568258999997,22.198208234,19.341932902,19.263784339999997,20.243336174999996,21.105823164,21.809966270999997,23.683353695999998,23.912297566999996,24.656014344,27.722892938999998,30.462444018000003,29.292297884999996,31.697357341,31.328201063999998,32.69059935,33.587279865999996,24.502684634,24.880037423,24.877199616,24.047128600999997,24.003036297999998,24.540084861999997,1.9395957099999999
Non-residential [Buildings],TJK,MtCO2eq,GHG emissions from non-residential buildings,0.038025288659999996,0.03201700081,0.03502520057,0.019015985909999998,0.009009902115000001,0.0070061895,0.008008099924,0.009005031406,0.009004489204999999,0.01001079702,0.008015099756,0.007012041712,0.005008688751,0.006010733678999999,0.008011981902999999,0.008013185564,0.008010338549,0.003005117124,0.002002559618,0.001003703424,,,0.001002843997,0.0020053688179999998,0.007961123652,0.01105797693,0.10873499364,0.10339491629999999,0.220151458723,0.270059974123,0.00409487
Non-residential [Buildings],TKM,MtCO2eq,GHG emissions from non-residential buildings,9.407758253099999,8.0340496566,3.1333807708999997,5.242930738799999,11.125153257300001,11.880986181399999,9.1423623389,11.245949154,10.8392174735,12.668043807,8.587342152,8.358072332899999,8.2688645767,10.013869836,10.691441511999999,10.920837111,11.610571111999999,15.356337034,14.442199636,14.385520035999999,16.423533596,17.490384971,18.089830037,18.368743906,18.758669699,18.975220759,18.965416667,18.949822127,18.924027809,20.78616476,18.5748
Non-residential [Buildings],TLS,MtCO2eq,GHG emissions from non-residential buildings,,,,,,,,,,,,,,,,,,,,,,0.0006914550475999999,0.0007413476498,0.0008296225235,0.0008474463021,0.0008500906187,0.0008291079209,0.0010263610349999998,0.0010560035459999998,0.0010886891209999998,0.001059488
Non-residential [Buildings],TON,MtCO2eq,GHG emissions from non-residential buildings,,,,,,,,,,,,,,,,,,,,,,0.00032806024209999996,0.00030149714699999997,0.00021737013319999998,0.00020913009769999997,0.00022289684489999997,0.00023558104959999998,0.000215279432,0.0002214980314,0.0002283536343,0.0002222277
Non-residential [Buildings],TTO,MtCO2eq,GHG emissions from non-residential buildings,0.2731816791,0.2941561949,0.34370232900000003,0.4153207994,0.3959258415,0.3743061617,0.36534003130000003,0.42729158770000003,0.5002803895,0.4134459169,0.4107738625,0.42773454439999997,0.48984975989999996,0.5289445638,0.5017503667,0.5559147485,0.5690896229,0.6476496787,0.6233532024,0.7081147555,0.6913377082,0.7030158462999999,0.7025135472,0.7026024698999999,0.6883342823999999,0.6842427565999999,0.6289023653,0.5784856476,0.5459234063999999,0.56944287351,0.016583099999999996
Non-residential [Buildings],TUN,MtCO2eq,GHG emissions from non-residential buildings,1.0496669998,1.1190035087,1.2306135836,1.4413428207,1.4943745415,1.5081703780999998,1.6152730146999998,1.7371838615,1.7990866847999998,2.098795862,2.1809909215000003,2.2697285965,2.3162903719999997,2.15973071,2.3731744790000002,2.443482778,2.48733727,2.672375137,3.0832287959999998,2.7123937414999997,2.8055110155,2.6837086475,2.9411543724999993,3.0016404775,3.117774474,3.1395441414999996,2.9540377524999997,3.0885072065,3.0566180991,3.2067120327999996,0.673668272
Non-residential [Buildings],TUR,MtCO2eq,GHG emissions from non-residential buildings,6.440521456,7.3473327,7.94278443,7.98800729,9.4174337445,9.4388546105,10.492791347499999,12.903108002500002,13.7521677825,14.206537269999998,16.870711303999997,18.306488065,17.692750547,19.495210341,20.677709072,23.397687309,27.473670404,32.596685406999995,47.73048484999999,47.81817114,45.98440579,48.295709439999996,52.28930017,48.83035898,54.51037673999999,55.439206909999996,57.8095817,62.773952359999996,64.58793517,61.01661751,23.180840999999997
Non-residential [Buildings],TZA,MtCO2eq,GHG emissions from non-residential buildings,0.06404259143,0.06903665799,0.06504680105999999,0.07806562636999999,0.09910892326,0.12711229519999998,0.07507593678,0.06903857411,0.013006484409999998,0.02002159404,0.06111513564,0.031053327579999998,0.02404170601,0.02604651261,0.2844253576,0.3525801648,0.4275518201,0.291496361,0.26433786959999994,0.25895548339999996,0.35536005099999995,0.4595099428,0.5816495185,0.6677878163,0.5513078129,0.6443784738,0.5362804255999999,0.5022070732999999,0.6765321685,0.823009679,
Non-residential [Buildings],UGA,MtCO2eq,GHG emissions from non-residential buildings,0.00194722692,0.00183048996,0.001909086825,0.001916195205,0.0018888819,0.0019783993949999998,0.0019430862299999999,0.07161234774,0.07310255891,0.0762479167,0.09322132255,0.1044145415,0.10786261,0.1096294001,0.1110240756,0.1132464753,0.1168155769,0.1230619843,0.12404028439999999,0.12912254399999998,0.1334702341,0.144136176,0.1511815172,0.1490353951,0.1549680828,0.1562267281,0.17796257599999998,0.1833402139,0.18550017439999997,0.19863351469999999,0.037919919999999996
Non-residential [Buildings],UKR,MtCO2eq,GHG emissions from non-residential buildings,2.827446792,2.8700428319999998,13.689558258999998,13.365100706,10.859109644,11.172085532999999,7.737592477,7.061717014,7.025949014,6.981045415,6.9409923189999985,10.926674661999998,11.204315722999999,12.423296021999999,12.242211247999998,11.637678079999999,14.671282928999998,22.549450291,22.518314828,18.22504812,19.716122973999997,23.944968732,23.629353927999997,26.481377305,21.733488469,17.559050414,21.137444697,17.30848059,17.048098982,17.196044035999996,2.198508435
Non-residential [Buildings],URY,MtCO2eq,GHG emissions from non-residential buildings,0.20073244695999995,0.2538130158,0.29373162789999996,0.25503028429999997,0.14663224273,0.21822145348999997,0.3137985461,0.2939191777,0.25283639465,0.48857426899999995,0.26708257339999997,0.13715774571199998,0.14801117525,0.140143678233,0.39933435409999996,0.3644838274,0.6520244621,0.44987531849999995,0.9308470199000001,0.8553406736,0.4297432991,0.7785505037,1.0625988052,0.5863232544,0.30140738699999997,0.2893123076,0.19615561262,0.14137858187,0.17784090424,0.14230718669,0.07272719999999999
Non-residential [Buildings],USA,MtCO2eq,GHG emissions from non-residential buildings,809.9044601999999,797.6227795,816.3010504,839.1893115999999,851.3800832,880.6682973,914.0716439,1004.7356681,1012.5959455,1014.1476158,1047.2744303,1082.9656661,1058.1585420999997,1066.3282106,1089.3505412999998,1101.1126255,1068.0663447,1102.9674863999999,1091.6874874,1032.1548596999999,1051.9801717999999,1009.5778283000001,950.0029834999999,976.5522842999999,983.2188315,936.1856727999999,904.2425621,871.6278842999999,883.2973427999999,837.4658087999999,229.8478523
Non-residential [Buildings],UZB,MtCO2eq,GHG emissions from non-residential buildings,1.141759325,1.203639124,2.377710759,2.106771071,1.769945215,8.079039029,5.575873506,8.914452235999999,9.891645151,9.915942208999999,10.085652815000001,9.289110009,9.411924399,8.970685314999999,8.854927015,8.58414723,8.932810493,8.775604356,9.828581815,9.336583155000001,8.53735992,9.54770351,10.09880542,8.812521685,9.287280765,8.191482231,8.928811846,7.752671976999999,9.328026440999999,9.619122734000001,3.31989
Non-residential [Buildings],VCT,MtCO2eq,GHG emissions from non-residential buildings,,,,,,,,,,,,,,,,,,,3.899713762999999e-05,5.657718661e-05,0.000707088887,0.004160171509,0.008722271726,0.01442711335,0.008675452977,0.007420378444,0.006590421457,0.005199374757,0.005049183511999999,0.004934008764999999,0.0042357812
Non-residential [Buildings],VEN,MtCO2eq,GHG emissions from non-residential buildings,4.562309109,4.002972646,3.9724291899999997,5.073495476,4.603602573,4.785763916,4.858180662,5.043128047,5.922319972999999,5.4801693044999995,5.3788328245,6.9753372344999995,7.429992878999999,7.300906424499999,6.714235963499999,6.193364641,6.417807851499999,12.141577807999997,7.961857152,8.195184582,8.506807281999999,8.153345153,9.385204199999999,8.801935464,10.573077594,12.60485019,11.905791134000001,11.31031691,10.8248641,9.010367962199998,0.6752451999999999
Non-residential [Buildings],VNM,MtCO2eq,GHG emissions from non-residential buildings,1.3586063928999998,1.3066618399,1.227820414,1.5617702267999998,1.8624016198,2.2993244171000002,3.0718039236,2.9966096024,3.4917940007999992,3.5372388496,4.0214056869,4.5476580374,4.854678891,4.3026166241,5.889749573,6.066273303999999,5.890645356,6.076923319,6.101205299,6.188478162,7.330585430999999,7.541839033,7.103878129,7.767447001,8.455046069,9.15556324,16.331299041999998,16.079776075999998,19.830870787,24.901023545999998,7.01965212
Non-residential [Buildings],VUT,MtCO2eq,GHG emissions from non-residential buildings,,,,,,,,,,,,,,,,,,,,,,0.0005003677698999999,0.0003743314566,0.00026772283850000003,0.0002723756864,0.00025947874510000003,0.00026422895149999997,0.0002964119771,0.00030497371329999995,0.000314412481,0.0003059777
Non-residential [Buildings],WSM,MtCO2eq,GHG emissions from non-residential buildings,,,,,,,,,,,,,,,,,,,,,,0.0006358064604999999,0.0005780425639,0.00043089050219999997,0.0003909427934,0.0005544682411,0.0005052512887,0.0006180807508,0.0006359321955999999,0.0006556145311,0.000638028
Non-residential [Buildings],YEM,MtCO2eq,GHG emissions from non-residential buildings,0.12708451739999999,0.1800956295,0.1961411232,0.18615649369999998,0.2032233477,0.23420690609999997,0.24224502269999998,0.26915038309999995,0.2951471462,0.29431743239999997,0.3226077652,0.3455934844,0.3526116881,0.3686583323,0.3465182173,0.4186889457,0.6968994538,1.0447790529999998,0.5997666056,1.773477242,1.8356018079999998,1.2826865175,1.2519463518,1.629615859,1.8195641845,1.0110868379,0.7327048183,0.5625312825,0.41776812699999993,0.42999203020000004,0.171768
Non-residential [Buildings],ZAF,MtCO2eq,GHG emissions from non-residential buildings,23.299851749000002,23.518291353,20.882457231999997,22.884544337999998,23.193199804,24.574174555,26.056711039,29.356354324999998,20.643037003999996,22.284127815,24.269897162999996,21.800442128,23.314871296999996,30.275896973,33.436828118,36.654152837,38.903173894999995,41.689726938,46.327428440000006,42.38218335,38.687957789,37.327448595999996,40.852156543999996,41.678671042,42.47623985799999,40.241334442,46.68026518,43.07718242,42.56601599,43.67158264,10.67191058
Non-residential [Buildings],ZMB,MtCO2eq,GHG emissions from non-residential buildings,0.13126592189,0.12593780274,0.14172376392,0.1231076562,0.10792546034999999,0.11229437379000001,0.075396212943,0.10467876631499999,0.09801773694199999,0.0896712264,0.092909378377,0.09712376761199999,0.10024526087300001,0.103448666283,0.10765180405899999,0.109875380642,0.018105043276,0.041325884708,0.058024443262,0.058236629216,0.065857836952,0.076493765737,0.082129445995,0.127041303818,0.09555564712,0.09386298115,0.12448783092999999,0.23025111769999998,0.29944506900999995,0.27657576412,0.07971652
Non-residential [Buildings],ZWE,MtCO2eq,GHG emissions from non-residential buildings,1.4802083169,1.8025844065,1.8704715545,1.8048898885,1.89659793,1.7361479495,1.608355339,1.6357688115,1.5750187979999999,1.5736382618999998,1.5311522950999998,1.533295041,1.3251591327999999,1.0900645315,1.0063768978999998,1.1022217088,1.2110095298999999,1.2755396598,1.1521163320999999,1.3402496004,1.297223614,1.1842547914999997,1.108892179,1.1414796120000001,1.118225793,1.2463372799999999,1.1483949740000001,0.9029126988999999,1.060722853905,1.034650183831,0.0061708
