category,country,unit,variable,2000,2001,2002,2003,2004,2005,2006,2007,2008,2009,2010,2011,2012,2013,2014,2015,2016,2017,2018,2019,2020
Buildings (indirect),AGO,MtCO2eq,GHG emissions from buildings (indirect),0.5019456221999999,0.5649702179999999,0.5649800910999999,0.7072629963,0.4536784753,0.5318751918,0.5947676372999999,0.6691394129,0.9472106994,1.525629204,1.5770357069999998,1.482872697,1.794087911,2.6551083139999996,3.7397378349999997,4.0864251099999995,2.7844560159999996,2.678768559,2.611021978,2.9890304019999996,0.0
Buildings (indirect),ALB,MtCO2eq,GHG emissions from buildings (indirect),0.20039753163,0.19339613782,0.17530410625999998,0.13670621354999998,0.14173496041,0.11976716834,0.10660203552999999,0.06633903723,0.0,0.004667220921,0.011184662869999999,0.022196175739999997,0.0,0.0,0.0,0.0,0.0,0.0,0.0,0.0,0.0
Buildings (indirect),ARE,MtCO2eq,GHG emissions from buildings (indirect),26.021021362,28.168373281,30.945682583,34.30225532,41.35584759,45.304547879999994,48.06904034,49.644534889999996,58.95135004,51.40868567,53.73967506,54.13990291,57.21926995999999,56.37893894,58.450569849999994,62.27048389999999,62.14249484,63.04882279,61.40460887,60.53324159,0.0
Buildings (indirect),ARG,MtCO2eq,GHG emissions from buildings (indirect),15.160561189,14.244461879,12.654952998999999,14.263471020999999,17.588303273,19.311777211,20.514477020999998,21.736012149999997,23.6992918,22.73588995,23.6173896,26.91143056,28.418593189999996,28.172423829999996,28.87698577,30.50795307,32.06976955,30.08676921,27.42994774,23.108782454999997,0.0
Buildings (indirect),ARM,MtCO2eq,GHG emissions from buildings (indirect),0.9928704822999999,0.9506325121,0.59503222361,0.58704832268,0.5017503667,0.6180169365799999,0.5987728066,0.7041991126,0.691884348,0.4506628373,0.45172887840000003,0.6972912885999999,1.0309236293,0.961574348,0.7563067468399999,0.8189796211,0.7473101175599999,0.7788602875699999,0.9366893016,0.86259804581,0.0
Buildings (indirect),AUS,MtCO2eq,GHG emissions from buildings (indirect),90.17888925,90.11274975999999,102.4737649,103.26941355000001,109.22134028999999,111.13386893,112.39706534999999,116.12473759,116.95348681,123.62715441999998,116.70967697999998,113.14419944,112.40072147,107.07967606,99.41851215999999,107.71173218,108.78388401999999,106.63464022,100.45424172999999,96.86491588999999,0.0
Buildings (indirect),AUT,MtCO2eq,GHG emissions from buildings (indirect),7.934948757999999,8.925327379,8.757191413000001,10.028909143999998,9.968908482999998,10.164725888,9.467218872999998,8.815010229,8.767206007999999,8.131001437,9.301599528,8.996562569,8.208278117999999,8.011448426000001,6.812731564,7.513392688,7.27880615,7.980725446999999,7.074173328,7.2741544309999995,0.0
Buildings (indirect),AZE,MtCO2eq,GHG emissions from buildings (indirect),11.409494503,9.307984513,8.9425128967,9.3206443581,8.911326872000002,9.316329866,9.45320078,8.479438817,7.677813576,6.446787092,5.798191115,6.567580972999999,7.238527973,7.313580077999999,7.594911964,8.074333699,7.791074018999999,7.525166066,7.253601424,6.9848303629999995,0.0
Buildings (indirect),BEL,MtCO2eq,GHG emissions from buildings (indirect),11.436935875,10.752209474999999,10.929227052999998,11.153601153,11.065661059,11.349815164999999,10.711316258,10.708059260999999,10.399198087999999,10.375361934999999,10.282353114,8.88920981,8.640503881,7.978359841,7.318262916999999,7.812963335000001,7.177753308,7.093426784,7.023188294,7.336710985999999,0.0
Buildings (indirect),BEN,MtCO2eq,GHG emissions from buildings (indirect),0.037069836370000005,0.05208945272,0.055095576269999995,0.05008944733,0.049073389159999994,0.06210218812,0.08711243172,0.11519615640999999,0.12716253574,0.07828886707,0.07026893664,0.07324066773,0.034096695919999996,0.07720669946999999,0.18808154626999998,0.16486438329999997,0.14607638458,0.15383813509,0.11863824983999999,0.19842157339,0.0
Buildings (indirect),BGD,MtCO2eq,GHG emissions from buildings (indirect),4.738479314,5.660193917300001,6.114362258,6.148186454199999,6.401592537899999,6.846716885999999,7.553743336,7.6296133359999985,7.687951238999999,8.365894958,10.11431154,10.079841674,11.56174429,12.596791407,13.661080981,13.829502010999999,16.133447206,16.633212726,18.346235476,20.279189478,0.0
Buildings (indirect),BGR,MtCO2eq,GHG emissions from buildings (indirect),14.337009688999999,15.908319202,14.564265149999997,15.986548006999998,14.967383692,15.082818526999999,15.477976662,16.912799171,16.945659483,16.511925027,18.562041536,21.566868401,18.203624243999997,15.503506328,16.271541603,17.231343864999996,15.338020380999998,16.076581369,14.084615363,12.879808242,0.0
Buildings (indirect),BHR,MtCO2eq,GHG emissions from buildings (indirect),4.021576302,4.268329962,4.497802499,4.986905376,4.9383853449999995,5.232610173,6.460338038999999,6.642310549,7.109086645,7.746583024999999,8.688252095,8.407627337,8.781904885,9.088331482000001,9.769293861000001,10.172333502999999,9.885169039,10.061014035,9.937179026,11.184916574999999,0.0
Buildings (indirect),BIH,MtCO2eq,GHG emissions from buildings (indirect),7.0833444089999995,6.566276202999999,6.786773257999999,7.137746244,6.920349368,7.187827451,8.121481996999998,8.507486577,8.012241031999999,8.844634571,8.214438693,9.411056168,8.723763715999999,8.75025548,7.47748539,7.412865624999999,8.762582028999999,8.79060879,8.597841428999999,8.413856671,0.0
Buildings (indirect),BLR,MtCO2eq,GHG emissions from buildings (indirect),15.786740857999998,16.547416722,16.25519847,16.638712615000003,16.895266837999998,16.532203466,16.543351688999998,15.311071744999998,15.208439019,16.346313962,16.751110653999998,15.320342414999999,15.686485806999999,15.706048578999999,15.547079350999999,15.117259732,15.226962307999997,15.108889873999999,15.761238564,14.883572899999999,0.0
Buildings (indirect),BOL,MtCO2eq,GHG emissions from buildings (indirect),0.7749274016,0.6280785933999999,0.6711642927,0.8595349162000001,0.8232311406,0.9816152315999999,1.0763892425,1.1559683869,1.2135511285999998,1.3539959189,1.6442931173,1.9233200006999998,1.8873524031,1.8760225291,2.2092118129,2.2628641879,2.7714492139999996,2.634105875,2.4619888051,2.1816598615,0.0
Buildings (indirect),BRA,MtCO2eq,GHG emissions from buildings (indirect),15.38197832,16.865963758,13.895104333,13.423971883,15.161674254,15.868110712,15.698260971999998,14.872324644999999,19.465880767999998,14.784551433999999,21.554494399999996,17.505522883999998,26.96647509,38.99740471,48.67729542,48.05294138,36.42004435,36.10630656,31.53228194,33.60655437,0.0
Buildings (indirect),BRN,MtCO2eq,GHG emissions from buildings (indirect),1.7953823452999997,1.8181222442999998,1.9373608092999997,1.8863685863,2.2052980186,2.1886013072,2.2649232245,2.0745325212999997,2.250877011,2.376769708,2.3389517479999995,2.2544079509999997,2.3767402740000003,2.285117768,2.3505217577999997,2.0497468145999997,2.1941473377999996,2.2083216162,2.539446836,2.45534479,0.0
Buildings (indirect),BWA,MtCO2eq,GHG emissions from buildings (indirect),0.8202995823999999,0.4361978974,0.4695658288999999,0.5047275477,0.7438570019,0.7816176606,0.5534359419,0.4469240193,0.4712980527999999,0.4441222205,0.2782982772,0.5350162973,0.2500274689,1.2192642410999999,1.9331858493999998,1.9995456794,1.948137745,2.545870633,2.62002458,2.560492361,0.0
Buildings (indirect),CAN,MtCO2eq,GHG emissions from buildings (indirect),70.04796431999999,71.24835412,68.95862498,72.19492222,68.39228052000001,63.45240989,62.4906536,69.70453741,66.15039285,60.546261189999996,62.12989675,60.68285902,57.29008681,57.00491009999999,56.9421107,56.20199106,54.828355980000005,52.7744652,48.77569137999999,46.312908469999996,0.0
Buildings (indirect),CHE,MtCO2eq,GHG emissions from buildings (indirect),1.5318859408999999,1.5997472307,1.6368394838999998,1.6850090079999998,1.7936824484999998,1.8290096050999998,1.7873067887999998,1.6718468265,1.6991718358999996,1.6089365885,1.7537118902,1.6343705168999998,1.6968120435,1.7125849701999998,1.5802830447999998,1.6084330078,1.7168977804999999,1.7160395844,1.6785841631,1.7105308054,0.0
Buildings (indirect),CHL,MtCO2eq,GHG emissions from buildings (indirect),3.9564536169999993,3.4419107599999994,3.6192784919999994,4.004150419999999,5.072586041999999,5.281690934,5.297837658,6.932805203999999,7.330369482,7.095179503999999,8.37204188,9.537339554,10.594043989,11.635149879,9.869803047,11.562622785,12.643611451999998,12.379503605999998,11.051986381999999,12.614920327999998,0.0
Buildings (indirect),CHN,MtCO2eq,GHG emissions from buildings (indirect),327.79378513999995,343.57945486,377.64131729999997,462.4114346,515.7713673999999,574.6660292999999,650.7848918999999,716.4030188999999,753.25927,834.0975937000001,863.0772208,978.3870043999999,1050.7801137,1146.1397819000001,1128.8254089,1174.6484725,1273.5762339,1371.9284089999999,1527.6756540999997,1612.9711808,0.0
Buildings (indirect),CIV,MtCO2eq,GHG emissions from buildings (indirect),1.167198902,1.2381262223,1.4274762941,1.2883005852,1.1477164076,1.5154937197,1.6070741713999999,1.7109133491000001,1.8753970823,1.66213287,1.9946339585000001,1.7447331664999997,2.2473733977,2.1172507681,2.4745378,2.5341218339999996,2.385028222,2.6025174819999997,2.196299366,2.3173987580000004,0.0
Buildings (indirect),CMR,MtCO2eq,GHG emissions from buildings (indirect),0.015028312038,0.026044726362,0.05008688751,0.06311270362999999,0.06609885069999999,0.09014833759,0.16220935561999997,0.3395782349,0.37447864859999996,0.4667220921,0.5149709214,0.4274044445,0.388100627,0.6026133296999999,0.7443650614,0.8504589529,0.8864635392999999,0.9408938842,1.0853929138,0.9774461744999999,0.0
Buildings (indirect),COD,MtCO2eq,GHG emissions from buildings (indirect),0.00200377494,0.0040068809779999996,0.0030052132499999995,0.0010017889469999999,0.002002995476,0.002003296391,0.015019384779,0.019032408445999998,0.022028155798,0.019070365058,0.020076839044,0.020065936366,0.002005687994,0.0030080532269999996,0.0039805618254,0.005026353149999999,0.00500261591,0.0029775122923999995,0.001960962807,0.001954892349,0.0
Buildings (indirect),COG,MtCO2eq,GHG emissions from buildings (indirect),0.0,0.0,0.0,0.01602862314,0.02002995476,0.0230379085,0.023029723329999998,0.02103581987,0.026033275039999998,0.06724812940000001,0.1084149308,0.16052749089999999,0.22363421139999998,0.23162009839999997,0.2448045523,1.1972773201,1.2696639180999998,1.2386451134999998,1.3903226303999998,1.9460953336,0.0
Buildings (indirect),COL,MtCO2eq,GHG emissions from buildings (indirect),4.325702674,4.662611898,4.504814662999999,4.650482311999999,3.82071387,4.396233929999999,4.524839988,4.6559281299999995,3.996107718,6.6721727379999995,7.767094052999999,4.730979968999999,5.654988882999999,8.577448526,9.306806223,10.630395144,10.383755611000002,6.404023915,7.510321792999999,8.869948848999998,0.0
Buildings (indirect),CRI,MtCO2eq,GHG emissions from buildings (indirect),0.04142084266,0.09749293228,0.08155373994,0.10654385205,0.045689615860000005,0.16944045529,0.3476568253,0.47136432059999994,0.44426397889999997,0.2800734034,0.40428526789999997,0.4786859022999999,0.42065283589999997,0.6223572881,0.563012079,0.055933847739999994,0.09969151006999999,0.020842586043999998,0.0813799565,0.05151866954999999,0.0
Buildings (indirect),CUB,MtCO2eq,GHG emissions from buildings (indirect),6.64351581,5.857058271,8.487723957,9.285581745,9.197755225,8.642220629999999,8.619124279,9.133552644000002,9.510155627,9.472952914,9.571633013,9.892506627,10.220986022,10.499108443999999,11.07491814,11.604844151,11.752145297,10.719044251,10.769607738,9.955289287,0.0
Buildings (indirect),CYP,MtCO2eq,GHG emissions from buildings (indirect),2.348424228,2.3129720439999994,2.413186241,2.837066296,2.7300828339999996,2.9176925149999997,2.985880797,3.136764916,3.2678457919999997,3.378332332,3.2598201119999994,3.1708385769999996,3.020413144,2.362452512,2.430429985,2.560607781,2.762993431,2.736710264,2.7319053569999996,2.699839622,0.0
Buildings (indirect),CZE,MtCO2eq,GHG emissions from buildings (indirect),35.66611127,36.71579858999999,34.465917510000004,35.616253799999996,34.520453329999995,33.912702679999995,33.4872203,35.6436942,33.9322726,32.86526492,35.577162619999996,33.20109831,32.282551119999994,31.25066497,28.66900141,29.143800829999996,30.3278587,29.04662491,28.17413313,26.163301759999996,0.0
Buildings (indirect),DEU,MtCO2eq,GHG emissions from buildings (indirect),180.12934811,185.29921258,189.23727669999997,200.62727055,195.86291257,189.95957529,190.25955863,192.45270913999997,184.96241400999997,180.62546446,183.83759205,170.68486790999998,177.14737791999997,181.15900287,163.11148193,166.85079807,165.02629366000002,154.90309197999997,142.02665324,119.49572717,0.0
Buildings (indirect),DNK,MtCO2eq,GHG emissions from buildings (indirect),17.140290830999998,18.192241366999998,18.217602725,21.251950711,17.484147509999996,15.326219038999998,20.106951051,17.219321118,16.056523018,16.402521353999997,16.698910872,13.505378469999998,11.349185517999999,12.819320166999999,10.236014735,8.546810894999998,9.295860885,7.351477848999999,7.200655427999999,5.253773188,0.0
Buildings (indirect),DOM,MtCO2eq,GHG emissions from buildings (indirect),4.925278799999999,5.468390814999999,5.664826977,4.6573168129999996,4.016005928999999,4.485380619,4.784174698999999,4.9364057279999995,5.327809864,5.05966896,5.346462235999999,5.478000628,5.572804093,4.9241831309999995,6.0882693119999995,6.46288488,6.419356735999999,5.694988511,6.222134987,6.575280416,0.0
Buildings (indirect),DZA,MtCO2eq,GHG emissions from buildings (indirect),9.443791288,9.956097511,10.63344622,11.63277325,12.34846711,13.21875124,13.58653547,13.88564452,15.753135239999999,14.495017883,14.099548504999998,16.075821115,17.730634395,17.81305814,19.132775940000002,21.973328081,21.274160097999996,21.906035075000002,22.520647161999996,22.937891154,0.0
Buildings (indirect),ECU,MtCO2eq,GHG emissions from buildings (indirect),1.6433501672,2.191896632,2.2376809231,2.1010814852,2.2373483226,2.878613957,3.398586102,3.919140774,3.402995592,4.061726799,4.789344633999999,4.032140991,4.167500603,4.861947922,5.147951980999999,5.37122996,4.632654972,3.14492866,3.377103836,2.8101885920000003,0.0
Buildings (indirect),EGY,MtCO2eq,GHG emissions from buildings (indirect),15.762695557999999,18.950543592,21.249862892,23.002075997,30.212182249999998,31.493822559999998,33.359054889999996,33.960828619999994,38.17279144,41.41581439,39.9579289,45.84163492,49.163424129999996,52.343134189999994,55.27010095,61.151617679999994,57.45404321000001,61.258345399999996,60.373142429999994,61.892869219999994,0.0
Buildings (indirect),ERI,MtCO2eq,GHG emissions from buildings (indirect),0.15729633275,0.192330287,0.18331800826999997,0.18933811086000002,0.20831152949999998,0.2113477692,0.18824295587999998,0.19633431871,0.17422268672,0.18267402317,0.20177223236,0.20868573820999997,0.21460861548,0.22059056995999998,0.22390660272,0.23121224491999998,0.23412242462999996,0.24514851204,0.29414442109999994,0.3020308679,0.0
Buildings (indirect),ESP,MtCO2eq,GHG emissions from buildings (indirect),46.95145248,44.21693331,52.42494342,49.43327557,53.96871009999999,59.37150928,62.0440712,66.51662888999999,59.709599729999994,54.76494254000001,46.87627773999999,56.197519039999996,59.16161293,44.14344707,43.45774768,50.00454724,40.177808989999996,46.94658298,41.23828861,32.27923473,0.0
Buildings (indirect),EST,MtCO2eq,GHG emissions from buildings (indirect),6.717655483,6.7495910079999994,6.71464814,7.656672917999999,7.59736184,7.658602102,6.941959644999999,9.044400837000001,8.467823345000001,7.456512736,9.644913476,8.669487806000001,8.020746290999998,9.266809305999999,8.619906633,7.223874745999999,7.514929621,7.709771827999999,6.822689047,3.8667770669999997,0.0
Buildings (indirect),ETH,MtCO2eq,GHG emissions from buildings (indirect),0.012022649635,0.010017202445999998,0.009015639752,0.008014311573000001,0.009850526404,0.005828893194,0.007009046231,0.10762771328,0.2816158461,0.3081369511,0.03513446832,0.03142558543,0.013813443917,0.007018790860999999,0.004975702282,0.00201054126,0.002001046364,0.0019850081948,0.0029414442106,0.0029323385235,0.0
Buildings (indirect),FIN,MtCO2eq,GHG emissions from buildings (indirect),11.310307644,14.261491122,14.896842083999998,18.573167070999997,16.576790558,11.991732195999997,16.490283195,15.95035611,13.25987039,14.783779786,17.427609048,13.777554759,11.975708757,12.371572139,11.274405526999999,9.684853710999999,10.559378094,9.539533274,9.998436096999999,8.654887442,0.0
Buildings (indirect),FRA,MtCO2eq,GHG emissions from buildings (indirect),31.600230799999995,28.81638955,31.593920339999997,32.6349994,32.18002422,38.24325836,36.310726589999994,33.604708269999996,31.005829149999997,32.66741842,36.067380439999994,29.77258929,33.24447736,32.52666346,23.678021089999998,25.816717179999998,27.06502339,29.77462163,24.323867549999996,23.49094755,0.0
Buildings (indirect),GAB,MtCO2eq,GHG emissions from buildings (indirect),0.30397146549,0.27805932682999995,0.30291723389999997,0.33881407747000003,0.35530309422,0.42310437446,0.40804705443,0.5236427919,0.45792934979999994,0.4595967021,0.5399579267,0.6077432587,0.6123637406,0.5514450091,0.5662430766,0.6154938859,0.6728317221,0.8931591634,0.8686131444,0.862993622,0.0
Buildings (indirect),GBR,MtCO2eq,GHG emissions from buildings (indirect),112.09417574999999,119.95599928999998,114.29927903999999,124.74376140999999,126.00844537999998,126.62636157,131.80110919,129.41637064,122.27929412,110.93532463,112.15524593,105.00002852,116.93562146999999,107.99211887999999,91.63352837000001,78.69861653,62.71879618999999,54.63238804,49.36919963,43.857032409999995,0.0
Buildings (indirect),GEO,MtCO2eq,GHG emissions from buildings (indirect),1.3193311945,0.6691491233999999,0.3776551319,0.40315944449999996,0.51548038,0.5756706171,0.7940248086999999,0.9966598818000001,0.5221498259999999,0.6805109213999999,0.44470198479,0.5387703913999999,0.6087263064,0.6884077586999999,0.7474901100999999,0.8648332865999999,0.7242514092,0.7208181965,0.6746172834999999,0.899377172,0.0
Buildings (indirect),GHA,MtCO2eq,GHG emissions from buildings (indirect),0.15529255775999998,0.29350403171,0.7022181628999999,0.8595349161999999,0.28442535753,0.5198554134,1.0533595192,1.3172430058,0.9371979013,0.9063441917999999,1.6332508563,1.2481012419,1.6376442477000002,1.8830413193,1.6489477363999998,1.7350971071999999,2.9245292614,3.412229087,3.630722638,3.959634453,0.0
Buildings (indirect),GNQ,MtCO2eq,GHG emissions from buildings (indirect),0.02604907421,0.01302236318,0.03005213251,0.034060824180000004,0.04606889594,0.05509065075,0.06908916998999999,0.08314157374999999,0.09712414148,0.12345552109999999,0.15258397669999998,0.19564287954600001,0.29684182319999997,0.5745381662,0.5990745548,0.5609410115,0.5112673460999999,0.4237992496,0.4186655594,0.4750388408,0.0
Buildings (indirect),GRC,MtCO2eq,GHG emissions from buildings (indirect),26.4097537,27.13660142,27.618911509999997,28.783400009999998,29.72445286,29.85111953,29.147619399999996,30.859547749999997,30.931535859999997,30.324891549999997,27.65785346,27.453210839999997,29.85667149,25.53436115,22.43225513,20.790001899999996,20.564233899999998,20.96962657,19.451770567,16.289140499,0.0
Buildings (indirect),GTM,MtCO2eq,GHG emissions from buildings (indirect),1.48078968,1.523616492,1.8211592299000001,1.8222540937999998,2.0070014668,1.9311777207999998,1.8293610663,1.8972306104999999,1.8593766049999998,2.0626105361000002,1.5308589767999998,1.5220012733,1.7088461711999998,2.0996211514999996,2.1485082459999996,2.9152848259999997,3.1616532549999996,2.473320211,3.296378479,3.38294121,0.0
Buildings (indirect),GUY,MtCO2eq,GHG emissions from buildings (indirect),0.14827934544,0.14725287594999997,0.14825718706,0.29853310603,0.32248227157,0.33755544189,0.33743551139,0.3866584033,0.37247608898999995,0.4787665332,0.48585950479999995,0.4785725823,0.4813651188,0.48630193829999996,0.41397842989999994,0.43327164149999997,0.4622417101,0.4694544381,0.493182146,0.5600766580000001,0.0
Buildings (indirect),HND,MtCO2eq,GHG emissions from buildings (indirect),0.7494118271999999,0.9436204704,1.0698559172,1.1560644443,1.6104083626,1.4013058254,1.9755497445999999,1.9042425509999998,1.9054354763,1.7263698890999999,1.7215889478,1.9413793429,1.9044007508,2.1116533651,2.1763721784,2.2699010819999996,2.0440688613,1.980045674,2.149215236,2.324367003,0.0
Buildings (indirect),HRV,MtCO2eq,GHG emissions from buildings (indirect),3.13190023,3.658282333,4.178248157,4.570161174,3.785661449,3.878381813,3.8109185649999993,4.3974880569999995,4.042166589,3.528017535,3.2986246550000002,3.474416882,3.187038223,2.9859941699999997,2.4589920679999997,2.501113327,2.643382247,2.291691961,1.8462464829,2.0076744422,0.0
Buildings (indirect),HTI,MtCO2eq,GHG emissions from buildings (indirect),0.12223027128,0.13122535205,0.14024328503,0.12221825146999998,0.11917823081,0.09315328217999999,0.09512277027,0.16327803038,0.16320860887,0.17564809918000002,0.3704176803,0.5287374232000001,0.4823679627,0.56952474421,0.51249733504,0.52274072754,0.55028775017,0.5071695937799999,0.46376770388,0.46917416379,0.0
Buildings (indirect),HUN,MtCO2eq,GHG emissions from buildings (indirect),13.289035396,13.564293831999997,12.295329146,13.105402999,12.016971357000001,11.261530660999998,11.057271075,11.804100061999998,11.216336421,9.929637972999998,10.335556738,9.869430800999998,8.006706475,6.4041453189999995,5.958901052999999,6.387366152999999,6.347283838999999,6.408829596999999,5.9565815749999995,5.6028310459999995,0.0
Buildings (indirect),IDN,MtCO2eq,GHG emissions from buildings (indirect),33.69748315,38.91482806,41.22551538,47.74025225,51.185547889999995,54.215210219999996,59.0371964,66.95200611,76.05320917,79.65691482999999,76.62124850999999,94.16141298999999,92.46522509,92.83052793,110.31032446,115.86045590999998,121.95377065999999,129.15058817,133.0974091,138.20013716999998,0.0
Buildings (indirect),IND,MtCO2eq,GHG emissions from buildings (indirect),139.70346543,152.38036732999998,158.641134,167.78529368,182.54154312999998,192.0556679,203.10310673,219.74224438999997,233.2625619,259.01592077,275.62304654,282.46950825,334.35793161,347.1660293,390.0328485,407.38786769999996,404.9876321,422.2433113,440.5171921,433.47173649999996,0.0
Buildings (indirect),IRL,MtCO2eq,GHG emissions from buildings (indirect),9.0430363,10.085319422,9.727875291999998,9.410805363,9.484183578,9.951374822,9.935823677999998,9.92089333,10.092900475,9.24310483,9.830624236,8.704603195,9.432750639,8.325288645999999,7.804886600000001,8.562895225,8.978695036,8.26259661,7.192811578,6.284978903000001,0.0
Buildings (indirect),IRN,MtCO2eq,GHG emissions from buildings (indirect),38.02618048,40.93054023999999,42.738149539999995,42.917638829999994,47.43814715,51.69950051,57.46634785,60.79607415,66.50167994,68.29671762999999,69.50483076,65.58555826999999,69.06344981,73.22006072999999,76.04822579,86.34251367,77.71211785999999,81.86951570999999,80.54759286,78.42247388999999,0.0
Buildings (indirect),IRQ,MtCO2eq,GHG emissions from buildings (indirect),14.76281186,19.064739699999997,16.9113367,17.99513485,18.411534409999998,20.197234212,19.653365628099998,12.9770974471,19.56000107,24.015611824999997,31.30882664,30.621622188,29.594929208999996,38.97133492,38.498998842,40.774782017,45.87698947,51.850399053000004,52.749899514000006,59.194140329999996,0.0
Buildings (indirect),ISL,MtCO2eq,GHG emissions from buildings (indirect),0.0030056624089999998,0.003005160734,0.004006951,0.0040071557859999996,0.004005990952,0.004006592782,0.004005169274,0.007011939956,0.003003839427,0.002007406848,0.002007683904,0.0,0.0,0.0,0.0019902809127999997,0.0,0.0,0.00397001639,0.0,0.0009774461745,0.0
Buildings (indirect),ISR,MtCO2eq,GHG emissions from buildings (indirect),22.8750947,24.099385642,26.404805359999997,26.2739187,26.784055499999997,26.23216459,27.54555169,29.3770233,28.945998,28.500158719999998,28.91566743,31.40018052,35.36027935,26.369597270000003,23.538057209999998,27.656000299999995,26.59090461,26.392668959999998,23.16289268,24.343296969999997,0.0
Buildings (indirect),ITA,MtCO2eq,GHG emissions from buildings (indirect),57.27790663,56.16244723999999,61.215192179999995,65.47492197,67.38677678999998,67.0002478,69.18929922,69.09064778999999,68.42017544,61.74549669999999,62.115619079999995,63.147441359999995,63.00658393999999,54.653240909999994,50.60225861,54.416266639999996,53.25106298,52.9888048,49.01031304,44.53284497,0.0
Buildings (indirect),JAM,MtCO2eq,GHG emissions from buildings (indirect),2.0786557343,2.0983092884,2.121254596,2.22154427,1.2525661563,1.1635243161,0.9866101702,1.2780894303,2.2367197499,2.5078324739999998,2.6010188169999995,2.0035837461,1.8342016712,1.7276252363,0.8836847252999999,0.94294385083,1.0125294602900001,1.0570168637000001,1.2501137895999999,1.7017337897999998,0.0
Buildings (indirect),JOR,MtCO2eq,GHG emissions from buildings (indirect),3.3092343119999996,3.3828092659999998,3.700419249,3.7677282279999997,3.7415955480000003,3.9124378519999996,4.358625462999999,4.731056058,4.802137963999999,5.083757842,5.201908995,5.703742412,6.7120348739999995,6.870393569,7.2137731689999995,6.906209228,6.073175715,6.248805797,5.575017260999999,5.183397063,0.0
Buildings (indirect),JPN,MtCO2eq,GHG emissions from buildings (indirect),229.97425159999997,230.3856391,250.85216219999998,263.8481673,264.3473309,269.5425278,261.99914939999996,293.29041589999997,292.58597549999996,278.65617419999995,303.89207029999994,342.2496271,371.98893539999995,373.6864416,355.5616948,344.7605783,346.7022936,336.6295997,311.2087195,296.73310960000003,0.0
Buildings (indirect),KAZ,MtCO2eq,GHG emissions from buildings (indirect),16.085923643,16.008971783,18.292385676,20.094126402,19.995927355,19.149200578000002,21.494178101000003,19.707154756999998,31.64544837,28.019384779,26.746364968,31.852923569999998,33.398363186999994,36.50572587999999,41.54306202,37.99234184,36.11370287,39.77177216,39.31623361,40.60625201,0.0
Buildings (indirect),KEN,MtCO2eq,GHG emissions from buildings (indirect),0.885668523,0.6390975161,0.4367576591,0.34762076439999995,0.5748597015,0.7021553851000001,0.798029978,0.8103799177000001,0.9351953416,1.1592774545999998,0.8863924437,1.0424253941,0.8624458378,1.1340360663,0.7095351455,0.5096722093,0.9575006851999999,1.009376667,0.5794645096,0.5405277345,0.0
Buildings (indirect),KGZ,MtCO2eq,GHG emissions from buildings (indirect),1.125119628,0.9556411132999999,0.8935500731999999,0.8224687251,0.8743075252,1.5747022571999998,1.5101910174,1.4851451459999998,1.7693827902,1.7134918637,1.3962655257,1.5535633187,1.6658034701,1.4414392243,2.0138826091,2.3410875198999994,1.5564728581,1.2654310323,1.2824239457999997,1.7838219655999998,0.0
Buildings (indirect),KHM,MtCO2eq,GHG emissions from buildings (indirect),0.3426455146,0.38265713339999996,0.5058775637999999,0.5189266743,0.5538282491,0.6450614377999999,0.7790054239,0.9946937679000001,1.0092900475,0.8511405034,0.6996778405999999,0.6892649140999999,0.6548571303,0.5584952157,1.1155524517,1.8637717478999998,2.602360796,2.6827260649999998,2.7914219850000004,3.056456316,0.0
Buildings (indirect),KOR,MtCO2eq,GHG emissions from buildings (indirect),65.88612377,76.35412220999999,74.18168562,77.61560220999999,89.14631813999999,93.74725956,98.25180877,101.08212298999999,107.38725951999999,119.98772581,130.85882918000001,135.70693093,138.18087155,133.49940755,126.45448807999999,130.74750867,135.97210096999999,136.53878868,139.26561761000002,132.81147640999998,0.0
Buildings (indirect),KWT,MtCO2eq,GHG emissions from buildings (indirect),20.930431124,24.28770905,25.613432534,19.72422257,21.321886841999998,24.608492867000002,26.418096535999997,27.164255387999994,28.763765071999998,30.206454544,31.389133999000002,31.598833286999998,31.743021050999996,31.677808528,29.22827035,30.04351805,30.472934560000002,29.65701494,29.35953515,28.86789532,0.0
Buildings (indirect),LAO,MtCO2eq,GHG emissions from buildings (indirect),0.0,0.0,0.0,0.0,0.0,0.0,0.0,0.0,0.0,0.0,0.0,0.0,0.0,0.0,0.0,2.1673634781,6.322305987999999,7.935070257999999,7.8732656709999995,7.164680459999999,0.0
Buildings (indirect),LBN,MtCO2eq,GHG emissions from buildings (indirect),5.3230281249999996,5.636679816999999,6.296923498,6.325295408,5.512243549,5.436946404999999,6.083852128,5.950131905,7.105081525,7.383242386,8.328876676,8.650425167,8.238363438,9.040202629,9.915579508,10.579468108,10.824660307,11.470369853999998,11.094147082,11.173187221,0.0
Buildings (indirect),LBY,MtCO2eq,GHG emissions from buildings (indirect),9.300521380000001,10.28065487,12.940448257999998,13.703470995,12.543759169,14.029084626000001,15.991639621,13.389800197999998,15.144357111000001,17.331950724,17.690706717999998,13.916730166,19.372940344,20.470804892,19.804290225,19.629919585,16.425589075999998,17.387679282,18.567376341000003,18.21373202,0.0
Buildings (indirect),LKA,MtCO2eq,GHG emissions from buildings (indirect),1.7322634345999999,1.6368108796999998,1.8502096252,2.1428265568000002,2.3815616209,2.7164699063999995,1.9645355290999997,2.4952489179,2.4411201743,2.7391066439999996,2.2295329757,3.4142190719999994,4.292172309000001,2.673156633,4.452258402,4.557897036,5.843055382999999,6.464179186,5.357350390000001,6.588964662,0.0
Buildings (indirect),LTU,MtCO2eq,GHG emissions from buildings (indirect),2.739160342,2.9039869896,2.7217214671999996,2.6276924069999996,2.6119061008,2.6523644218,2.5432824895,2.3129384791999996,2.1817887036,2.2673660345,2.6411081760999995,2.0116101202,2.0638529469,1.6323702172999999,1.2200421996,1.1118293166,0.9474954534,0.7255204950999999,0.7010442036,0.5649638889,0.0
Buildings (indirect),LUX,MtCO2eq,GHG emissions from buildings (indirect),0.11922460888000001,0.21937673356999998,0.5068793015999999,0.5579964432,0.6109136200999999,0.6540762717,0.6448322531999999,0.6240626559999999,0.5517051747999999,0.6423701911999999,0.6263973781,0.5447901722999999,0.5816495183999999,0.43315966457999994,0.3711873902199999,0.28348631766,0.18209521915,0.18659077034000002,0.16472087578,0.16323351117,0.0
Buildings (indirect),LVA,MtCO2eq,GHG emissions from buildings (indirect),2.3374034668,2.3428254503,2.2464936429000004,2.2027217997,2.0148201215999997,1.9970999442,1.9916977754999998,1.8989447596,1.8520947175999998,1.8023844068,2.0957538220000003,1.8999494504999999,1.7596974196,1.7804638985,1.5192829994000001,1.5297064693,1.5114592512,1.2353346269,1.4520929588,1.3527855056,0.0
Buildings (indirect),MAR,MtCO2eq,GHG emissions from buildings (indirect),4.791025878999999,5.375230831999999,5.871184953999999,6.071842804999999,6.6018730880000005,7.307023586,7.45762519,7.312451668,8.094345976,7.396290530999999,8.089962292,9.140034014,9.445787611000002,8.98104425,10.188247993000001,10.973534196,10.870684374,11.390969525,11.715772291999999,14.487707199,0.0
Buildings (indirect),MDA,MtCO2eq,GHG emissions from buildings (indirect),1.8404672812,1.7460219935999999,1.8595138040999997,2.1922844827,2.0425427908,2.1401337768,2.208772855,1.9813419206999998,2.0003393219,1.9712735247,2.4644319919,2.3376815866,2.3767402738,1.9265045599,2.1314709424,2.5237056342,2.5316200739,2.0240822466,2.1721283525,2.2374979609,0.0
Buildings (indirect),MEX,MtCO2eq,GHG emissions from buildings (indirect),44.1111015,46.74327178,47.012554359999996,47.380025929999995,45.60744299,47.92494396,46.25740026,49.29531468,46.740778510000005,50.845019879999995,49.975026209999996,51.555317450000004,51.755788929999994,51.666883569999996,50.21906797,54.011044760000004,56.16061459,56.7737187,53.851954309999996,49.963604069999995,0.0
Buildings (indirect),MKD,MtCO2eq,GHG emissions from buildings (indirect),3.8732969570000004,4.159142456,3.8887459462,3.9179965699999997,3.7676344899,3.7341444722999997,3.724807426,3.7023042959999994,3.7898440769999997,4.213546973999999,3.5867272939999997,3.802494941,3.7726991180000002,3.1083216676000003,2.8968538690999996,2.7695205854,2.5783482404,3.0618751403999998,2.595334275,3.06624865,0.0
Buildings (indirect),MLT,MtCO2eq,GHG emissions from buildings (indirect),1.0780309172999998,1.3713550148999998,1.3443320608,1.4826476409,1.4181207968,1.4176770263,1.4258402617000001,1.4504698649999999,1.3897763749,1.3118403750999998,1.4453255122,1.4847655150999999,1.588793711,1.2922038776,1.2598762504,0.6808906617,0.44449773779999996,0.5600137307999999,0.5462553799,0.5836503597999999,0.0
Buildings (indirect),MMR,MtCO2eq,GHG emissions from buildings (indirect),1.3775952705999999,1.1720126861999998,1.277464183,1.5313999084999999,1.4533021658,1.4261188892,1.3288349712999998,1.3344374631999998,1.2242119459,0.8856965785,1.2720172616,1.4591089611999999,1.6186654253,1.5005172179999997,2.0577987798999997,1.8472756200999998,2.875191743,5.513107269,5.186156175,6.857789134999999,0.0
Buildings (indirect),MNG,MtCO2eq,GHG emissions from buildings (indirect),3.2293662182,3.0526892814999997,3.2816029885,3.2700761035999997,3.5517781616999997,3.8639584109,3.9566329473,4.094929942499999,3.9883870353999997,4.443361539800001,4.621175339,4.821545576999999,5.262212533,5.645925396,5.935377716,6.095150997,6.182083726999999,6.489518423,6.741704069999999,6.857250365,0.0
Buildings (indirect),MOZ,MtCO2eq,GHG emissions from buildings (indirect),0.012022649634999999,0.005008601222999999,0.005008688751,0.0030053668399999994,0.003004493214,0.001001648195,0.001001292319,0.0010017057079999999,0.0,0.001003703424,0.001003841952,0.0060197809091,0.006017063984699999,0.014037581725399999,0.0169173877565,0.10555341612699999,0.27214230554999996,0.26996111452,0.22158879721999997,0.27563982117999997,0.0
Buildings (indirect),MUS,MtCO2eq,GHG emissions from buildings (indirect),0.6559105255,0.7101695674,0.7338005574,0.801000155,0.8157946048,0.9271137856,1.0672248722,1.1506736568,1.1802585748999999,1.2123084202,1.3269259320999998,1.343460044,1.3989103966,1.4598203511,1.5235235676999999,1.5259038611,1.5396050726,1.60441832,1.5464896512,1.5472839046,0.0
Buildings (indirect),MYS,MtCO2eq,GHG emissions from buildings (indirect),17.487945776,19.427362428,22.673332237000004,22.120501729,24.517666118999998,28.17636374,30.033763099999998,33.89271263,36.44358121,37.95905979,50.10175183,47.28638234,48.24481902,50.29063920999999,52.30756781,55.8116201,53.795129929999995,53.64087645,54.50986364,55.99202666,0.0
Buildings (indirect),NAM,MtCO2eq,GHG emissions from buildings (indirect),0.0002526498836,0.00034039037440000003,0.0,0.0006678592976999999,0.00015913262847999998,0.0012737494769,0.003992379044,0.003527746188,0.003989800629999999,0.0006647391927,0.00026410458179,0.0002147365366,0.0012020771555,0.0007451421189999999,0.00012606385819999999,0.0003655529564,0.0007849408389999999,0.0008467901993999999,0.000269857267,0.0006419590829999999,0.0
Buildings (indirect),NER,MtCO2eq,GHG emissions from buildings (indirect),0.12423404621999998,0.13723567351,0.13323112076,0.13924866352999998,0.15222765615999997,0.14123239555,0.13617575536999998,0.12821833059999999,0.14118045304,0.16962587867,0.23991822649,0.27189343775999997,0.2978446672,0.27373284362,0.31844494607999996,0.37597121558999996,0.5392819952,0.4674694298,0.4559238527,0.47406139459999996,0.0
Buildings (indirect),NGA,MtCO2eq,GHG emissions from buildings (indirect),5.247886565,4.868360388,6.102586374,5.6110198890000005,7.120648916999999,6.947431883999999,6.644575827,6.607250848999999,6.222954013999999,6.336379715,8.346945831,8.935361463,9.729592462000001,9.86140116,11.180403028,11.306278775,12.06130696,10.367697801,11.256906996,10.670779888,0.0
Buildings (indirect),NIC,MtCO2eq,GHG emissions from buildings (indirect),0.9931510108,1.0811571535,1.0958396714999998,1.0360900919999998,1.088903453,0.9697007546999998,1.0917715958,1.1333313001999998,1.0665962061,1.1773071247,1.1276993183,1.2432306115999998,1.1059879711,0.9550075545999999,0.9657602091,1.1115089183999998,1.0752204698,0.9466872005,0.8999511976999999,0.9111427423,0.0
Buildings (indirect),NLD,MtCO2eq,GHG emissions from buildings (indirect),23.661576364,25.60997978,26.38677408,27.17252339,27.432024539999997,25.97974924,25.090382917999996,27.08912746,26.890370549999997,28.4650291,28.82555695,26.62861474,26.51270331,26.197912649999996,27.80256135,30.669801649999997,29.70253171,28.152378719999998,25.63130442,23.922995125,0.0
Buildings (indirect),NOR,MtCO2eq,GHG emissions from buildings (indirect),0.35466816419999997,0.44776894929999994,0.46480631610000006,0.6271198804999999,0.5257863123,0.49180926399999997,0.5457043137,0.6541138272,0.5937589268,1.2957811202,2.1341679900000003,1.7046012941999997,1.2314924287,1.2533555109999999,1.2339741659999999,1.3329888552999998,1.3477047262,1.4034007937,1.3746349278999999,1.2951161811999998,0.0
Buildings (indirect),NPL,MtCO2eq,GHG emissions from buildings (indirect),0.011626472691,0.007863047207999999,0.00100173775,0.0030053668399999994,0.00500748869,0.007011537368,0.006007753912,0.0040068228319999994,0.004005119236,0.006022220544,0.002007683904,0.0,0.009025595976999999,0.004010737635,0.0,0.0,0.0,0.0,0.0,0.0,0.0
Buildings (indirect),NZL,MtCO2eq,GHG emissions from buildings (indirect),3.534990545,4.452704563,3.8665301119999995,4.822001723999999,4.615327852,5.601079299,5.7257928499999995,4.875219988,5.381361764999999,4.258821284,3.799029075,3.5029060530000002,4.415574868999999,3.7785532219999998,3.149151408,3.073413132,2.469223655,2.822247572,2.682946244,2.994481117,0.0
Buildings (indirect),OMN,MtCO2eq,GHG emissions from buildings (indirect),6.954100926000001,7.626096221999998,8.151140073999999,8.658461865,9.571313881,8.160427849,8.812373696,9.214690807,9.729435903999999,10.86107475,11.330364113000002,11.431563947,12.439276943,12.339034335000001,13.047286525,13.809402642999999,13.177890831,13.751144269000001,13.726739650999999,12.517175710999998,0.0
Buildings (indirect),PAK,MtCO2eq,GHG emissions from buildings (indirect),19.873439848,19.976305117,19.573955635999997,17.585403168,19.983885865,21.129768686,24.448554548,25.13680303,25.019979865,26.610185171999998,24.662389079,23.759071950000003,24.701050501,26.584171731999998,27.016073109999997,27.909328497999997,31.468455117999998,35.103877417999996,28.416312043,29.517897023,0.0
Buildings (indirect),PAN,MtCO2eq,GHG emissions from buildings (indirect),0.9918685947999999,1.8181222444,1.293317945,1.8132617045,1.3301481581,1.3924586883999999,1.6129028187999999,1.8710208426,1.6063682858000001,2.1778125118,2.4049745061999994,2.7447647102,2.5088432791999997,2.2898686687,2.4567355430999998,2.4134201028999995,2.441002309,1.8667598196,1.7039583706999997,4.028768061,0.0
Buildings (indirect),PER,MtCO2eq,GHG emissions from buildings (indirect),1.1772177767,0.9736720778,1.2321374328,1.3343828766,2.003996973,2.146532083,2.1167319615999998,2.58339902,3.373311677,3.811061901,4.302466605999999,4.603125802,5.085421911,4.703592562,4.8533000059999996,4.930852439999999,5.397822568,4.614151548000001,4.182733667999999,4.393620553999999,0.0
Buildings (indirect),PHL,MtCO2eq,GHG emissions from buildings (indirect),13.267995759,13.210686585999998,13.043627245999998,14.454812709,15.501181986999999,17.026016026999997,14.862181884999998,15.844980888,17.657569432,18.223239363999998,20.209346178999997,20.967900201,22.55195581,26.19212213,27.648982439999997,30.61953812,33.50852189,37.88189639,40.70860739,44.79440328,0.0
Buildings (indirect),POL,MtCO2eq,GHG emissions from buildings (indirect),81.51456640999999,86.25011649999999,83.69518903,88.5200749,92.44925768,93.73523978,98.92567849999999,93.66849903999999,96.1158527,95.53349559,99.73571329999999,97.36895290999999,94.43180217,93.4692379,87.71864581999999,88.51407896,88.5843215,87.14384476,84.42435125999998,76.6786975,0.0
Buildings (indirect),PRK,MtCO2eq,GHG emissions from buildings (indirect),5.781892587,6.006314587,5.733946882,5.806368734,5.924860616999999,6.103042455,6.104879266999999,5.147765633000001,5.699284673,4.145295141,3.8296570469999995,2.7711058119999996,2.798937597,2.002360764,2.2679251,1.813508216,2.210155709,0.8311637157999999,0.726433569,0.8326632533999999,0.0
Buildings (indirect),PRT,MtCO2eq,GHG emissions from buildings (indirect),11.75915323,11.758192230999999,13.72280544,11.414383256999999,12.177210995000001,14.375654901999999,12.557206968,11.198068108,10.810818097999999,11.805559671999998,8.529645066999999,9.79719343,10.400495096999999,8.704303353,8.764202,11.187656839999999,10.597541544999999,12.553191824,10.436244061,7.312274831,0.0
Buildings (indirect),PRY,MtCO2eq,GHG emissions from buildings (indirect),0.0,0.0,0.0,0.0,0.0,0.0,0.0,0.0,0.0,0.0,0.0,0.0,0.003008531992,0.0020053688179999998,0.0029854213694,0.00201054126,0.003001569546,0.0009925040974,0.0019609628072,0.0009774461745,0.0
Buildings (indirect),QAT,MtCO2eq,GHG emissions from buildings (indirect),5.59453963,6.071426403,6.614474363999999,7.183828535,6.549795205,6.86629838,7.866152455,8.068739477,8.503869417999999,8.554564282,9.581671432,9.966750592,11.677115505999998,11.555937811999998,12.589521915,13.661627859,13.922280081999999,15.805627754,16.30834719,16.858014169999997,0.0
Buildings (indirect),ROU,MtCO2eq,GHG emissions from buildings (indirect),17.973119152000002,19.407340281999996,15.201151627,17.332959418999998,15.043448056999999,16.19064143,18.249553802,18.557599945999996,17.931920095,17.842835765,16.835433380999998,18.994415365,17.485587943,14.661251425,13.806578692999999,14.612613876,13.471044122999999,13.220154576999999,12.689390325999998,11.787023418999999,0.0
Buildings (indirect),RUS,MtCO2eq,GHG emissions from buildings (indirect),396.97887396000004,396.00806084000004,388.39876924,397.13418311,389.70380124999997,361.75526219999995,370.4931773,367.19325799999996,377.56959939999996,367.65154570000004,387.31735960000003,407.22011919999994,396.93367689999997,400.37689779999994,382.3080849,364.54832539999995,336.07073419999995,342.8615329,362.0927628,358.0101878,0.0
Buildings (indirect),SAU,MtCO2eq,GHG emissions from buildings (indirect),75.74670025,78.80933852,80.73906093000001,84.99578138,92.98806347,99.86632838999999,107.12125612999999,112.06482436,121.77264652999999,132.52297787,143.85055172,146.81041682,171.50537759,170.94265143,176.22046717,193.51660682999997,198.61885949999999,199.85459504,182.24305898,185.73236719,0.0
Buildings (indirect),SDN,MtCO2eq,GHG emissions from buildings (indirect),0.8225496125,0.9676617563,1.4985996745999999,1.6709839624,1.6825161993999997,1.8881068487,2.4111119027999997,2.3930749357,2.791568108,2.2272178974,0.8914116534,1.3293682842,1.5473882875999998,1.3827017996999997,1.6678554048999998,3.231945075,3.8089917539999996,3.8965710870000003,3.9229060961,4.0094842082,0.0
Buildings (indirect),SEN,MtCO2eq,GHG emissions from buildings (indirect),1.0139101191,1.0998888286,0.9937238481999999,0.898604685,0.9674468148,1.2640800227,1.2936696757,1.2080570836999998,1.2646163988,1.5155921701,1.4615938821,1.3213419095999999,1.513291592,1.5812333122999997,1.7056707423999997,1.9019720317,2.0390662449,3.095620279,2.686519046,2.3057955262000003,0.0
Buildings (indirect),SGP,MtCO2eq,GHG emissions from buildings (indirect),13.673760185,13.934930322999998,13.463355362999998,11.757996864999999,11.396042758999998,10.673563171,10.650746393999999,10.911580276,10.815824497,10.592082232000001,11.426732939999999,11.584065063999999,11.208787358999999,11.029528496,10.809215638,11.063003281999999,11.302910387999999,11.079323237999999,11.071596009999999,11.429278119000001,0.0
Buildings (indirect),SLV,MtCO2eq,GHG emissions from buildings (indirect),0.5550456581,0.6230699920999999,0.6521312753999999,0.7463327650999999,0.8632910501,0.73821472,0.9682496722,1.0467824647,0.8881351905999999,0.949503439,0.7819928806,0.827719875,1.0529861972,1.0317622567,1.0996302044000001,1.1460085181,1.1115812553,0.6481051755999999,0.5735816211,0.7379718618,0.0
Buildings (indirect),SUR,MtCO2eq,GHG emissions from buildings (indirect),0.10620007176999999,0.12721847106,0.10117551277999999,0.16329159828999998,0.21732500912999997,0.3305439045,0.20526492530999998,0.16928826459,0.16320860882999996,0.19271105739999997,0.24995664604,0.4394440063999999,0.5696153905,0.6464194381,0.8020642527999999,0.8786302958,0.7387810947,0.5906966491,0.5668615843999999,0.6373831354999999,0.0
Buildings (indirect),SVK,MtCO2eq,GHG emissions from buildings (indirect),6.470189277999999,8.008753355,6.821834078999999,7.0365655600000006,6.873278974999999,6.25028474,5.751423078999999,5.333081188999999,4.983369608999999,5.130931903,5.47194248,5.266304999,4.512797988,4.375714759999999,3.5277729179999997,3.700401189,3.6769226939999995,3.779455603,3.4503140599999997,3.207000899,0.0
Buildings (indirect),SVN,MtCO2eq,GHG emissions from buildings (indirect),2.832335876,3.116351681,3.421936155,2.8911629000000003,2.999485725,2.868720432,2.909755478,2.9119584929999998,3.2091017879999995,3.406569421,3.4010165329999995,3.381110278,3.194058132,3.125367302,2.3634585839999995,2.4377812779999997,2.6193696909999997,2.615248297,2.547290687,2.365419742,0.0
Buildings (indirect),SWE,MtCO2eq,GHG emissions from buildings (indirect),5.765862386999999,6.527209114,7.562118277,8.079427854,7.865763233000001,7.070634611999999,7.063116015,6.1003877609999995,6.034713409,6.329353790999999,8.339918937,6.458221619000001,5.835549221,5.79952662,4.998590513,4.913762837999999,5.675968012,5.518322781,5.610314592,4.88038875,0.0
Buildings (indirect),SYR,MtCO2eq,GHG emissions from buildings (indirect),7.756612788999999,8.101913338,9.098783984999999,10.933334563999999,12.258570000999999,13.225637325000001,15.920366819,15.277476398,16.069858809,19.391115166,17.902074551,16.237041638,13.441875523,9.10095252,7.596792849999999,7.3021764419999995,7.465512323,7.701896207,7.512582842,7.303251005,0.0
Buildings (indirect),TGO,MtCO2eq,GHG emissions from buildings (indirect),0.07013212287,0.13423051273,0.036062559012,0.026046512613,0.0580868688,0.04807911338,0.07309433926,0.05809893106,0.020025596176,0.02609628902,0.05019209759999999,0.015049452275000002,0.017048347951999998,0.038102007531,0.14429536619999997,0.14576424131000001,0.37919828603999994,0.14589810233999997,0.10785295439999998,0.10654163303,0.0
Buildings (indirect),THA,MtCO2eq,GHG emissions from buildings (indirect),29.633641049999998,31.751912519999998,32.52104166,33.81491931,36.5969932,37.60260161,38.0066726,42.48736414,45.001943790000006,44.43660795,47.14158571,46.87592035,48.88952207,52.12183664,44.385662870000004,44.78375036,45.552880079999994,43.87010015,43.46365415,45.26407328,0.0
Buildings (indirect),TJK,MtCO2eq,GHG emissions from buildings (indirect),0.09918685948599999,0.083142780302,0.066114691511,0.06611807046899999,0.086128805453,0.08514009661399999,0.08510984708899999,0.029049465524,0.024030715418,0.014051847933999998,0.002007683904,0.0030098904550000002,0.005014219986,0.007018790862,0.138324523452,0.21613318543,0.33617578913999996,0.591532442,0.9608717756,1.1924843328999999,0.0
Buildings (indirect),TKM,MtCO2eq,GHG emissions from buildings (indirect),2.4566280750000002,2.6465448859,2.6696311047,2.693810477,2.9734467829999995,3.198262688,3.4043938829999996,3.712321353,3.962064204,3.969647041,4.508254207,4.787732416,4.948032283,5.035481100999999,5.1249733509999995,5.720995155,5.6939774299999995,5.6493333219999995,5.579919668,5.56264618,0.0
Buildings (indirect),TTO,MtCO2eq,GHG emissions from buildings (indirect),1.3685782834,1.4414754324,1.6508638129,1.7831843247999999,1.7145641276999999,1.8991249785,1.9635342368999997,2.1967406177,2.1477451904,2.2794104755,2.3861323201999998,2.4590805013,2.4639877011999998,2.4555741169,2.4132156074,2.3915388286,2.2001504773,2.0227233505999997,1.9148801811999998,2.0037646576,0.0
Buildings (indirect),TUN,MtCO2eq,GHG emissions from buildings (indirect),2.7000867299999998,2.959081602,3.002208038,2.575599381,2.6519660099999998,2.832661097,3.0319131409999995,3.2815878990000003,3.699520994,4.1755870889999995,4.261309087,4.315179615,4.739440730999999,4.759742889,5.050337815999999,5.1610594139999995,4.7845018569999995,5.0091681789999996,4.963196865,5.40136756,0.0
Buildings (indirect),TUR,MtCO2eq,GHG emissions from buildings (indirect),31.510362799999996,33.05676807,29.8608006,30.24901724,30.792049449999997,35.04466540999999,39.57908277,46.98600793,51.2465019,51.07445242,49.863841289999996,54.75793375,55.554548929999996,53.17937298999999,61.66089295999999,58.23432232,63.3881462,68.02226081,69.80145161,64.96009531,0.0
Buildings (indirect),TZA,MtCO2eq,GHG emissions from buildings (indirect),0.24173254613999998,0.11128894151999999,0.08572203842,0.08071736294000001,0.8616076816,0.8977930931,1.0447846223,1.0090844931999998,0.9026792040999999,0.8850163999,1.0340451126999999,1.3473899247999999,1.7665109155,2.0016399293,1.6882102649,2.0093097317999997,1.8204081185999998,1.7541549113,1.8517038794999998,2.1790962259999995,0.0
Buildings (indirect),UKR,MtCO2eq,GHG emissions from buildings (indirect),51.149360987,49.699348211,49.276481671999996,55.88078922,45.811511027,49.26606649,49.30763894,50.77946745,52.73740754,49.93826016,54.08298901,59.028968299999995,60.59985707999999,64.7413269,54.99743247,45.008981909999996,50.06718056,39.62274857,39.58105378,37.202578849999995,0.0
Buildings (indirect),URY,MtCO2eq,GHG emissions from buildings (indirect),0.3155945529,0.018030964401999996,0.028048656999999998,0.012021467358999999,0.637954059,0.5589196931,1.2235792133999999,0.7272383439,1.8173228533999999,1.5547366035999999,0.6002974873,1.4256847787,2.0728785427,1.0187273593000001,0.3811387948,0.4764982786,0.23312190142,0.12207800398,0.20197916911,0.12315821799,0.0
Buildings (indirect),USA,MtCO2eq,GHG emissions from buildings (indirect),1657.8740099,1720.9959910999999,1718.5249715,1730.7621569,1766.5274255,1826.9746621,1763.8781406999997,1820.1889439,1780.6494894999998,1653.2818542999998,1735.8361428,1647.3940553000002,1548.6909739999999,1564.3569332999998,1569.4946430999998,1476.6146153000002,1406.2780092,1335.5140963,1349.3909508000002,1232.3292145,0.0
Buildings (indirect),UZB,MtCO2eq,GHG emissions from buildings (indirect),14.019299035,11.201104291999998,10.649140726999999,10.304843882999998,10.994858878999999,10.609582605999998,11.700746761,12.31055617,13.995497528,17.805818655,17.451557686999998,18.146653807,18.632360232,19.339540635,19.683869938,19.830981302999998,20.276862684,20.103207236,16.108328977,17.060345528,0.0
Buildings (indirect),VEN,MtCO2eq,GHG emissions from buildings (indirect),8.440901930999999,11.357504133,12.593846995999998,12.697674896999999,11.159689293,10.974057629999999,12.152684870999998,12.838862057999998,13.071707907,13.473714762,14.826745631999998,14.036122486999998,16.495780912999997,14.506838026,18.638980748999998,23.760576609999998,22.25863923,21.34380061,20.536182997,17.257789656999996,0.0
Buildings (indirect),VNM,MtCO2eq,GHG emissions from buildings (indirect),6.502249676899999,6.9699694614,8.60693075,7.9562078131,10.785129138999999,12.039811305999999,12.886632138,13.33069956,14.076992839999999,15.09068098,18.913386217,18.567010914999997,19.168360169,20.35048276,23.559950306999998,29.407181730999998,42.608280230000005,39.29323721,49.59863228,64.2358077,0.0
Buildings (indirect),YEM,MtCO2eq,GHG emissions from buildings (indirect),2.9375514962,3.1325677204,3.0124570581,3.1577111092999997,3.2983042973,3.2638865947,3.7407639337999994,4.581094428,4.6389249576000005,5.394376986,5.9455683939999995,4.916268293499999,5.4207517258,5.876197149,5.315044773999999,3.9693160584,3.3305039343000002,2.8160306354999998,2.2463673083,2.3174255518999995,0.0
Buildings (indirect),ZAF,MtCO2eq,GHG emissions from buildings (indirect),61.4466347,51.95923977,50.41905396,67.7454388,67.66562781,73.35265453,76.43015622,77.94351562,86.81206795,77.02285964,81.82808767,76.96760446,78.31014010999999,78.84169024,80.46254162,78.72450063,92.35018643000001,77.32406903,76.25937868,78.13936523,0.0
Buildings (indirect),ZMB,MtCO2eq,GHG emissions from buildings (indirect),0.014868775816999998,0.016872725372,0.016880473633,0.017888265843,0.016886364639,0.016889670122,0.010513569346,0.008013645662999998,0.009498055653,0.010545954284999999,0.010038419520000001,0.015587806666999998,0.012034127964999999,0.012032212908,0.09813017845000001,0.11160116725,0.23505769623,0.7650075791,1.0786696128,0.9162416555999999,0.0
Buildings (indirect),ZWE,MtCO2eq,GHG emissions from buildings (indirect),1.9483805046,2.6183112729999998,2.4341253417999997,1.8752187585,2.4333843299,2.5478748608,1.8930270518999999,1.6818124107999999,1.5763160641,1.6235974779,2.4737755889999997,3.0715937949999996,2.964437823,3.4318194060000002,3.3642181799999995,3.7522295749999994,3.4612011959999998,2.7158783569,3.1916840219999996,3.1131965579999994,0.0
