category,country,gas,scenario,source,unit,variable,2000,2001,2002,2003,2004,2005,2006,2007,2008,2009,2010,2011,2012,2013,2014,2015,2016,2017,2018,2019,2020,2021
M.0.EL,AFG,KYOTOGHG (AR4GWP100),HISTCR,PRIMAP-hist_v2.4.1,MtCO2,Total GHG emissions (excl. LULUCF),14.9,13.3,16.0,16.7,16.4,17.3,17.7,18.6,22.0,25.3,29.2,33.5,31.6,30.0,30.0,29.5,28.400000000000002,29.900000000000002,30.1,30.6,31.5,31.8
M.0.EL,AGO,KYOTOGHG (AR4GWP100),HISTCR,PRIMAP-hist_v2.4.1,MtCO2,Total GHG emissions (excl. LULUCF),84.5,83.2,85.10000000000001,90.2,93.3,92.4,84.9,86.3,87.3,88.5,96.7,97.0,98.0,99.3,109.0,104.0,104.0,104.0,94.8,96.0,87.4,88.10000000000001
M.0.EL,ALB,KYOTOGHG (AR4GWP100),HISTCR,PRIMAP-hist_v2.4.1,MtCO2,Total GHG emissions (excl. LULUCF),6.25,6.93,7.0,7.36,7.7700000000000005,7.19,7.76,8.120000000000001,8.13,8.61,8.72,9.33,8.91,9.4,10.200000000000001,8.92,8.81,9.94,9.51,9.39,9.15,8.18
M.0.EL,AND,KYOTOGHG (AR4GWP100),HISTCR,PRIMAP-hist_v2.4.1,MtCO2,Total GHG emissions (excl. LULUCF),0.604,0.603,0.61,0.614,0.639,0.654,0.621,0.616,0.616,0.597,0.601,0.5720000000000001,0.5680000000000001,0.551,0.538,0.538,0.545,0.548,0.53,0.522,0.452,0.505
M.0.EL,ARE,KYOTOGHG (AR4GWP100),HISTCR,PRIMAP-hist_v2.4.1,MtCO2,Total GHG emissions (excl. LULUCF),137.0,136.0,126.0,156.0,170.0,182.0,184.0,190.0,207.0,210.0,197.0,205.0,243.0,242.0,235.0,257.0,247.0,213.0,209.0,211.0,200.0,205.0
M.0.EL,ARG,KYOTOGHG (AR4GWP100),HISTCR,PRIMAP-hist_v2.4.1,MtCO2,Total GHG emissions (excl. LULUCF),280.0,282.0,271.0,287.0,296.0,303.0,313.0,329.0,332.0,309.0,321.0,331.0,332.0,341.0,340.0,345.0,347.0,349.0,346.0,337.0,329.0,352.0
M.0.EL,ARM,KYOTOGHG (AR4GWP100),HISTCR,PRIMAP-hist_v2.4.1,MtCO2,Total GHG emissions (excl. LULUCF),6.0600000000000005,6.13,5.91,6.4,6.8100000000000005,7.67,8.0,8.78,9.49,8.43,8.48,9.32,10.4,10.3,10.4,10.1,10.5,10.700000000000001,12.0,11.5,11.3,11.9
M.0.EL,ATG,KYOTOGHG (AR4GWP100),HISTCR,PRIMAP-hist_v2.4.1,MtCO2,Total GHG emissions (excl. LULUCF),0.4,0.405,0.439,0.466,0.483,0.491,0.503,0.527,0.538,0.5650000000000001,0.556,0.548,0.5650000000000001,0.5700000000000001,0.5720000000000001,0.591,0.604,0.607,0.624,0.642,0.577,0.636
M.0.EL,AUS,KYOTOGHG (AR4GWP100),HISTCR,PRIMAP-hist_v2.4.1,MtCO2,Total GHG emissions (excl. LULUCF),492.0,499.0,503.0,503.0,520.0,527.0,531.0,538.0,541.0,544.0,539.0,541.0,544.0,534.0,529.0,537.0,546.0,553.0,555.0,549.0,526.0,519.0
M.0.EL,AUT,KYOTOGHG (AR4GWP100),HISTCR,PRIMAP-hist_v2.4.1,MtCO2,Total GHG emissions (excl. LULUCF),80.5,84.4,86.10000000000001,91.60000000000001,91.2,92.4,90.0,87.2,86.60000000000001,79.9,84.5,82.3,79.60000000000001,80.0,76.5,78.7,79.7,82.0,78.8,79.9,73.8,77.7
M.0.EL,AZE,KYOTOGHG (AR4GWP100),HISTCR,PRIMAP-hist_v2.4.1,MtCO2,Total GHG emissions (excl. LULUCF),56.7,56.9,56.800000000000004,53.1,55.800000000000004,60.300000000000004,57.4,56.4,64.2,56.6,55.800000000000004,56.2,57.6,56.9,60.1,61.0,60.5,58.9,61.6,65.2,58.4,60.2
M.0.EL,BDI,KYOTOGHG (AR4GWP100),HISTCR,PRIMAP-hist_v2.4.1,MtCO2,Total GHG emissions (excl. LULUCF),2.37,2.61,2.62,2.62,2.72,2.74,2.87,2.97,3.09,3.23,3.49,3.59,3.2,3.62,3.59,3.61,3.96,4.25,4.34,4.19,4.04,4.15
M.0.EL,BEL,KYOTOGHG (AR4GWP100),HISTCR,PRIMAP-hist_v2.4.1,MtCO2,Total GHG emissions (excl. LULUCF),149.0,148.0,148.0,148.0,149.0,146.0,143.0,139.0,139.0,127.0,134.0,123.0,121.0,121.0,115.0,119.0,118.0,117.0,118.0,117.0,107.0,115.0
M.0.EL,BEN,KYOTOGHG (AR4GWP100),HISTCR,PRIMAP-hist_v2.4.1,MtCO2,Total GHG emissions (excl. LULUCF),8.35,7.7700000000000005,8.8,8.82,8.950000000000001,9.67,10.3,11.1,10.8,11.4,12.3,12.4,12.4,13.1,13.5,14.3,15.4,16.1,16.9,17.5,17.7,18.5
M.0.EL,BFA,KYOTOGHG (AR4GWP100),HISTCR,PRIMAP-hist_v2.4.1,MtCO2,Total GHG emissions (excl. LULUCF),11.8,12.1,12.6,15.700000000000001,16.5,17.5,18.1,19.2,20.6,21.0,21.900000000000002,22.6,23.6,24.400000000000002,25.8,26.0,27.8,28.6,28.8,29.3,30.1,31.0
M.0.EL,BGD,KYOTOGHG (AR4GWP100),HISTCR,PRIMAP-hist_v2.4.1,MtCO2,Total GHG emissions (excl. LULUCF),78.60000000000001,85.60000000000001,88.5,91.8,95.60000000000001,99.7,105.0,107.0,111.0,115.0,121.0,124.0,129.0,131.0,137.0,144.0,147.0,153.0,159.0,170.0,169.0,175.0
M.0.EL,BGR,KYOTOGHG (AR4GWP100),HISTCR,PRIMAP-hist_v2.4.1,MtCO2,Total GHG emissions (excl. LULUCF),57.2,60.2,57.6,62.5,61.7,62.300000000000004,63.0,67.0,65.8,56.9,59.6,64.9,59.800000000000004,55.800000000000004,59.0,62.4,60.300000000000004,63.5,60.5,59.6,49.1,58.4
M.0.EL,BHR,KYOTOGHG (AR4GWP100),HISTCR,PRIMAP-hist_v2.4.1,MtCO2,Total GHG emissions (excl. LULUCF),39.1,34.9,35.5,35.4,36.4,39.0,38.6,46.5,51.1,50.1,50.5,50.300000000000004,51.0,57.7,58.1,59.4,58.6,59.6,52.2,53.4,60.6,47.7
M.0.EL,BHS,KYOTOGHG (AR4GWP100),HISTCR,PRIMAP-hist_v2.4.1,MtCO2,Total GHG emissions (excl. LULUCF),2.32,2.24,2.3000000000000003,2.31,2.36,2.2,2.16,2.2,2.77,2.0,2.79,2.24,2.35,3.33,2.8000000000000003,2.48,2.24,2.43,2.48,2.57,2.31,2.5500000000000003
M.0.EL,BIH,KYOTOGHG (AR4GWP100),HISTCR,PRIMAP-hist_v2.4.1,MtCO2,Total GHG emissions (excl. LULUCF),19.2,19.400000000000002,20.1,20.2,21.900000000000002,22.7,23.900000000000002,23.6,26.3,26.400000000000002,27.1,29.1,27.400000000000002,26.8,24.3,23.6,26.1,26.5,26.6,26.8,26.1,23.0
M.0.EL,BLR,KYOTOGHG (AR4GWP100),HISTCR,PRIMAP-hist_v2.4.1,MtCO2,Total GHG emissions (excl. LULUCF),81.60000000000001,80.2,79.5,81.2,84.9,86.8,90.2,88.5,91.9,89.9,92.10000000000001,91.5,92.5,94.60000000000001,93.5,88.4,87.7,89.3,92.3,92.5,86.7,87.7
M.0.EL,BLZ,KYOTOGHG (AR4GWP100),HISTCR,PRIMAP-hist_v2.4.1,MtCO2,Total GHG emissions (excl. LULUCF),1.04,1.1500000000000001,1.21,1.28,1.28,1.3,1.4000000000000001,1.3900000000000001,1.31,1.3900000000000001,1.41,1.56,1.42,1.57,1.52,1.72,1.69,1.7,1.6500000000000001,1.8,1.71,1.82
M.0.EL,BOL,KYOTOGHG (AR4GWP100),HISTCR,PRIMAP-hist_v2.4.1,MtCO2,Total GHG emissions (excl. LULUCF),49.9,39.800000000000004,36.1,40.4,51.5,57.300000000000004,61.7,61.4,64.4,67.1,71.60000000000001,74.4,78.8,81.4,84.10000000000001,86.3,89.8,92.7,94.3,97.0,98.5,102.0
M.0.EL,BRA,KYOTOGHG (AR4GWP100),HISTCR,PRIMAP-hist_v2.4.1,MtCO2,Total GHG emissions (excl. LULUCF),803.0,821.0,839.0,865.0,902.0,918.0,924.0,928.0,958.0,943.0,1010.0,1040.0,1070.0,1120.0,1150.0,1130.0,1110.0,1120.0,1090.0,1100.0,1090.0,1160.0
M.0.EL,BRB,KYOTOGHG (AR4GWP100),HISTCR,PRIMAP-hist_v2.4.1,MtCO2,Total GHG emissions (excl. LULUCF),5.13,5.18,5.18,5.29,5.36,5.49,5.54,5.6000000000000005,6.23,6.2,5.86,6.01,5.87,5.8,5.34,5.3500000000000005,5.41,5.13,5.22,5.3,4.94,5.2700000000000005
M.0.EL,BRN,KYOTOGHG (AR4GWP100),HISTCR,PRIMAP-hist_v2.4.1,MtCO2,Total GHG emissions (excl. LULUCF),9.620000000000001,10.1,9.26,9.8,10.0,10.0,10.9,14.5,16.7,14.1,14.1,16.0,15.8,13.8,14.8,12.8,13.4,15.3,15.9,16.6,13.9,15.1
M.0.EL,BTN,KYOTOGHG (AR4GWP100),HISTCR,PRIMAP-hist_v2.4.1,MtCO2,Total GHG emissions (excl. LULUCF),1.8,1.68,1.72,1.6400000000000001,1.56,1.74,1.68,1.67,1.6,1.84,1.95,2.21,2.23,2.31,2.35,2.43,2.67,2.7800000000000002,2.98,3.24,3.1,3.31
M.0.EL,BWA,KYOTOGHG (AR4GWP100),HISTCR,PRIMAP-hist_v2.4.1,MtCO2,Total GHG emissions (excl. LULUCF),13.6,15.9,16.4,9.3,10.0,11.5,13.700000000000001,11.9,21.1,11.5,23.8,27.7,17.0,16.8,15.5,13.4,13.6,17.6,15.3,13.4,14.8,14.9
M.0.EL,CAF,KYOTOGHG (AR4GWP100),HISTCR,PRIMAP-hist_v2.4.1,MtCO2,Total GHG emissions (excl. LULUCF),35.7,30.900000000000002,28.0,38.2,38.2,38.2,14.4,14.6,14.8,8.76,9.09,9.66,9.290000000000001,9.53,9.52,9.69,10.1,9.73,9.94,9.81,10.1,10.3
M.0.EL,CAN,KYOTOGHG (AR4GWP100),HISTCR,PRIMAP-hist_v2.4.1,MtCO2,Total GHG emissions (excl. LULUCF),731.0,722.0,728.0,747.0,749.0,745.0,739.0,761.0,743.0,701.0,714.0,724.0,730.0,736.0,733.0,736.0,718.0,728.0,743.0,741.0,673.0,686.0
M.0.EL,CHE,KYOTOGHG (AR4GWP100),HISTCR,PRIMAP-hist_v2.4.1,MtCO2,Total GHG emissions (excl. LULUCF),53.1,54.6,53.1,54.2,54.800000000000004,55.5,55.1,53.2,54.6,53.2,54.800000000000004,50.7,52.0,52.9,49.0,48.5,48.7,47.9,46.4,46.1,43.5,44.4
M.0.EL,CHL,KYOTOGHG (AR4GWP100),HISTCR,PRIMAP-hist_v2.4.1,MtCO2,Total GHG emissions (excl. LULUCF),73.8,71.8,73.0,74.0,80.0,81.10000000000001,83.60000000000001,92.5,92.60000000000001,88.9,88.8,97.3,104.0,104.0,100.0,107.0,111.0,112.0,113.0,115.0,106.0,108.0
M.0.EL,CHN,KYOTOGHG (AR4GWP100),HISTCR,PRIMAP-hist_v2.4.1,MtCO2,Total GHG emissions (excl. LULUCF),4930.0,5040.0,5460.0,6240.0,7060.0,7820.0,8580.0,9130.0,9700.0,10200.0,11000.0,12100.0,12400.0,12700.0,12900.0,12700.0,12500.0,12800.0,13100.0,13400.0,13700.0,14200.0
M.0.EL,CIV,KYOTOGHG (AR4GWP100),HISTCR,PRIMAP-hist_v2.4.1,MtCO2,Total GHG emissions (excl. LULUCF),19.2,20.8,21.5,19.3,20.7,22.7,21.900000000000002,22.0,21.7,20.3,21.2,22.7,25.3,27.2,26.900000000000002,26.8,31.1,30.2,30.400000000000002,30.900000000000002,31.2,31.5
M.0.EL,CMR,KYOTOGHG (AR4GWP100),HISTCR,PRIMAP-hist_v2.4.1,MtCO2,Total GHG emissions (excl. LULUCF),33.5,32.6,31.6,33.5,31.6,32.9,31.400000000000002,32.9,32.9,34.0,33.9,33.0,33.1,33.4,36.2,39.6,40.7,38.300000000000004,38.6,39.300000000000004,37.800000000000004,37.5
M.0.EL,COD,KYOTOGHG (AR4GWP100),HISTCR,PRIMAP-hist_v2.4.1,MtCO2,Total GHG emissions (excl. LULUCF),60.300000000000004,59.4,59.2,59.5,62.6,62.1,63.1,59.1,62.0,61.4,65.2,64.1,69.5,74.9,77.3,76.2,75.5,79.2,78.10000000000001,80.10000000000001,80.7,81.8
M.0.EL,COG,KYOTOGHG (AR4GWP100),HISTCR,PRIMAP-hist_v2.4.1,MtCO2,Total GHG emissions (excl. LULUCF),20.1,19.400000000000002,13.8,16.1,17.3,20.7,22.5,19.5,19.2,20.8,22.900000000000002,22.2,21.900000000000002,21.6,21.3,21.3,21.3,22.5,25.400000000000002,26.0,27.0,24.5
M.0.EL,COK,KYOTOGHG (AR4GWP100),HISTCR,PRIMAP-hist_v2.4.1,MtCO2,Total GHG emissions (excl. LULUCF),0.0703,0.0535,0.041600000000000005,0.0489,0.0686,0.0768,0.0695,0.0693,0.0695,0.0655,0.0731,0.08059999999999999,0.0844,0.0839,0.0877,0.0836,0.0834,0.0902,0.0928,0.09820000000000001,0.09590000000000001,0.0952
M.0.EL,COL,KYOTOGHG (AR4GWP100),HISTCR,PRIMAP-hist_v2.4.1,MtCO2,Total GHG emissions (excl. LULUCF),117.0,116.0,116.0,121.0,123.0,128.0,133.0,135.0,136.0,141.0,150.0,149.0,153.0,158.0,161.0,166.0,171.0,166.0,176.0,185.0,174.0,182.0
M.0.EL,COM,KYOTOGHG (AR4GWP100),HISTCR,PRIMAP-hist_v2.4.1,MtCO2,Total GHG emissions (excl. LULUCF),0.481,0.5,0.51,0.535,0.555,0.5630000000000001,0.606,0.533,0.5660000000000001,0.601,0.649,0.647,0.67,0.713,0.706,0.731,0.771,0.8190000000000001,0.847,0.879,0.85,0.872
M.0.EL,CPV,KYOTOGHG (AR4GWP100),HISTCR,PRIMAP-hist_v2.4.1,MtCO2,Total GHG emissions (excl. LULUCF),0.458,0.47400000000000003,0.52,0.529,0.562,0.677,0.708,0.741,0.704,0.765,0.809,0.872,0.759,0.756,0.752,0.76,0.8140000000000001,0.8300000000000001,1.0,1.02,1.03,1.09
M.0.EL,CRI,KYOTOGHG (AR4GWP100),HISTCR,PRIMAP-hist_v2.4.1,MtCO2,Total GHG emissions (excl. LULUCF),12.0,12.0,12.5,13.200000000000001,13.3,13.1,13.4,14.6,15.0,14.5,14.8,15.200000000000001,14.9,15.4,15.4,15.200000000000001,16.2,16.6,17.3,18.1,16.8,18.1
M.0.EL,CUB,KYOTOGHG (AR4GWP100),HISTCR,PRIMAP-hist_v2.4.1,MtCO2,Total GHG emissions (excl. LULUCF),39.6,38.5,38.2,37.4,36.800000000000004,37.300000000000004,38.300000000000004,37.9,39.9,40.2,44.800000000000004,40.4,40.800000000000004,39.300000000000004,39.1,40.300000000000004,39.0,36.0,36.6,37.1,33.7,38.9
M.0.EL,CYP,KYOTOGHG (AR4GWP100),HISTCR,PRIMAP-hist_v2.4.1,MtCO2,Total GHG emissions (excl. LULUCF),8.34,8.290000000000001,8.51,8.91,9.13,9.26,9.51,9.85,10.1,9.83,9.5,9.19,8.66,7.95,8.32,8.370000000000001,8.83,9.02,8.89,8.92,8.9,9.17
M.0.EL,CZE,KYOTOGHG (AR4GWP100),HISTCR,PRIMAP-hist_v2.4.1,MtCO2,Total GHG emissions (excl. LULUCF),150.0,150.0,147.0,150.0,151.0,149.0,150.0,152.0,147.0,137.0,140.0,139.0,135.0,129.0,127.0,129.0,130.0,131.0,129.0,123.0,114.0,119.0
M.0.EL,DEU,KYOTOGHG (AR4GWP100),HISTCR,PRIMAP-hist_v2.4.1,MtCO2,Total GHG emissions (excl. LULUCF),1040.0,1050.0,1030.0,1030.0,1010.0,988.0,995.0,969.0,970.0,903.0,937.0,913.0,918.0,935.0,896.0,899.0,903.0,887.0,852.0,801.0,730.0,762.0
M.0.EL,DJI,KYOTOGHG (AR4GWP100),HISTCR,PRIMAP-hist_v2.4.1,MtCO2,Total GHG emissions (excl. LULUCF),1.48,1.48,1.52,1.56,1.56,1.58,1.59,1.6500000000000001,1.71,1.6500000000000001,1.71,1.68,1.71,1.8,1.6400000000000001,1.7,1.7,1.71,1.73,1.74,1.72,1.75
M.0.EL,DMA,KYOTOGHG (AR4GWP100),HISTCR,PRIMAP-hist_v2.4.1,MtCO2,Total GHG emissions (excl. LULUCF),0.213,0.219,0.209,0.211,0.201,0.215,0.233,0.244,0.234,0.23900000000000002,0.243,0.261,0.258,0.262,0.266,0.272,0.269,0.256,0.261,0.27,0.249,0.267
M.0.EL,DNK,KYOTOGHG (AR4GWP100),HISTCR,PRIMAP-hist_v2.4.1,MtCO2,Total GHG emissions (excl. LULUCF),72.4,74.10000000000001,73.5,78.60000000000001,72.60000000000001,68.2,76.0,71.3,67.7,64.9,65.2,60.0,55.4,57.1,52.9,50.300000000000004,52.300000000000004,50.2,50.1,46.300000000000004,41.0,42.0
M.0.EL,DOM,KYOTOGHG (AR4GWP100),HISTCR,PRIMAP-hist_v2.4.1,MtCO2,Total GHG emissions (excl. LULUCF),27.3,27.400000000000002,29.3,28.7,26.0,25.6,26.7,27.8,27.7,27.2,27.5,28.2,28.400000000000002,28.2,28.900000000000002,30.400000000000002,31.6,31.7,32.4,33.1,31.6,33.4
M.0.EL,DZA,KYOTOGHG (AR4GWP100),HISTCR,PRIMAP-hist_v2.4.1,MtCO2,Total GHG emissions (excl. LULUCF),177.0,163.0,166.0,174.0,169.0,189.0,186.0,192.0,195.0,200.0,203.0,205.0,216.0,229.0,244.0,254.0,257.0,263.0,275.0,277.0,267.0,265.0
M.0.EL,ECU,KYOTOGHG (AR4GWP100),HISTCR,PRIMAP-hist_v2.4.1,MtCO2,Total GHG emissions (excl. LULUCF),43.9,48.7,49.6,52.2,55.800000000000004,56.9,56.0,60.4,56.800000000000004,61.4,65.3,67.9,66.3,69.10000000000001,72.7,69.0,68.60000000000001,68.1,70.10000000000001,69.3,63.5,72.9
M.0.EL,EGY,KYOTOGHG (AR4GWP100),HISTCR,PRIMAP-hist_v2.4.1,MtCO2,Total GHG emissions (excl. LULUCF),193.0,187.0,195.0,219.0,230.0,252.0,265.0,275.0,286.0,292.0,293.0,310.0,306.0,307.0,321.0,317.0,336.0,356.0,351.0,353.0,332.0,345.0
M.0.EL,ERI,KYOTOGHG (AR4GWP100),HISTCR,PRIMAP-hist_v2.4.1,MtCO2,Total GHG emissions (excl. LULUCF),5.46,5.19,5.13,5.37,5.47,5.5600000000000005,5.23,5.55,5.42,5.53,5.44,5.72,5.83,5.9,5.94,5.97,6.03,6.1000000000000005,6.19,6.2,6.17,6.24
M.0.EL,ESP,KYOTOGHG (AR4GWP100),HISTCR,PRIMAP-hist_v2.4.1,MtCO2,Total GHG emissions (excl. LULUCF),390.0,388.0,406.0,414.0,429.0,444.0,437.0,448.0,414.0,374.0,360.0,359.0,351.0,324.0,326.0,338.0,326.0,339.0,333.0,313.0,272.0,293.0
M.0.EL,EST,KYOTOGHG (AR4GWP100),HISTCR,PRIMAP-hist_v2.4.1,MtCO2,Total GHG emissions (excl. LULUCF),17.5,18.0,17.400000000000002,19.3,19.5,19.2,18.6,22.2,20.1,16.6,21.2,21.2,20.1,22.0,21.2,18.1,19.8,21.0,20.2,14.700000000000001,12.700000000000001,14.200000000000001
M.0.EL,ETH,KYOTOGHG (AR4GWP100),HISTCR,PRIMAP-hist_v2.4.1,MtCO2,Total GHG emissions (excl. LULUCF),77.5,81.10000000000001,89.5,89.10000000000001,92.2,78.5,81.7,92.60000000000001,94.0,97.60000000000001,104.0,102.0,106.0,108.0,114.0,117.0,122.0,126.0,128.0,136.0,140.0,143.0
M.0.EL,EUU,KYOTOGHG (AR4GWP100),HISTCR,PRIMAP-hist_v2.4.1,MtCO2,Total GHG emissions (excl. LULUCF),4460.0,4510.0,4500.0,4580.0,4580.0,4560.0,4550.0,4520.0,4420.0,4100.0,4190.0,4080.0,4010.0,3920.0,3780.0,3830.0,3840.0,3860.0,3780.0,3620.0,3290.0,3480.0
M.0.EL,FIN,KYOTOGHG (AR4GWP100),HISTCR,PRIMAP-hist_v2.4.1,MtCO2,Total GHG emissions (excl. LULUCF),70.5,75.9,78.3,85.9,82.2,70.2,81.60000000000001,79.9,71.8,68.1,75.9,68.1,62.6,63.0,58.800000000000004,55.2,58.1,55.300000000000004,56.4,53.0,46.9,47.7
M.0.EL,FJI,KYOTOGHG (AR4GWP100),HISTCR,PRIMAP-hist_v2.4.1,MtCO2,Total GHG emissions (excl. LULUCF),2.19,2.41,2.21,2.32,2.68,2.4,2.52,2.46,2.22,2.08,2.49,2.37,2.35,2.63,2.38,2.92,2.79,3.18,3.33,3.65,3.58,3.64
M.0.EL,FRA,KYOTOGHG (AR4GWP100),HISTCR,PRIMAP-hist_v2.4.1,MtCO2,Total GHG emissions (excl. LULUCF),555.0,560.0,555.0,558.0,557.0,558.0,547.0,538.0,532.0,510.0,514.0,490.0,492.0,493.0,462.0,466.0,468.0,471.0,452.0,443.0,387.0,414.0
M.0.EL,FSM,KYOTOGHG (AR4GWP100),HISTCR,PRIMAP-hist_v2.4.1,MtCO2,Total GHG emissions (excl. LULUCF),0.183,0.198,0.191,0.202,0.198,0.176,0.176,0.188,0.166,0.20500000000000002,0.161,0.179,0.187,0.199,0.2,0.20800000000000002,0.209,0.209,0.218,0.234,0.234,0.23700000000000002
M.0.EL,GAB,KYOTOGHG (AR4GWP100),HISTCR,PRIMAP-hist_v2.4.1,MtCO2,Total GHG emissions (excl. LULUCF),23.900000000000002,24.7,24.0,26.7,24.7,23.1,20.0,17.400000000000002,18.8,18.2,18.8,18.6,18.5,18.5,18.900000000000002,19.6,19.5,18.1,16.9,18.6,18.400000000000002,17.5
M.0.EL,GBR,KYOTOGHG (AR4GWP100),HISTCR,PRIMAP-hist_v2.4.1,MtCO2,Total GHG emissions (excl. LULUCF),717.0,720.0,698.0,705.0,701.0,693.0,686.0,674.0,653.0,597.0,611.0,566.0,582.0,568.0,528.0,511.0,486.0,474.0,466.0,449.0,407.0,428.0
M.0.EL,GEO,KYOTOGHG (AR4GWP100),HISTCR,PRIMAP-hist_v2.4.1,MtCO2,Total GHG emissions (excl. LULUCF),12.4,11.6,11.6,12.200000000000001,12.8,13.0,15.200000000000001,15.8,15.0,14.1,13.9,17.0,18.3,17.7,18.6,18.8,19.3,19.400000000000002,17.900000000000002,18.1,17.8,16.3
M.0.EL,GHA,KYOTOGHG (AR4GWP100),HISTCR,PRIMAP-hist_v2.4.1,MtCO2,Total GHG emissions (excl. LULUCF),17.1,17.3,18.2,18.900000000000002,18.900000000000002,19.7,22.0,21.8,22.900000000000002,21.2,23.3,27.3,29.2,30.6,31.5,33.5,33.8,34.4,37.7,39.7,49.300000000000004,60.0
M.0.EL,GIN,KYOTOGHG (AR4GWP100),HISTCR,PRIMAP-hist_v2.4.1,MtCO2,Total GHG emissions (excl. LULUCF),13.1,14.0,15.200000000000001,15.4,15.5,16.9,17.2,17.6,18.2,18.8,21.0,22.3,23.5,23.400000000000002,23.900000000000002,24.400000000000002,27.2,27.3,27.7,29.1,30.1,31.3
M.0.EL,GMB,KYOTOGHG (AR4GWP100),HISTCR,PRIMAP-hist_v2.4.1,MtCO2,Total GHG emissions (excl. LULUCF),1.45,1.3900000000000001,1.37,1.48,1.59,1.6500000000000001,1.73,1.73,1.87,2.19,2.33,2.02,2.1,2.16,2.3000000000000003,2.46,2.34,2.38,2.37,2.54,2.6,2.66
M.0.EL,GNB,KYOTOGHG (AR4GWP100),HISTCR,PRIMAP-hist_v2.4.1,MtCO2,Total GHG emissions (excl. LULUCF),1.98,2.27,2.33,2.38,2.31,2.27,2.45,2.48,2.41,2.54,2.64,2.65,2.85,2.81,2.82,2.94,2.93,2.96,3.14,3.16,3.2,3.27
M.0.EL,GNQ,KYOTOGHG (AR4GWP100),HISTCR,PRIMAP-hist_v2.4.1,MtCO2,Total GHG emissions (excl. LULUCF),11.9,14.3,14.3,16.6,17.5,18.6,19.900000000000002,19.3,20.7,18.8,19.400000000000002,20.0,19.6,18.7,18.2,16.3,15.200000000000001,14.0,15.3,14.9,15.1,12.700000000000001
M.0.EL,GRC,KYOTOGHG (AR4GWP100),HISTCR,PRIMAP-hist_v2.4.1,MtCO2,Total GHG emissions (excl. LULUCF),127.0,128.0,128.0,132.0,133.0,137.0,133.0,136.0,132.0,125.0,119.0,116.0,113.0,103.0,99.7,95.9,92.2,96.0,92.7,86.0,74.0,76.10000000000001
M.0.EL,GRD,KYOTOGHG (AR4GWP100),HISTCR,PRIMAP-hist_v2.4.1,MtCO2,Total GHG emissions (excl. LULUCF),0.25,0.254,0.266,0.279,0.268,0.28,0.295,0.303,0.319,0.32,0.327,0.322,0.341,0.375,0.305,0.331,0.339,0.353,0.362,0.373,0.335,0.369
M.0.EL,GTM,KYOTOGHG (AR4GWP100),HISTCR,PRIMAP-hist_v2.4.1,MtCO2,Total GHG emissions (excl. LULUCF),21.2,21.8,22.6,22.400000000000002,23.5,24.8,25.0,25.7,24.3,25.6,26.2,26.8,27.5,29.1,30.400000000000002,32.9,34.1,35.300000000000004,33.2,34.9,33.1,35.1
M.0.EL,GUY,KYOTOGHG (AR4GWP100),HISTCR,PRIMAP-hist_v2.4.1,MtCO2,Total GHG emissions (excl. LULUCF),3.13,3.6,2.93,3.22,3.19,2.82,2.68,2.95,2.97,3.17,3.22,3.34,3.39,3.47,3.65,3.74,3.77,3.87,4.03,4.1,3.97,4.0
M.0.EL,HND,KYOTOGHG (AR4GWP100),HISTCR,PRIMAP-hist_v2.4.1,MtCO2,Total GHG emissions (excl. LULUCF),11.3,11.8,12.0,13.4,13.700000000000001,14.200000000000001,13.4,15.0,14.8,14.4,14.3,15.1,15.4,15.5,15.6,16.2,15.9,16.2,16.6,17.2,15.9,17.2
M.0.EL,HRV,KYOTOGHG (AR4GWP100),HISTCR,PRIMAP-hist_v2.4.1,MtCO2,Total GHG emissions (excl. LULUCF),25.6,26.8,27.8,29.3,29.3,29.8,30.2,31.6,30.7,28.400000000000002,28.0,27.7,26.0,24.7,24.0,24.400000000000002,24.7,25.6,24.5,24.7,23.900000000000002,24.400000000000002
M.0.EL,HTI,KYOTOGHG (AR4GWP100),HISTCR,PRIMAP-hist_v2.4.1,MtCO2,Total GHG emissions (excl. LULUCF),9.51,9.8,10.200000000000001,10.1,10.5,10.8,10.9,11.4,11.5,11.5,11.6,11.700000000000001,11.9,12.1,12.700000000000001,13.200000000000001,13.5,13.5,13.5,13.8,13.4,13.9
M.0.EL,HUN,KYOTOGHG (AR4GWP100),HISTCR,PRIMAP-hist_v2.4.1,MtCO2,Total GHG emissions (excl. LULUCF),75.2,77.10000000000001,75.4,78.3,77.2,77.0,75.7,73.9,71.8,65.6,66.2,64.5,61.1,58.2,58.6,61.7,62.4,64.9,64.9,64.7,62.5,63.300000000000004
M.0.EL,IDN,KYOTOGHG (AR4GWP100),HISTCR,PRIMAP-hist_v2.4.1,MtCO2,Total GHG emissions (excl. LULUCF),548.0,581.0,585.0,618.0,627.0,628.0,637.0,659.0,648.0,671.0,723.0,780.0,825.0,783.0,831.0,847.0,864.0,905.0,944.0,981.0,934.0,954.0
M.0.EL,IND,KYOTOGHG (AR4GWP100),HISTCR,PRIMAP-hist_v2.4.1,MtCO2,Total GHG emissions (excl. LULUCF),1650.0,1650.0,1640.0,1690.0,1760.0,1820.0,1910.0,2000.0,2120.0,2280.0,2290.0,2410.0,2590.0,2610.0,2830.0,2930.0,3000.0,3090.0,3240.0,3270.0,3080.0,3380.0
M.0.EL,IRL,KYOTOGHG (AR4GWP100),HISTCR,PRIMAP-hist_v2.4.1,MtCO2,Total GHG emissions (excl. LULUCF),69.10000000000001,71.10000000000001,69.2,69.5,69.0,70.8,70.2,69.10000000000001,68.60000000000001,62.800000000000004,62.300000000000004,58.1,59.1,58.9,58.4,60.9,63.1,62.5,62.800000000000004,60.2,58.1,60.1
M.0.EL,IRN,KYOTOGHG (AR4GWP100),HISTCR,PRIMAP-hist_v2.4.1,MtCO2,Total GHG emissions (excl. LULUCF),530.0,551.0,558.0,597.0,639.0,668.0,722.0,733.0,749.0,765.0,792.0,804.0,815.0,813.0,852.0,854.0,890.0,946.0,973.0,971.0,990.0,1060.0
M.0.EL,IRQ,KYOTOGHG (AR4GWP100),HISTCR,PRIMAP-hist_v2.4.1,MtCO2,Total GHG emissions (excl. LULUCF),146.0,161.0,159.0,163.0,183.0,183.0,166.0,127.0,161.0,181.0,197.0,229.0,256.0,270.0,276.0,284.0,337.0,354.0,394.0,386.0,361.0,380.0
M.0.EL,ISL,KYOTOGHG (AR4GWP100),HISTCR,PRIMAP-hist_v2.4.1,MtCO2,Total GHG emissions (excl. LULUCF),4.13,4.0200000000000005,4.11,4.08,4.18,4.03,4.62,4.92,5.3100000000000005,4.98,4.87,4.65,4.66,4.67,4.67,4.75,4.7,4.79,4.8500000000000005,4.72,4.18,4.3100000000000005
M.0.EL,ISR,KYOTOGHG (AR4GWP100),HISTCR,PRIMAP-hist_v2.4.1,MtCO2,Total GHG emissions (excl. LULUCF),70.2,73.60000000000001,69.8,73.10000000000001,73.9,74.7,76.4,79.9,80.5,76.4,79.7,82.60000000000001,88.10000000000001,83.5,81.60000000000001,85.10000000000001,85.5,84.4,85.10000000000001,86.8,82.0,82.9
M.0.EL,ITA,KYOTOGHG (AR4GWP100),HISTCR,PRIMAP-hist_v2.4.1,MtCO2,Total GHG emissions (excl. LULUCF),559.0,561.0,567.0,586.0,592.0,593.0,582.0,576.0,563.0,508.0,519.0,507.0,487.0,452.0,431.0,443.0,440.0,435.0,431.0,419.0,381.0,411.0
M.0.EL,JAM,KYOTOGHG (AR4GWP100),HISTCR,PRIMAP-hist_v2.4.1,MtCO2,Total GHG emissions (excl. LULUCF),15.700000000000001,15.9,15.5,16.2,16.1,15.9,16.1,15.9,18.5,15.5,14.9,15.200000000000001,14.9,15.4,14.6,14.6,14.9,14.700000000000001,14.9,15.200000000000001,14.3,15.1
M.0.EL,JOR,KYOTOGHG (AR4GWP100),HISTCR,PRIMAP-hist_v2.4.1,MtCO2,Total GHG emissions (excl. LULUCF),20.6,21.5,22.8,23.7,26.0,28.3,28.7,29.7,29.1,29.400000000000002,28.5,29.2,32.1,32.1,34.300000000000004,33.6,32.3,34.0,28.400000000000002,28.900000000000002,27.7,28.5
M.0.EL,JPN,KYOTOGHG (AR4GWP100),HISTCR,PRIMAP-hist_v2.4.1,MtCO2,Total GHG emissions (excl. LULUCF),1380.0,1350.0,1380.0,1380.0,1370.0,1380.0,1360.0,1400.0,1320.0,1250.0,1300.0,1360.0,1400.0,1410.0,1360.0,1320.0,1310.0,1290.0,1250.0,1210.0,1150.0,1180.0
M.0.EL,KAZ,KYOTOGHG (AR4GWP100),HISTCR,PRIMAP-hist_v2.4.1,MtCO2,Total GHG emissions (excl. LULUCF),217.0,211.0,233.0,255.0,261.0,275.0,292.0,294.0,290.0,278.0,302.0,292.0,297.0,305.0,353.0,357.0,362.0,381.0,394.0,361.0,347.0,354.0
M.0.EL,KEN,KYOTOGHG (AR4GWP100),HISTCR,PRIMAP-hist_v2.4.1,MtCO2,Total GHG emissions (excl. LULUCF),43.300000000000004,43.300000000000004,43.9,46.1,48.300000000000004,50.2,49.0,65.0,62.800000000000004,62.6,62.4,65.2,67.0,65.8,67.6,71.2,75.8,72.3,74.8,80.60000000000001,80.60000000000001,84.3
M.0.EL,KGZ,KYOTOGHG (AR4GWP100),HISTCR,PRIMAP-hist_v2.4.1,MtCO2,Total GHG emissions (excl. LULUCF),10.200000000000001,10.1,10.8,11.3,12.1,12.6,12.6,13.700000000000001,15.1,15.0,14.1,15.700000000000001,18.400000000000002,18.5,19.400000000000002,19.5,19.2,19.0,21.8,21.3,21.1,22.3
M.0.EL,KHM,KYOTOGHG (AR4GWP100),HISTCR,PRIMAP-hist_v2.4.1,MtCO2,Total GHG emissions (excl. LULUCF),21.900000000000002,22.0,22.400000000000002,24.0,23.900000000000002,25.400000000000002,27.0,27.900000000000002,28.6,30.0,30.7,31.8,31.400000000000002,31.400000000000002,31.900000000000002,34.2,36.2,39.5,41.2,44.0,43.7,44.1
M.0.EL,KIR,KYOTOGHG (AR4GWP100),HISTCR,PRIMAP-hist_v2.4.1,MtCO2,Total GHG emissions (excl. LULUCF),0.041100000000000005,0.039200000000000006,0.0474,0.05,0.052700000000000004,0.055299999999999995,0.08750000000000001,0.0931,0.0893,0.0787,0.0828,0.0798,0.0768,0.0773,0.0849,0.0892,0.0936,0.0943,0.0984,0.105,0.105,0.106
M.0.EL,KNA,KYOTOGHG (AR4GWP100),HISTCR,PRIMAP-hist_v2.4.1,MtCO2,Total GHG emissions (excl. LULUCF),0.23,0.234,0.253,0.254,0.271,0.257,0.26,0.277,0.28,0.28800000000000003,0.28600000000000003,0.298,0.279,0.28300000000000003,0.29,0.295,0.3,0.305,0.313,0.324,0.292,0.321
M.0.EL,KOR,KYOTOGHG (AR4GWP100),HISTCR,PRIMAP-hist_v2.4.1,MtCO2,Total GHG emissions (excl. LULUCF),514.0,527.0,550.0,559.0,568.0,572.0,578.0,591.0,605.0,608.0,667.0,696.0,699.0,708.0,703.0,704.0,705.0,723.0,739.0,713.0,671.0,688.0
M.0.EL,KWT,KYOTOGHG (AR4GWP100),HISTCR,PRIMAP-hist_v2.4.1,MtCO2,Total GHG emissions (excl. LULUCF),82.2,85.4,87.4,94.7,98.2,109.0,111.0,111.0,118.0,120.0,123.0,123.0,139.0,136.0,131.0,137.0,144.0,145.0,148.0,149.0,142.0,146.0
M.0.EL,LAO,KYOTOGHG (AR4GWP100),HISTCR,PRIMAP-hist_v2.4.1,MtCO2,Total GHG emissions (excl. LULUCF),8.92,9.290000000000001,9.6,9.870000000000001,10.3,10.3,10.8,11.4,11.9,12.8,13.8,13.6,14.6,15.6,15.9,21.1,27.400000000000002,31.1,32.3,34.5,34.9,35.4
M.0.EL,LBN,KYOTOGHG (AR4GWP100),HISTCR,PRIMAP-hist_v2.4.1,MtCO2,Total GHG emissions (excl. LULUCF),19.1,20.2,20.1,22.6,21.5,20.900000000000002,19.0,18.0,21.900000000000002,25.6,24.8,25.400000000000002,27.3,27.0,29.1,31.0,31.900000000000002,33.5,24.3,24.5,23.2,23.900000000000002
M.0.EL,LBR,KYOTOGHG (AR4GWP100),HISTCR,PRIMAP-hist_v2.4.1,MtCO2,Total GHG emissions (excl. LULUCF),1.93,1.99,2.0300000000000002,2.12,2.24,2.41,2.58,2.59,2.59,2.86,3.0500000000000003,3.23,3.46,3.43,3.89,4.1,4.22,4.16,4.39,4.62,4.67,4.82
M.0.EL,LBY,KYOTOGHG (AR4GWP100),HISTCR,PRIMAP-hist_v2.4.1,MtCO2,Total GHG emissions (excl. LULUCF),85.5,83.7,81.5,87.5,89.5,94.7,94.8,89.7,96.5,95.9,102.0,59.0,87.3,84.9,76.10000000000001,68.0,61.5,70.7,80.0,82.7,61.5,90.3
M.0.EL,LCA,KYOTOGHG (AR4GWP100),HISTCR,PRIMAP-hist_v2.4.1,MtCO2,Total GHG emissions (excl. LULUCF),0.524,0.529,0.482,0.587,0.601,0.578,0.625,0.55,0.5670000000000001,0.617,0.681,0.641,0.639,0.608,0.666,0.682,0.646,0.668,0.682,0.7000000000000001,0.637,0.6920000000000001
M.0.EL,LIE,KYOTOGHG (AR4GWP100),HISTCR,PRIMAP-hist_v2.4.1,MtCO2,Total GHG emissions (excl. LULUCF),0.248,0.247,0.254,0.264,0.264,0.264,0.268,0.23900000000000002,0.259,0.244,0.229,0.216,0.225,0.231,0.2,0.199,0.188,0.194,0.182,0.188,0.18,0.188
M.0.EL,LKA,KYOTOGHG (AR4GWP100),HISTCR,PRIMAP-hist_v2.4.1,MtCO2,Total GHG emissions (excl. LULUCF),22.6,22.6,23.5,23.6,24.6,25.3,25.1,25.3,26.400000000000002,26.900000000000002,27.6,29.900000000000002,31.1,29.7,32.5,35.5,37.9,37.0,37.0,39.5,38.4,37.7
M.0.EL,LSO,KYOTOGHG (AR4GWP100),HISTCR,PRIMAP-hist_v2.4.1,MtCO2,Total GHG emissions (excl. LULUCF),4.25,4.25,4.1,4.19,4.18,4.38,4.3500000000000005,4.46,4.42,4.55,4.59,4.67,4.75,4.66,4.65,4.53,4.5200000000000005,4.8500000000000005,4.66,4.54,4.33,4.42
M.0.EL,LTU,KYOTOGHG (AR4GWP100),HISTCR,PRIMAP-hist_v2.4.1,MtCO2,Total GHG emissions (excl. LULUCF),19.5,20.3,20.7,20.900000000000002,21.7,22.8,23.1,25.3,24.3,20.0,20.8,21.400000000000002,21.3,20.1,20.1,20.400000000000002,20.400000000000002,20.6,20.2,20.400000000000002,19.900000000000002,20.3
M.0.EL,LUX,KYOTOGHG (AR4GWP100),HISTCR,PRIMAP-hist_v2.4.1,MtCO2,Total GHG emissions (excl. LULUCF),9.72,10.200000000000001,11.0,11.4,12.8,13.1,12.9,12.3,12.200000000000001,11.700000000000001,12.200000000000001,12.1,11.9,11.3,10.8,10.4,10.1,10.3,10.6,10.8,9.13,9.41
M.0.EL,LVA,KYOTOGHG (AR4GWP100),HISTCR,PRIMAP-hist_v2.4.1,MtCO2,Total GHG emissions (excl. LULUCF),10.1,10.700000000000001,10.700000000000001,10.9,10.8,11.0,11.5,11.9,11.5,10.8,11.9,11.1,10.9,10.8,10.700000000000001,10.8,10.700000000000001,10.8,11.3,11.200000000000001,10.0,10.3
M.0.EL,MAR,KYOTOGHG (AR4GWP100),HISTCR,PRIMAP-hist_v2.4.1,MtCO2,Total GHG emissions (excl. LULUCF),52.800000000000004,55.0,57.4,59.7,61.9,64.4,66.6,68.9,71.2,73.4,75.60000000000001,79.3,82.8,82.9,83.0,84.2,85.4,89.3,93.10000000000001,98.5,92.5,100.0
M.0.EL,MCO,KYOTOGHG (AR4GWP100),HISTCR,PRIMAP-hist_v2.4.1,MtCO2,Total GHG emissions (excl. LULUCF),0.108,0.108,0.108,0.105,0.1,0.0989,0.09440000000000001,0.0942,0.09490000000000001,0.0911,0.0896,0.0873,0.08990000000000001,0.092,0.0861,0.0891,0.0873,0.08420000000000001,0.08750000000000001,0.0838,0.0713,0.0768
M.0.EL,MDA,KYOTOGHG (AR4GWP100),HISTCR,PRIMAP-hist_v2.4.1,MtCO2,Total GHG emissions (excl. LULUCF),11.700000000000001,12.5,12.3,12.700000000000001,13.6,14.0,13.1,12.8,14.0,14.5,14.700000000000001,15.0,14.1,13.6,14.5,14.5,15.0,15.5,18.3,17.3,16.7,18.0
M.0.EL,MDG,KYOTOGHG (AR4GWP100),HISTCR,PRIMAP-hist_v2.4.1,MtCO2,Total GHG emissions (excl. LULUCF),30.7,28.3,26.8,26.8,26.5,28.6,30.6,30.7,30.1,30.400000000000002,30.900000000000002,31.400000000000002,32.4,32.3,32.6,33.1,34.0,33.8,33.2,33.8,33.4,33.3
M.0.EL,MDV,KYOTOGHG (AR4GWP100),HISTCR,PRIMAP-hist_v2.4.1,MtCO2,Total GHG emissions (excl. LULUCF),0.55,0.579,0.725,0.66,0.841,0.788,0.975,1.02,1.1,1.16,1.24,1.32,1.4000000000000001,1.49,1.56,1.58,1.74,1.81,2.04,2.35,2.37,2.45
M.0.EL,MEX,KYOTOGHG (AR4GWP100),HISTCR,PRIMAP-hist_v2.4.1,MtCO2,Total GHG emissions (excl. LULUCF),560.0,550.0,566.0,568.0,572.0,591.0,618.0,662.0,741.0,707.0,686.0,687.0,667.0,678.0,687.0,691.0,716.0,723.0,731.0,718.0,643.0,672.0
M.0.EL,MHL,KYOTOGHG (AR4GWP100),HISTCR,PRIMAP-hist_v2.4.1,MtCO2,Total GHG emissions (excl. LULUCF),0.13,0.133,0.139,0.136,0.145,0.14200000000000002,0.151,0.157,0.164,0.171,0.178,0.18,0.177,0.181,0.185,0.186,0.186,0.19,0.199,0.212,0.212,0.215
M.0.EL,MKD,KYOTOGHG (AR4GWP100),HISTCR,PRIMAP-hist_v2.4.1,MtCO2,Total GHG emissions (excl. LULUCF),13.0,13.1,13.3,12.9,12.8,13.6,12.9,13.4,13.6,13.700000000000001,13.8,13.9,14.1,13.200000000000001,12.9,12.5,12.200000000000001,12.8,12.3,13.4,12.0,12.4
M.0.EL,MLI,KYOTOGHG (AR4GWP100),HISTCR,PRIMAP-hist_v2.4.1,MtCO2,Total GHG emissions (excl. LULUCF),14.1,17.2,20.6,24.1,29.400000000000002,33.3,36.7,40.6,46.2,48.5,54.1,55.2,56.800000000000004,59.1,60.800000000000004,63.2,70.0,70.5,72.4,75.3,79.60000000000001,82.7
M.0.EL,MLT,KYOTOGHG (AR4GWP100),HISTCR,PRIMAP-hist_v2.4.1,MtCO2,Total GHG emissions (excl. LULUCF),2.81,2.95,3.0,3.2800000000000002,3.16,3.0,3.06,3.15,3.09,2.9,2.96,2.97,3.15,2.81,2.81,2.13,1.84,2.02,2.04,2.14,2.13,1.8
M.0.EL,MMR,KYOTOGHG (AR4GWP100),HISTCR,PRIMAP-hist_v2.4.1,MtCO2,Total GHG emissions (excl. LULUCF),39.7,39.800000000000004,40.6,42.2,43.7,44.7,47.5,48.5,46.9,47.9,50.800000000000004,51.6,49.800000000000004,51.2,54.5,59.6,63.1,65.5,67.7,70.3,71.0,72.4
M.0.EL,MNE,KYOTOGHG (AR4GWP100),HISTCR,PRIMAP-hist_v2.4.1,MtCO2,Total GHG emissions (excl. LULUCF),4.84,4.57,5.11,4.8100000000000005,4.58,4.26,4.42,5.07,4.18,3.99,4.36,4.14,3.7,3.49,3.63,3.48,3.61,3.87,3.7800000000000002,3.58,3.45,2.94
M.0.EL,MNG,KYOTOGHG (AR4GWP100),HISTCR,PRIMAP-hist_v2.4.1,MtCO2,Total GHG emissions (excl. LULUCF),21.5,18.5,18.1,18.1,18.900000000000002,21.400000000000002,24.7,26.900000000000002,27.8,28.900000000000002,26.2,29.2,32.6,35.300000000000004,37.5,35.6,38.5,45.0,46.2,49.800000000000004,50.5,52.2
M.0.EL,MOZ,KYOTOGHG (AR4GWP100),HISTCR,PRIMAP-hist_v2.4.1,MtCO2,Total GHG emissions (excl. LULUCF),21.2,23.6,25.400000000000002,26.400000000000002,26.6,28.7,27.8,28.900000000000002,29.8,27.6,29.900000000000002,33.0,35.300000000000004,37.7,42.9,39.9,40.6,43.1,47.6,45.300000000000004,43.300000000000004,44.7
M.0.EL,MRT,KYOTOGHG (AR4GWP100),HISTCR,PRIMAP-hist_v2.4.1,MtCO2,Total GHG emissions (excl. LULUCF),5.66,8.32,9.06,5.09,7.91,6.0,8.120000000000001,9.68,11.9,8.73,7.97,7.36,8.67,8.9,9.15,9.4,9.85,10.3,10.3,10.5,10.6,10.9
M.0.EL,MUS,KYOTOGHG (AR4GWP100),HISTCR,PRIMAP-hist_v2.4.1,MtCO2,Total GHG emissions (excl. LULUCF),4.3100000000000005,4.5600000000000005,4.47,4.65,4.64,4.76,6.0200000000000005,6.18,6.38,6.42,6.73,6.84,7.0,7.2,7.44,7.51,7.74,7.97,8.01,8.15,7.82,8.21
M.0.EL,MWI,KYOTOGHG (AR4GWP100),HISTCR,PRIMAP-hist_v2.4.1,MtCO2,Total GHG emissions (excl. LULUCF),6.2700000000000005,6.05,6.54,6.8500000000000005,6.91,7.11,7.42,7.86,8.48,8.6,9.26,9.64,9.950000000000001,10.3,10.8,11.200000000000001,11.5,12.3,13.6,14.8,15.1,16.0
M.0.EL,MYS,KYOTOGHG (AR4GWP100),HISTCR,PRIMAP-hist_v2.4.1,MtCO2,Total GHG emissions (excl. LULUCF),184.0,191.0,202.0,218.0,235.0,252.0,252.0,270.0,282.0,270.0,284.0,284.0,303.0,312.0,320.0,324.0,343.0,339.0,351.0,359.0,347.0,342.0
M.0.EL,NAM,KYOTOGHG (AR4GWP100),HISTCR,PRIMAP-hist_v2.4.1,MtCO2,Total GHG emissions (excl. LULUCF),11.200000000000001,11.5,10.6,11.0,11.0,11.4,12.6,13.200000000000001,11.9,14.200000000000001,13.3,14.6,15.5,11.3,12.8,12.700000000000001,12.9,12.8,12.3,11.8,11.6,11.8
M.0.EL,NER,KYOTOGHG (AR4GWP100),HISTCR,PRIMAP-hist_v2.4.1,MtCO2,Total GHG emissions (excl. LULUCF),15.0,15.200000000000001,15.5,16.0,16.4,16.5,16.8,17.3,18.0,19.1,19.3,20.1,22.1,23.7,25.0,25.6,26.7,27.6,29.3,30.6,31.900000000000002,33.5
M.0.EL,NGA,KYOTOGHG (AR4GWP100),HISTCR,PRIMAP-hist_v2.4.1,MtCO2,Total GHG emissions (excl. LULUCF),364.0,369.0,339.0,368.0,369.0,374.0,354.0,341.0,336.0,311.0,363.0,390.0,384.0,376.0,388.0,374.0,377.0,399.0,418.0,428.0,422.0,426.0
M.0.EL,NIC,KYOTOGHG (AR4GWP100),HISTCR,PRIMAP-hist_v2.4.1,MtCO2,Total GHG emissions (excl. LULUCF),12.8,13.1,13.4,14.3,14.0,14.4,14.6,14.8,14.700000000000001,14.9,15.200000000000001,16.3,16.5,16.7,17.6,18.7,19.1,18.8,18.900000000000002,19.6,19.1,20.0
M.0.EL,NIU,KYOTOGHG (AR4GWP100),HISTCR,PRIMAP-hist_v2.4.1,MtCO2,Total GHG emissions (excl. LULUCF),0.0061600000000000005,0.006370000000000001,0.00651,0.0066500000000000005,0.0068,0.006980000000000001,0.008150000000000001,0.0096,0.00631,0.00651,0.00653,0.0116,0.0116,0.0116,0.0167,0.0116,0.0116,0.0116,0.012199999999999999,0.0132,0.0132,0.013300000000000001
M.0.EL,NLD,KYOTOGHG (AR4GWP100),HISTCR,PRIMAP-hist_v2.4.1,MtCO2,Total GHG emissions (excl. LULUCF),218.0,219.0,217.0,217.0,219.0,213.0,208.0,206.0,206.0,200.0,212.0,198.0,193.0,194.0,186.0,193.0,193.0,191.0,186.0,180.0,163.0,167.0
M.0.EL,NOR,KYOTOGHG (AR4GWP100),HISTCR,PRIMAP-hist_v2.4.1,MtCO2,Total GHG emissions (excl. LULUCF),55.2,56.4,55.2,55.800000000000004,56.2,55.2,55.2,56.800000000000004,55.300000000000004,52.9,55.1,54.2,53.6,53.9,54.2,54.7,53.800000000000004,53.0,53.0,51.300000000000004,49.6,51.300000000000004
M.0.EL,NPL,KYOTOGHG (AR4GWP100),HISTCR,PRIMAP-hist_v2.4.1,MtCO2,Total GHG emissions (excl. LULUCF),29.3,29.7,29.3,30.0,30.0,30.7,30.6,30.900000000000002,32.5,34.1,35.2,36.300000000000004,36.800000000000004,38.2,40.0,39.1,42.7,45.0,47.2,48.7,48.7,49.1
M.0.EL,NRU,KYOTOGHG (AR4GWP100),HISTCR,PRIMAP-hist_v2.4.1,MtCO2,Total GHG emissions (excl. LULUCF),0.020300000000000002,0.0277,0.0352,0.0426,0.040600000000000004,0.0362,0.0258,0.0235,0.030100000000000002,0.0365,0.043000000000000003,0.04,0.0433,0.046700000000000005,0.0503,0.0535,0.0442,0.0474,0.0497,0.0541,0.053899999999999997,0.054200000000000005
M.0.EL,NZL,KYOTOGHG (AR4GWP100),HISTCR,PRIMAP-hist_v2.4.1,MtCO2,Total GHG emissions (excl. LULUCF),75.7,78.7,78.8,81.0,80.8,82.8,83.0,80.9,80.7,78.0,78.60000000000001,78.4,80.60000000000001,80.0,80.8,80.60000000000001,78.5,80.0,80.2,81.8,78.5,78.2
M.0.EL,OMN,KYOTOGHG (AR4GWP100),HISTCR,PRIMAP-hist_v2.4.1,MtCO2,Total GHG emissions (excl. LULUCF),35.7,38.800000000000004,44.2,53.300000000000004,51.9,54.7,62.0,65.6,65.7,65.2,71.4,79.60000000000001,87.9,94.10000000000001,94.3,97.8,99.60000000000001,102.0,105.0,106.0,103.0,109.0
M.0.EL,PAK,KYOTOGHG (AR4GWP100),HISTCR,PRIMAP-hist_v2.4.1,MtCO2,Total GHG emissions (excl. LULUCF),273.0,277.0,290.0,301.0,319.0,330.0,348.0,364.0,369.0,379.0,376.0,384.0,384.0,392.0,402.0,421.0,463.0,502.0,520.0,539.0,548.0,579.0
M.0.EL,PAN,KYOTOGHG (AR4GWP100),HISTCR,PRIMAP-hist_v2.4.1,MtCO2,Total GHG emissions (excl. LULUCF),10.1,11.700000000000001,10.6,10.9,10.5,11.700000000000001,12.4,12.1,12.5,13.700000000000001,14.4,15.5,15.4,17.1,16.4,16.2,15.8,17.3,16.4,17.400000000000002,15.6,17.0
M.0.EL,PER,KYOTOGHG (AR4GWP100),HISTCR,PRIMAP-hist_v2.4.1,MtCO2,Total GHG emissions (excl. LULUCF),67.9,65.5,65.7,66.5,70.10000000000001,72.7,71.2,77.8,77.8,82.60000000000001,86.5,86.4,89.0,87.4,93.7,94.0,98.10000000000001,98.4,100.0,103.0,92.5,101.0
M.0.EL,PHL,KYOTOGHG (AR4GWP100),HISTCR,PRIMAP-hist_v2.4.1,MtCO2,Total GHG emissions (excl. LULUCF),152.0,151.0,153.0,154.0,159.0,160.0,154.0,160.0,169.0,170.0,177.0,179.0,185.0,194.0,201.0,211.0,223.0,240.0,246.0,253.0,238.0,248.0
M.0.EL,PLW,KYOTOGHG (AR4GWP100),HISTCR,PRIMAP-hist_v2.4.1,MtCO2,Total GHG emissions (excl. LULUCF),0.271,0.388,0.381,0.435,0.47600000000000003,0.548,0.5630000000000001,0.591,0.526,0.548,0.559,0.583,0.608,0.557,0.5700000000000001,0.5760000000000001,0.58,0.603,0.628,0.67,0.674,0.687
M.0.EL,PNG,KYOTOGHG (AR4GWP100),HISTCR,PRIMAP-hist_v2.4.1,MtCO2,Total GHG emissions (excl. LULUCF),9.51,9.620000000000001,10.4,10.700000000000001,11.700000000000001,12.6,13.1,13.8,13.4,11.9,11.1,11.6,11.4,11.8,14.3,15.200000000000001,15.4,16.2,16.7,17.400000000000002,18.7,19.6
M.0.EL,POL,KYOTOGHG (AR4GWP100),HISTCR,PRIMAP-hist_v2.4.1,MtCO2,Total GHG emissions (excl. LULUCF),398.0,396.0,387.0,401.0,406.0,406.0,422.0,421.0,415.0,397.0,414.0,413.0,405.0,401.0,388.0,390.0,401.0,416.0,414.0,392.0,373.0,399.0
M.0.EL,PRK,KYOTOGHG (AR4GWP100),HISTCR,PRIMAP-hist_v2.4.1,MtCO2,Total GHG emissions (excl. LULUCF),88.60000000000001,94.5,95.0,96.9,99.5,104.0,106.0,91.10000000000001,97.8,78.2,75.2,62.0,62.5,51.9,59.800000000000004,55.7,59.6,51.9,51.800000000000004,54.5,54.4,57.4
M.0.EL,PRT,KYOTOGHG (AR4GWP100),HISTCR,PRIMAP-hist_v2.4.1,MtCO2,Total GHG emissions (excl. LULUCF),82.10000000000001,81.60000000000001,86.10000000000001,80.9,84.2,86.10000000000001,81.2,79.0,76.5,73.4,69.10000000000001,67.6,65.7,63.800000000000004,63.7,67.9,66.0,71.10000000000001,67.4,63.7,57.800000000000004,56.6
M.0.EL,PRY,KYOTOGHG (AR4GWP100),HISTCR,PRIMAP-hist_v2.4.1,MtCO2,Total GHG emissions (excl. LULUCF),25.6,28.7,29.400000000000002,33.3,32.6,34.800000000000004,35.800000000000004,39.4,38.800000000000004,41.6,45.300000000000004,47.2,48.5,44.6,42.5,38.7,37.9,38.1,35.5,36.2,36.9,37.5
M.0.EL,QAT,KYOTOGHG (AR4GWP100),HISTCR,PRIMAP-hist_v2.4.1,MtCO2,Total GHG emissions (excl. LULUCF),70.8,74.10000000000001,73.8,85.3,88.3,88.10000000000001,102.0,106.0,115.0,123.0,136.0,154.0,169.0,170.0,193.0,194.0,190.0,184.0,186.0,193.0,160.0,166.0
M.0.EL,ROU,KYOTOGHG (AR4GWP100),HISTCR,PRIMAP-hist_v2.4.1,MtCO2,Total GHG emissions (excl. LULUCF),140.0,143.0,145.0,151.0,149.0,148.0,149.0,153.0,149.0,128.0,124.0,130.0,128.0,117.0,116.0,116.0,114.0,117.0,118.0,115.0,110.0,121.0
M.0.EL,RUS,KYOTOGHG (AR4GWP100),HISTCR,PRIMAP-hist_v2.4.1,MtCO2,Total GHG emissions (excl. LULUCF),1900.0,1930.0,1910.0,1940.0,1960.0,1970.0,2030.0,2030.0,2060.0,1920.0,2020.0,2080.0,2100.0,2040.0,2040.0,2030.0,2030.0,2080.0,2140.0,2130.0,2050.0,2190.0
M.0.EL,RWA,KYOTOGHG (AR4GWP100),HISTCR,PRIMAP-hist_v2.4.1,MtCO2,Total GHG emissions (excl. LULUCF),3.9,4.07,4.21,4.47,4.68,4.86,5.14,5.39,5.62,5.7700000000000005,6.0600000000000005,6.0,6.19,6.36,6.41,7.09,7.08,7.23,7.3500000000000005,7.54,7.5,7.7
M.0.EL,SAU,KYOTOGHG (AR4GWP100),HISTCR,PRIMAP-hist_v2.4.1,MtCO2,Total GHG emissions (excl. LULUCF),343.0,348.0,374.0,385.0,445.0,454.0,487.0,455.0,499.0,527.0,579.0,566.0,620.0,606.0,660.0,701.0,641.0,652.0,655.0,639.0,638.0,648.0
M.0.EL,SDN,KYOTOGHG (AR4GWP100),HISTCR,PRIMAP-hist_v2.4.1,MtCO2,Total GHG emissions (excl. LULUCF),78.4,80.10000000000001,83.7,87.10000000000001,90.4,91.9,92.7,96.2,97.2,98.8,99.0,96.8,101.0,105.0,106.0,110.0,111.0,113.0,115.0,115.0,114.0,115.0
M.0.EL,SEN,KYOTOGHG (AR4GWP100),HISTCR,PRIMAP-hist_v2.4.1,MtCO2,Total GHG emissions (excl. LULUCF),17.400000000000002,17.1,16.6,16.4,17.8,18.5,17.900000000000002,18.0,18.5,18.8,22.0,22.900000000000002,21.900000000000002,22.7,23.400000000000002,24.2,25.6,25.2,26.1,27.6,28.3,29.2
M.0.EL,SGP,KYOTOGHG (AR4GWP100),HISTCR,PRIMAP-hist_v2.4.1,MtCO2,Total GHG emissions (excl. LULUCF),50.1,52.7,43.2,45.9,44.5,36.300000000000004,41.7,45.7,52.800000000000004,77.8,54.0,37.6,54.5,60.300000000000004,59.2,72.0,58.6,58.300000000000004,57.2,55.800000000000004,54.4,55.2
M.0.EL,SLB,KYOTOGHG (AR4GWP100),HISTCR,PRIMAP-hist_v2.4.1,MtCO2,Total GHG emissions (excl. LULUCF),0.373,0.384,0.398,0.41300000000000003,0.438,0.451,0.463,0.48,0.494,0.507,0.523,0.544,0.554,0.585,0.547,0.515,0.515,0.518,0.539,0.5710000000000001,0.5730000000000001,0.582
M.0.EL,SLE,KYOTOGHG (AR4GWP100),HISTCR,PRIMAP-hist_v2.4.1,MtCO2,Total GHG emissions (excl. LULUCF),3.21,3.48,3.92,4.44,4.8,4.96,5.95,5.3,5.08,5.41,5.43,5.96,6.79,6.890000000000001,7.3,6.92,7.15,7.13,7.95,7.0600000000000005,7.15,7.2700000000000005
M.0.EL,SLV,KYOTOGHG (AR4GWP100),HISTCR,PRIMAP-hist_v2.4.1,MtCO2,Total GHG emissions (excl. LULUCF),10.8,11.4,11.700000000000001,12.0,12.0,12.3,12.9,13.0,12.5,12.200000000000001,12.200000000000001,12.1,12.3,11.6,11.8,12.3,12.0,11.3,12.200000000000001,12.6,11.4,12.3
M.0.EL,SMR,KYOTOGHG (AR4GWP100),HISTCR,PRIMAP-hist_v2.4.1,MtCO2,Total GHG emissions (excl. LULUCF),0.262,0.263,0.266,0.276,0.279,0.28200000000000003,0.279,0.278,0.272,0.249,0.254,0.25,0.23800000000000002,0.218,0.20500000000000002,0.212,0.21,0.21,0.20800000000000002,0.20500000000000002,0.185,0.193
M.0.EL,SOM,KYOTOGHG (AR4GWP100),HISTCR,PRIMAP-hist_v2.4.1,MtCO2,Total GHG emissions (excl. LULUCF),26.900000000000002,27.6,28.1,28.5,28.900000000000002,29.5,28.3,27.2,27.5,27.7,28.0,28.3,28.7,28.8,29.0,29.1,29.400000000000002,29.400000000000002,29.5,30.2,30.400000000000002,30.3
M.0.EL,SRB,KYOTOGHG (AR4GWP100),HISTCR,PRIMAP-hist_v2.4.1,MtCO2,Total GHG emissions (excl. LULUCF),61.6,66.5,70.10000000000001,73.4,79.5,70.5,80.60000000000001,80.2,79.8,75.2,75.5,79.7,74.9,76.4,67.1,75.7,78.5,78.2,78.7,80.10000000000001,79.10000000000001,67.9
M.0.EL,SSD,KYOTOGHG (AR4GWP100),HISTCR,PRIMAP-hist_v2.4.1,MtCO2,Total GHG emissions (excl. LULUCF),53.300000000000004,44.300000000000004,48.9,49.2,50.6,52.9,48.4,53.1,52.1,53.5,48.9,50.300000000000004,53.1,52.4,53.2,54.1,55.0,52.7,57.6,50.0,52.800000000000004,55.4
M.0.EL,STP,KYOTOGHG (AR4GWP100),HISTCR,PRIMAP-hist_v2.4.1,MtCO2,Total GHG emissions (excl. LULUCF),0.101,0.106,0.116,0.125,0.134,0.14,0.148,0.15,0.152,0.162,0.17,0.17500000000000002,0.188,0.19,0.193,0.195,0.20500000000000002,0.212,0.20700000000000002,0.21,0.20500000000000002,0.217
M.0.EL,SUR,KYOTOGHG (AR4GWP100),HISTCR,PRIMAP-hist_v2.4.1,MtCO2,Total GHG emissions (excl. LULUCF),3.25,3.46,2.5100000000000002,2.57,2.63,2.61,2.8000000000000003,2.8000000000000003,3.0700000000000003,3.2,3.61,3.42,3.85,3.96,4.08,3.95,3.58,3.7600000000000002,4.12,4.19,3.95,4.21
M.0.EL,SVK,KYOTOGHG (AR4GWP100),HISTCR,PRIMAP-hist_v2.4.1,MtCO2,Total GHG emissions (excl. LULUCF),48.9,51.2,49.800000000000004,49.9,50.7,50.7,50.5,48.7,49.2,44.9,45.800000000000004,44.800000000000004,42.4,42.0,40.1,40.800000000000004,41.2,42.300000000000004,42.2,39.9,37.300000000000004,42.300000000000004
M.0.EL,SVN,KYOTOGHG (AR4GWP100),HISTCR,PRIMAP-hist_v2.4.1,MtCO2,Total GHG emissions (excl. LULUCF),18.7,19.900000000000002,20.2,19.900000000000002,20.3,20.5,20.7,20.900000000000002,21.7,19.5,19.7,19.6,19.0,18.3,16.7,16.8,17.7,17.8,17.6,17.1,15.9,15.8
M.0.EL,SWE,KYOTOGHG (AR4GWP100),HISTCR,PRIMAP-hist_v2.4.1,MtCO2,Total GHG emissions (excl. LULUCF),68.9,69.7,70.4,70.7,70.10000000000001,67.3,66.9,65.7,63.300000000000004,59.0,65.1,60.7,57.800000000000004,56.2,54.300000000000004,53.6,53.4,52.6,51.6,50.6,47.1,44.300000000000004
M.0.EL,SWZ,KYOTOGHG (AR4GWP100),HISTCR,PRIMAP-hist_v2.4.1,MtCO2,Total GHG emissions (excl. LULUCF),2.85,2.67,2.72,2.7,2.72,2.7600000000000002,2.67,2.8000000000000003,2.73,2.67,2.5500000000000003,2.5300000000000002,2.71,3.0500000000000003,2.44,2.49,2.74,2.5100000000000002,2.54,2.49,2.37,2.41
M.0.EL,SYC,KYOTOGHG (AR4GWP100),HISTCR,PRIMAP-hist_v2.4.1,MtCO2,Total GHG emissions (excl. LULUCF),0.646,0.708,0.612,0.622,0.8170000000000001,0.769,0.8150000000000001,0.72,0.773,0.606,0.523,0.404,0.502,0.41000000000000003,0.5720000000000001,0.5670000000000001,0.686,0.68,0.61,0.618,0.628,0.65
M.0.EL,SYR,KYOTOGHG (AR4GWP100),HISTCR,PRIMAP-hist_v2.4.1,MtCO2,Total GHG emissions (excl. LULUCF),85.60000000000001,77.60000000000001,65.0,80.3,76.0,76.8,80.2,93.3,92.9,88.7,87.4,81.5,64.9,53.5,46.5,44.5,44.300000000000004,41.7,50.1,52.9,50.5,50.9
M.0.EL,TCD,KYOTOGHG (AR4GWP100),HISTCR,PRIMAP-hist_v2.4.1,MtCO2,Total GHG emissions (excl. LULUCF),24.7,21.6,22.6,23.900000000000002,25.400000000000002,26.3,26.3,27.2,27.3,27.3,28.5,30.0,31.0,32.1,33.9,36.4,39.2,40.2,42.7,44.1,46.5,49.1
M.0.EL,TGO,KYOTOGHG (AR4GWP100),HISTCR,PRIMAP-hist_v2.4.1,MtCO2,Total GHG emissions (excl. LULUCF),7.26,7.47,7.86,8.38,8.57,8.55,8.21,8.27,8.55,10.3,11.0,10.6,11.700000000000001,11.200000000000001,12.3,12.700000000000001,13.0,12.9,13.9,13.9,14.6,15.200000000000001
M.0.EL,THA,KYOTOGHG (AR4GWP100),HISTCR,PRIMAP-hist_v2.4.1,MtCO2,Total GHG emissions (excl. LULUCF),284.0,299.0,310.0,325.0,342.0,352.0,357.0,372.0,369.0,387.0,410.0,406.0,427.0,441.0,432.0,428.0,430.0,434.0,436.0,428.0,414.0,412.0
M.0.EL,TJK,KYOTOGHG (AR4GWP100),HISTCR,PRIMAP-hist_v2.4.1,MtCO2,Total GHG emissions (excl. LULUCF),8.46,8.43,8.35,8.71,9.68,9.22,9.88,9.1,9.19,9.8,9.72,9.15,9.85,10.1,11.1,11.9,12.700000000000001,13.700000000000001,13.4,14.3,14.3,14.700000000000001
M.0.EL,TKM,KYOTOGHG (AR4GWP100),HISTCR,PRIMAP-hist_v2.4.1,MtCO2,Total GHG emissions (excl. LULUCF),55.800000000000004,55.800000000000004,59.7,66.9,68.2,70.4,73.3,78.5,84.5,67.2,73.7,84.9,89.0,97.2,98.5,102.0,99.5,98.5,104.0,108.0,115.0,109.0
M.0.EL,TLS,KYOTOGHG (AR4GWP100),HISTCR,PRIMAP-hist_v2.4.1,MtCO2,Total GHG emissions (excl. LULUCF),1.16,1.24,1.24,1.24,1.68,1.87,3.29,3.5700000000000003,3.98,4.0,3.7,3.68,4.03,4.17,3.45,3.5500000000000003,3.04,2.92,2.93,2.89,2.72,2.59
M.0.EL,TON,KYOTOGHG (AR4GWP100),HISTCR,PRIMAP-hist_v2.4.1,MtCO2,Total GHG emissions (excl. LULUCF),0.268,0.244,0.243,0.242,0.218,0.20700000000000002,0.20500000000000002,0.19,0.198,0.20800000000000002,0.194,0.181,0.185,0.191,0.191,0.198,0.20500000000000002,0.232,0.23900000000000002,0.253,0.252,0.254
M.0.EL,TTO,KYOTOGHG (AR4GWP100),HISTCR,PRIMAP-hist_v2.4.1,MtCO2,Total GHG emissions (excl. LULUCF),42.4,46.800000000000004,49.800000000000004,56.4,59.6,71.10000000000001,79.8,82.4,80.5,80.8,85.10000000000001,83.8,79.7,77.5,78.4,76.7,69.10000000000001,69.60000000000001,68.8,66.6,54.6,52.800000000000004
M.0.EL,TUN,KYOTOGHG (AR4GWP100),HISTCR,PRIMAP-hist_v2.4.1,MtCO2,Total GHG emissions (excl. LULUCF),31.8,32.7,32.5,32.9,34.2,35.0,36.0,37.2,38.800000000000004,39.1,41.6,39.9,41.300000000000004,41.2,42.0,43.0,42.4,42.1,37.800000000000004,37.7,35.1,39.2
M.0.EL,TUR,KYOTOGHG (AR4GWP100),HISTCR,PRIMAP-hist_v2.4.1,MtCO2,Total GHG emissions (excl. LULUCF),302.0,282.0,288.0,308.0,318.0,340.0,362.0,394.0,392.0,398.0,402.0,433.0,452.0,444.0,463.0,479.0,505.0,532.0,528.0,513.0,516.0,554.0
M.0.EL,TUV,KYOTOGHG (AR4GWP100),HISTCR,PRIMAP-hist_v2.4.1,MtCO2,Total GHG emissions (excl. LULUCF),0.0158,0.0159,0.0197,0.0198,0.0198,0.019899999999999998,0.0162,0.02,0.020100000000000003,0.020300000000000002,0.0167,0.016800000000000002,0.0205,0.0206,0.0207,0.020800000000000003,0.0209,0.021,0.0217,0.0229,0.0228,0.023100000000000002
M.0.EL,TZA,KYOTOGHG (AR4GWP100),HISTCR,PRIMAP-hist_v2.4.1,MtCO2,Total GHG emissions (excl. LULUCF),49.7,51.5,56.2,60.9,60.5,64.6,62.4,65.0,67.3,68.1,72.2,75.4,78.7,82.5,83.7,87.3,88.0,87.2,88.4,91.4,95.8,98.2
M.0.EL,UGA,KYOTOGHG (AR4GWP100),HISTCR,PRIMAP-hist_v2.4.1,MtCO2,Total GHG emissions (excl. LULUCF),22.7,23.1,23.900000000000002,25.7,25.900000000000002,28.1,26.8,29.6,35.9,36.300000000000004,38.6,38.9,40.6,40.9,42.1,43.800000000000004,44.1,45.4,46.6,47.6,48.2,49.7
M.0.EL,UKR,KYOTOGHG (AR4GWP100),HISTCR,PRIMAP-hist_v2.4.1,MtCO2,Total GHG emissions (excl. LULUCF),429.0,447.0,432.0,441.0,444.0,443.0,461.0,464.0,452.0,391.0,408.0,430.0,419.0,410.0,364.0,320.0,338.0,324.0,340.0,335.0,314.0,321.0
M.0.EL,URY,KYOTOGHG (AR4GWP100),HISTCR,PRIMAP-hist_v2.4.1,MtCO2,Total GHG emissions (excl. LULUCF),30.8,32.1,33.7,32.9,33.1,34.800000000000004,38.0,37.300000000000004,40.300000000000004,38.6,35.6,35.6,35.7,35.4,35.7,35.6,35.800000000000004,35.6,34.5,34.0,34.5,34.5
M.0.EL,USA,KYOTOGHG (AR4GWP100),HISTCR,PRIMAP-hist_v2.4.1,MtCO2,Total GHG emissions (excl. LULUCF),7350.0,7250.0,7280.0,7340.0,7450.0,7460.0,7380.0,7480.0,7260.0,6800.0,7020.0,6860.0,6620.0,6800.0,6860.0,6700.0,6550.0,6510.0,6700.0,6580.0,5920.0,6170.0
M.0.EL,UZB,KYOTOGHG (AR4GWP100),HISTCR,PRIMAP-hist_v2.4.1,MtCO2,Total GHG emissions (excl. LULUCF),216.0,219.0,225.0,222.0,219.0,217.0,235.0,236.0,252.0,228.0,219.0,224.0,225.0,218.0,208.0,206.0,211.0,216.0,229.0,230.0,221.0,215.0
M.0.EL,VCT,KYOTOGHG (AR4GWP100),HISTCR,PRIMAP-hist_v2.4.1,MtCO2,Total GHG emissions (excl. LULUCF),0.256,0.28700000000000003,0.291,0.299,0.319,0.32,0.319,0.365,0.297,0.42,0.328,0.309,0.365,0.319,0.385,0.325,0.365,0.368,0.376,0.387,0.356,0.386
M.0.EL,VEN,KYOTOGHG (AR4GWP100),HISTCR,PRIMAP-hist_v2.4.1,MtCO2,Total GHG emissions (excl. LULUCF),234.0,259.0,278.0,277.0,241.0,254.0,251.0,243.0,265.0,263.0,272.0,258.0,285.0,270.0,268.0,250.0,237.0,213.0,190.0,173.0,157.0,161.0
M.0.EL,VNM,KYOTOGHG (AR4GWP100),HISTCR,PRIMAP-hist_v2.4.1,MtCO2,Total GHG emissions (excl. LULUCF),153.0,165.0,178.0,190.0,205.0,216.0,228.0,240.0,252.0,264.0,277.0,284.0,292.0,301.0,309.0,329.0,349.0,353.0,399.0,447.0,432.0,431.0
M.0.EL,VUT,KYOTOGHG (AR4GWP100),HISTCR,PRIMAP-hist_v2.4.1,MtCO2,Total GHG emissions (excl. LULUCF),0.526,0.509,0.507,0.525,0.507,0.518,0.516,0.645,0.65,0.644,0.658,0.683,0.671,0.669,0.725,0.65,0.578,0.587,0.592,0.577,0.5650000000000001,0.5710000000000001
M.0.EL,WSM,KYOTOGHG (AR4GWP100),HISTCR,PRIMAP-hist_v2.4.1,MtCO2,Total GHG emissions (excl. LULUCF),0.34,0.358,0.358,0.369,0.367,0.379,0.382,0.382,0.387,0.403,0.419,0.443,0.444,0.448,0.46,0.502,0.492,0.532,0.557,0.535,0.536,0.543
M.0.EL,YEM,KYOTOGHG (AR4GWP100),HISTCR,PRIMAP-hist_v2.4.1,MtCO2,Total GHG emissions (excl. LULUCF),27.6,29.2,28.400000000000002,30.6,32.1,32.9,35.0,34.7,35.4,38.2,36.7,38.300000000000004,40.6,52.1,51.2,33.8,29.3,29.2,36.1,38.5,37.4,38.0
M.0.EL,ZAF,KYOTOGHG (AR4GWP100),HISTCR,PRIMAP-hist_v2.4.1,MtCO2,Total GHG emissions (excl. LULUCF),452.0,452.0,466.0,488.0,508.0,504.0,512.0,538.0,539.0,530.0,537.0,554.0,538.0,548.0,189.0,551.0,546.0,534.0,528.0,539.0,507.0,513.0
M.0.EL,ZMB,KYOTOGHG (AR4GWP100),HISTCR,PRIMAP-hist_v2.4.1,MtCO2,Total GHG emissions (excl. LULUCF),26.6,27.2,29.5,31.8,31.900000000000002,33.2,30.7,31.0,31.5,30.6,33.1,32.7,36.1,37.0,37.0,37.6,37.7,38.2,38.7,39.6,38.4,38.9
M.0.EL,ZWE,KYOTOGHG (AR4GWP100),HISTCR,PRIMAP-hist_v2.4.1,MtCO2,Total GHG emissions (excl. LULUCF),70.4,63.1,51.5,43.2,36.2,30.8,22.8,22.5,20.3,18.7,22.0,24.2,21.5,25.1,24.2,25.400000000000002,22.8,22.6,23.6,23.400000000000002,21.3,22.7
