category,country,gas,scenario,source,unit,variable,2000,2001,2002,2003,2004,2005,2006,2007,2008,2009,2010,2011,2012,2013,2014,2015,2016,2017,2018,2019
M.0.EL,AFG,KYOTOGHG (AR4GWP100),HISTTP,PRIMAP-hist_v2.3.1,MtCO2,Total GHG emissions (excl. LULUCF),14.9,13.3,16.0,16.6,16.4,17.3,17.7,18.6,22.0,25.2,29.1,33.5,31.6,29.900000000000002,29.900000000000002,28.8,27.900000000000002,27.8,27.7,31.5
M.0.EL,AGO,KYOTOGHG (AR4GWP100),HISTTP,PRIMAP-hist_v2.3.1,MtCO2,Total GHG emissions (excl. LULUCF),84.3,83.0,84.8,90.10000000000001,93.10000000000001,92.2,84.60000000000001,86.10000000000001,87.0,88.3,96.60000000000001,96.7,97.8,99.10000000000001,109.0,103.0,104.0,103.0,97.9,101.0
M.0.EL,ALB,KYOTOGHG (AR4GWP100),HISTTP,PRIMAP-hist_v2.3.1,MtCO2,Total GHG emissions (excl. LULUCF),7.62,7.74,8.42,8.96,8.74,8.84,8.4,8.23,8.47,8.32,8.57,9.17,8.870000000000001,9.120000000000001,9.950000000000001,8.94,8.94,9.78,9.200000000000001,9.43
M.0.EL,AND,KYOTOGHG (AR4GWP100),HISTTP,PRIMAP-hist_v2.3.1,MtCO2,Total GHG emissions (excl. LULUCF),0.6910000000000001,0.6960000000000001,0.706,0.713,0.743,0.76,0.73,0.73,0.729,0.7020000000000001,0.707,0.675,0.67,0.654,0.635,0.634,0.636,0.633,0.62,0.601
M.0.EL,ARE,KYOTOGHG (AR4GWP100),HISTTP,PRIMAP-hist_v2.3.1,MtCO2,Total GHG emissions (excl. LULUCF),146.0,137.0,119.0,143.0,149.0,154.0,163.0,175.0,197.0,208.0,201.0,218.0,268.0,275.0,270.0,297.0,288.0,247.0,246.0,246.0
M.0.EL,ARG,KYOTOGHG (AR4GWP100),HISTTP,PRIMAP-hist_v2.3.1,MtCO2,Total GHG emissions (excl. LULUCF),307.0,299.0,293.0,318.0,344.0,346.0,363.0,363.0,374.0,352.0,352.0,357.0,363.0,365.0,368.0,369.0,373.0,376.0,372.0,358.0
M.0.EL,ARM,KYOTOGHG (AR4GWP100),HISTTP,PRIMAP-hist_v2.3.1,MtCO2,Total GHG emissions (excl. LULUCF),5.58,5.66,5.37,5.8500000000000005,6.28,7.13,7.53,8.07,8.620000000000001,7.45,7.34,8.120000000000001,9.19,9.05,9.1,8.84,9.57,9.56,10.8,10.6
M.0.EL,ATG,KYOTOGHG (AR4GWP100),HISTTP,PRIMAP-hist_v2.3.1,MtCO2,Total GHG emissions (excl. LULUCF),0.399,0.404,0.438,0.464,0.481,0.489,0.501,0.524,0.535,0.5630000000000001,0.552,0.544,0.56,0.5650000000000001,0.5670000000000001,0.586,0.599,0.603,0.619,0.638
M.0.EL,AUS,KYOTOGHG (AR4GWP100),HISTTP,PRIMAP-hist_v2.3.1,MtCO2,Total GHG emissions (excl. LULUCF),610.0,628.0,632.0,547.0,599.0,565.0,619.0,619.0,601.0,618.0,598.0,699.0,692.0,594.0,606.0,608.0,578.0,616.0,608.0,581.0
M.0.EL,AUT,KYOTOGHG (AR4GWP100),HISTTP,PRIMAP-hist_v2.3.1,MtCO2,Total GHG emissions (excl. LULUCF),86.4,90.10000000000001,92.3,99.3,98.0,99.3,98.60000000000001,96.0,96.5,99.7,112.0,108.0,101.0,101.0,99.0,100.0,103.0,104.0,99.2,102.0
M.0.EL,AZE,KYOTOGHG (AR4GWP100),HISTTP,PRIMAP-hist_v2.3.1,MtCO2,Total GHG emissions (excl. LULUCF),41.0,40.1,40.2,42.7,44.9,47.9,49.1,48.5,53.9,48.6,47.300000000000004,49.800000000000004,53.0,54.1,55.300000000000004,56.300000000000004,56.1,54.7,56.7,60.7
M.0.EL,BDI,KYOTOGHG (AR4GWP100),HISTTP,PRIMAP-hist_v2.3.1,MtCO2,Total GHG emissions (excl. LULUCF),3.23,3.49,3.5,3.52,3.67,3.72,3.9,4.03,4.19,4.34,4.71,4.98,4.68,5.36,5.32,5.3500000000000005,5.76,6.41,6.57,6.16
M.0.EL,BEL,KYOTOGHG (AR4GWP100),HISTTP,PRIMAP-hist_v2.3.1,MtCO2,Total GHG emissions (excl. LULUCF),151.0,150.0,144.0,150.0,149.0,145.0,143.0,140.0,141.0,139.0,149.0,139.0,133.0,136.0,132.0,136.0,133.0,133.0,139.0,135.0
M.0.EL,BEN,KYOTOGHG (AR4GWP100),HISTTP,PRIMAP-hist_v2.3.1,MtCO2,Total GHG emissions (excl. LULUCF),8.33,7.75,8.78,8.8,8.93,9.64,10.3,11.1,10.8,11.4,12.3,12.4,12.4,13.1,13.5,14.200000000000001,15.3,16.0,16.6,16.8
M.0.EL,BFA,KYOTOGHG (AR4GWP100),HISTTP,PRIMAP-hist_v2.3.1,MtCO2,Total GHG emissions (excl. LULUCF),18.0,17.5,18.1,21.6,22.400000000000002,23.400000000000002,23.400000000000002,24.2,25.1,25.900000000000002,27.1,27.6,28.3,29.3,29.8,30.6,32.0,33.0,33.1,33.9
M.0.EL,BGD,KYOTOGHG (AR4GWP100),HISTTP,PRIMAP-hist_v2.3.1,MtCO2,Total GHG emissions (excl. LULUCF),128.0,134.0,137.0,140.0,142.0,147.0,153.0,156.0,164.0,168.0,174.0,179.0,184.0,186.0,192.0,201.0,204.0,212.0,219.0,230.0
M.0.EL,BGR,KYOTOGHG (AR4GWP100),HISTTP,PRIMAP-hist_v2.3.1,MtCO2,Total GHG emissions (excl. LULUCF),61.1,63.300000000000004,61.300000000000004,64.6,63.5,64.2,64.2,68.5,66.2,57.6,59.300000000000004,65.9,60.4,55.1,58.300000000000004,61.5,58.6,61.800000000000004,59.1,57.5
M.0.EL,BHR,KYOTOGHG (AR4GWP100),HISTTP,PRIMAP-hist_v2.3.1,MtCO2,Total GHG emissions (excl. LULUCF),38.7,34.5,35.1,35.1,36.2,39.0,38.7,46.5,51.300000000000004,50.2,50.5,50.300000000000004,51.2,57.7,58.300000000000004,59.7,58.800000000000004,59.800000000000004,53.300000000000004,55.7
M.0.EL,BHS,KYOTOGHG (AR4GWP100),HISTTP,PRIMAP-hist_v2.3.1,MtCO2,Total GHG emissions (excl. LULUCF),2.3000000000000003,2.22,2.2800000000000002,2.3000000000000003,2.34,2.19,2.14,2.18,2.7600000000000002,1.98,2.77,2.2,2.31,3.3000000000000003,2.77,2.44,2.21,2.38,2.43,2.52
M.0.EL,BIH,KYOTOGHG (AR4GWP100),HISTTP,PRIMAP-hist_v2.3.1,MtCO2,Total GHG emissions (excl. LULUCF),18.7,18.0,18.8,19.400000000000002,21.1,22.0,23.7,23.7,26.5,27.6,28.400000000000002,31.400000000000002,29.7,29.3,27.5,26.8,30.1,30.400000000000002,30.400000000000002,32.3
M.0.EL,BLR,KYOTOGHG (AR4GWP100),HISTTP,PRIMAP-hist_v2.3.1,MtCO2,Total GHG emissions (excl. LULUCF),83.60000000000001,82.9,82.7,83.9,88.5,89.8,93.5,91.8,95.7,93.2,95.60000000000001,111.0,111.0,111.0,111.0,107.0,106.0,107.0,112.0,114.0
M.0.EL,BLZ,KYOTOGHG (AR4GWP100),HISTTP,PRIMAP-hist_v2.3.1,MtCO2,Total GHG emissions (excl. LULUCF),0.838,0.911,0.925,1.0,0.835,0.9,0.903,0.974,0.9440000000000001,1.07,1.06,1.17,1.02,1.1400000000000001,1.09,1.29,1.28,1.28,1.27,1.3800000000000001
M.0.EL,BOL,KYOTOGHG (AR4GWP100),HISTTP,PRIMAP-hist_v2.3.1,MtCO2,Total GHG emissions (excl. LULUCF),62.9,51.2,49.1,53.300000000000004,65.6,72.4,76.60000000000001,76.0,79.10000000000001,81.4,88.60000000000001,90.7,96.0,99.2,102.0,105.0,108.0,111.0,113.0,117.0
M.0.EL,BRA,KYOTOGHG (AR4GWP100),HISTTP,PRIMAP-hist_v2.3.1,MtCO2,Total GHG emissions (excl. LULUCF),907.0,928.0,950.0,976.0,1020.0,1030.0,1030.0,1060.0,1070.0,1040.0,1130.0,1150.0,1180.0,1220.0,1260.0,1240.0,1230.0,1240.0,1220.0,1230.0
M.0.EL,BRB,KYOTOGHG (AR4GWP100),HISTTP,PRIMAP-hist_v2.3.1,MtCO2,Total GHG emissions (excl. LULUCF),1.47,1.48,1.48,1.52,1.56,1.6,1.61,1.6300000000000001,1.8900000000000001,1.87,1.73,1.8,1.74,1.71,1.53,1.53,1.56,1.44,1.47,1.51
M.0.EL,BRN,KYOTOGHG (AR4GWP100),HISTTP,PRIMAP-hist_v2.3.1,MtCO2,Total GHG emissions (excl. LULUCF),9.64,10.1,9.34,9.91,10.0,10.0,11.0,14.4,16.8,14.3,14.200000000000001,16.1,15.9,13.8,14.8,12.8,13.4,15.3,15.3,19.1
M.0.EL,BTN,KYOTOGHG (AR4GWP100),HISTTP,PRIMAP-hist_v2.3.1,MtCO2,Total GHG emissions (excl. LULUCF),1.53,1.48,1.55,1.51,1.45,1.6400000000000001,1.6300000000000001,1.6600000000000001,1.6400000000000001,1.87,1.99,2.19,2.25,2.34,2.41,2.49,2.68,2.84,2.84,2.92
M.0.EL,BWA,KYOTOGHG (AR4GWP100),HISTTP,PRIMAP-hist_v2.3.1,MtCO2,Total GHG emissions (excl. LULUCF),14.0,16.2,16.5,9.27,9.89,11.200000000000001,13.3,11.4,20.3,10.700000000000001,22.7,26.5,15.5,15.1,13.5,11.6,11.700000000000001,15.6,13.700000000000001,11.6
M.0.EL,CAF,KYOTOGHG (AR4GWP100),HISTTP,PRIMAP-hist_v2.3.1,MtCO2,Total GHG emissions (excl. LULUCF),22.900000000000002,19.0,16.8,21.900000000000002,19.3,20.3,20.5,21.0,22.2,17.7,19.900000000000002,21.2,18.3,19.5,19.1,19.400000000000002,21.2,19.7,20.3,18.1
M.0.EL,CAN,KYOTOGHG (AR4GWP100),HISTTP,PRIMAP-hist_v2.3.1,MtCO2,Total GHG emissions (excl. LULUCF),726.0,719.0,714.0,749.0,752.0,760.0,769.0,774.0,755.0,722.0,718.0,720.0,723.0,732.0,754.0,765.0,760.0,782.0,799.0,804.0
M.0.EL,CHE,KYOTOGHG (AR4GWP100),HISTTP,PRIMAP-hist_v2.3.1,MtCO2,Total GHG emissions (excl. LULUCF),49.4,53.5,51.300000000000004,50.800000000000004,51.2,52.4,53.300000000000004,49.7,52.300000000000004,53.2,50.7,48.7,49.7,52.300000000000004,47.7,47.9,46.2,46.6,45.1,45.5
M.0.EL,CHL,KYOTOGHG (AR4GWP100),HISTTP,PRIMAP-hist_v2.3.1,MtCO2,Total GHG emissions (excl. LULUCF),90.10000000000001,84.8,87.0,87.8,92.7,93.9,96.9,104.0,106.0,99.5,103.0,111.0,114.0,115.0,110.0,114.0,117.0,117.0,119.0,119.0
M.0.EL,CHN,KYOTOGHG (AR4GWP100),HISTTP,PRIMAP-hist_v2.3.1,MtCO2,Total GHG emissions (excl. LULUCF),5020.0,5120.0,5550.0,6340.0,7170.0,7960.0,8710.0,9230.0,9780.0,10200.0,11000.0,12000.0,12400.0,12600.0,12800.0,12700.0,12500.0,12800.0,13000.0,13400.0
M.0.EL,CIV,KYOTOGHG (AR4GWP100),HISTTP,PRIMAP-hist_v2.3.1,MtCO2,Total GHG emissions (excl. LULUCF),19.1,20.7,21.400000000000002,19.1,20.5,22.5,21.8,21.8,21.5,20.1,21.0,22.5,25.1,27.0,26.6,26.6,30.7,29.7,29.900000000000002,30.3
M.0.EL,CMR,KYOTOGHG (AR4GWP100),HISTTP,PRIMAP-hist_v2.3.1,MtCO2,Total GHG emissions (excl. LULUCF),33.5,32.6,31.6,33.4,31.6,32.9,31.400000000000002,32.9,32.9,33.9,33.8,32.9,32.9,33.2,36.0,39.5,40.300000000000004,38.0,38.9,38.300000000000004
M.0.EL,COD,KYOTOGHG (AR4GWP100),HISTTP,PRIMAP-hist_v2.3.1,MtCO2,Total GHG emissions (excl. LULUCF),36.300000000000004,38.0,43.4,46.4,48.6,48.7,49.6,47.5,49.5,49.2,51.0,50.6,55.7,59.7,61.800000000000004,62.0,62.0,65.7,64.8,66.6
M.0.EL,COG,KYOTOGHG (AR4GWP100),HISTTP,PRIMAP-hist_v2.3.1,MtCO2,Total GHG emissions (excl. LULUCF),20.0,19.3,13.700000000000001,16.1,17.2,20.7,22.5,19.400000000000002,19.1,20.8,22.8,22.1,21.8,21.5,21.2,21.2,21.3,22.400000000000002,23.2,21.6
M.0.EL,COK,KYOTOGHG (AR4GWP100),HISTTP,PRIMAP-hist_v2.3.1,MtCO2,Total GHG emissions (excl. LULUCF),0.07,0.053200000000000004,0.0414,0.04870000000000001,0.0683,0.07629999999999999,0.069,0.06870000000000001,0.0688,0.065,0.0724,0.08040000000000001,0.084,0.0836,0.0872,0.0833,0.0805,0.0849,0.0855,0.114
M.0.EL,COL,KYOTOGHG (AR4GWP100),HISTTP,PRIMAP-hist_v2.3.1,MtCO2,Total GHG emissions (excl. LULUCF),145.0,147.0,147.0,150.0,148.0,154.0,157.0,159.0,165.0,173.0,180.0,177.0,179.0,188.0,191.0,184.0,200.0,193.0,199.0,210.0
M.0.EL,COM,KYOTOGHG (AR4GWP100),HISTTP,PRIMAP-hist_v2.3.1,MtCO2,Total GHG emissions (excl. LULUCF),0.47900000000000004,0.498,0.508,0.533,0.552,0.561,0.603,0.53,0.5640000000000001,0.598,0.647,0.644,0.667,0.711,0.7020000000000001,0.728,0.778,0.833,0.861,0.84
M.0.EL,CPV,KYOTOGHG (AR4GWP100),HISTTP,PRIMAP-hist_v2.3.1,MtCO2,Total GHG emissions (excl. LULUCF),0.457,0.487,0.533,0.545,0.582,0.6980000000000001,0.732,0.769,0.735,0.798,0.845,0.87,0.757,0.754,0.749,0.757,0.809,0.8320000000000001,1.0,1.02
M.0.EL,CRI,KYOTOGHG (AR4GWP100),HISTTP,PRIMAP-hist_v2.3.1,MtCO2,Total GHG emissions (excl. LULUCF),11.0,11.1,11.6,12.1,12.200000000000001,12.0,12.3,13.5,13.8,13.4,13.4,13.6,13.4,13.9,14.0,13.8,14.700000000000001,15.1,15.9,16.9
M.0.EL,CUB,KYOTOGHG (AR4GWP100),HISTTP,PRIMAP-hist_v2.3.1,MtCO2,Total GHG emissions (excl. LULUCF),45.7,45.1,45.6,44.7,43.800000000000004,43.9,45.2,44.9,47.1,47.5,52.7,48.4,48.7,47.2,46.9,47.9,46.800000000000004,43.300000000000004,44.2,44.9
M.0.EL,CYP,KYOTOGHG (AR4GWP100),HISTTP,PRIMAP-hist_v2.3.1,MtCO2,Total GHG emissions (excl. LULUCF),8.1,8.07,8.25,8.88,8.51,8.6,8.950000000000001,9.34,9.73,9.370000000000001,9.25,9.05,8.55,7.8500000000000005,8.26,8.25,8.63,8.84,8.74,8.71
M.0.EL,CZE,KYOTOGHG (AR4GWP100),HISTTP,PRIMAP-hist_v2.3.1,MtCO2,Total GHG emissions (excl. LULUCF),150.0,150.0,144.0,147.0,142.0,145.0,148.0,148.0,142.0,139.0,140.0,135.0,131.0,129.0,125.0,128.0,130.0,129.0,128.0,125.0
M.0.EL,DEU,KYOTOGHG (AR4GWP100),HISTTP,PRIMAP-hist_v2.3.1,MtCO2,Total GHG emissions (excl. LULUCF),1030.0,1050.0,1020.0,1010.0,1000.0,982.0,999.0,964.0,960.0,892.0,937.0,906.0,913.0,933.0,896.0,902.0,901.0,894.0,864.0,813.0
M.0.EL,DJI,KYOTOGHG (AR4GWP100),HISTTP,PRIMAP-hist_v2.3.1,MtCO2,Total GHG emissions (excl. LULUCF),1.47,1.48,1.52,1.55,1.56,1.58,1.58,1.6500000000000001,1.7,1.6500000000000001,1.7,1.67,1.7,1.8,1.6300000000000001,1.72,1.7,1.72,1.74,1.74
M.0.EL,DMA,KYOTOGHG (AR4GWP100),HISTTP,PRIMAP-hist_v2.3.1,MtCO2,Total GHG emissions (excl. LULUCF),0.203,0.20800000000000002,0.192,0.209,0.23600000000000002,0.23500000000000001,0.234,0.275,0.256,0.248,0.254,0.23700000000000002,0.242,0.246,0.253,0.255,0.258,0.23900000000000002,0.244,0.247
M.0.EL,DNK,KYOTOGHG (AR4GWP100),HISTTP,PRIMAP-hist_v2.3.1,MtCO2,Total GHG emissions (excl. LULUCF),73.0,74.0,72.60000000000001,76.5,70.4,66.8,73.9,69.5,66.7,63.2,64.6,59.9,56.2,57.0,52.9,50.0,51.1,48.4,48.6,45.4
M.0.EL,DOM,KYOTOGHG (AR4GWP100),HISTTP,PRIMAP-hist_v2.3.1,MtCO2,Total GHG emissions (excl. LULUCF),29.0,29.6,32.0,31.900000000000002,28.900000000000002,28.8,30.400000000000002,32.2,32.7,32.7,33.8,34.7,34.9,34.5,35.4,37.5,38.9,38.800000000000004,40.0,40.9
M.0.EL,DZA,KYOTOGHG (AR4GWP100),HISTTP,PRIMAP-hist_v2.3.1,MtCO2,Total GHG emissions (excl. LULUCF),180.0,167.0,168.0,180.0,175.0,195.0,193.0,194.0,198.0,200.0,203.0,207.0,222.0,226.0,241.0,252.0,256.0,259.0,270.0,272.0
M.0.EL,ECU,KYOTOGHG (AR4GWP100),HISTTP,PRIMAP-hist_v2.3.1,MtCO2,Total GHG emissions (excl. LULUCF),43.800000000000004,48.5,49.5,52.0,55.300000000000004,56.4,55.5,59.9,56.300000000000004,61.0,64.8,67.4,65.9,68.60000000000001,72.2,68.7,67.9,67.5,69.8,69.5
M.0.EL,EGY,KYOTOGHG (AR4GWP100),HISTTP,PRIMAP-hist_v2.3.1,MtCO2,Total GHG emissions (excl. LULUCF),219.0,205.0,210.0,233.0,239.0,261.0,275.0,285.0,299.0,305.0,303.0,319.0,316.0,311.0,325.0,320.0,336.0,357.0,356.0,359.0
M.0.EL,ERI,KYOTOGHG (AR4GWP100),HISTTP,PRIMAP-hist_v2.3.1,MtCO2,Total GHG emissions (excl. LULUCF),5.91,5.62,5.57,5.84,5.95,6.0600000000000005,5.7,6.0600000000000005,5.92,6.05,5.96,6.2700000000000005,6.4,6.49,6.55,6.61,6.7,6.7700000000000005,6.91,6.95
M.0.EL,ESP,KYOTOGHG (AR4GWP100),HISTTP,PRIMAP-hist_v2.3.1,MtCO2,Total GHG emissions (excl. LULUCF),383.0,385.0,401.0,412.0,429.0,440.0,435.0,446.0,417.0,380.0,365.0,364.0,356.0,328.0,326.0,341.0,334.0,356.0,349.0,329.0
M.0.EL,EST,KYOTOGHG (AR4GWP100),HISTTP,PRIMAP-hist_v2.3.1,MtCO2,Total GHG emissions (excl. LULUCF),20.900000000000002,21.7,20.6,23.0,23.6,23.1,22.5,24.900000000000002,24.0,21.400000000000002,25.2,25.7,25.400000000000002,27.8,27.1,25.400000000000002,25.8,26.3,27.5,22.2
M.0.EL,ETH,KYOTOGHG (AR4GWP100),HISTTP,PRIMAP-hist_v2.3.1,MtCO2,Total GHG emissions (excl. LULUCF),82.9,87.10000000000001,96.7,95.2,97.8,102.0,107.0,117.0,122.0,126.0,132.0,132.0,138.0,143.0,150.0,153.0,159.0,165.0,166.0,168.0
M.0.EL,EUU,KYOTOGHG (AR4GWP100),HISTTP,PRIMAP-hist_v2.3.1,MtCO2,Total GHG emissions (excl. LULUCF),4510.0,4570.0,4560.0,4620.0,4630.0,4600.0,4630.0,4580.0,4490.0,4220.0,4340.0,4240.0,4150.0,4080.0,3940.0,4000.0,4010.0,4060.0,4000.0,3870.0
M.0.EL,FIN,KYOTOGHG (AR4GWP100),HISTTP,PRIMAP-hist_v2.3.1,MtCO2,Total GHG emissions (excl. LULUCF),81.0,86.10000000000001,90.60000000000001,98.7,100.0,86.10000000000001,99.60000000000001,94.2,88.0,83.60000000000001,94.60000000000001,88.4,82.5,81.9,82.0,77.0,76.5,73.3,74.9,70.8
M.0.EL,FJI,KYOTOGHG (AR4GWP100),HISTTP,PRIMAP-hist_v2.3.1,MtCO2,Total GHG emissions (excl. LULUCF),2.18,2.44,2.25,2.36,2.72,2.44,2.56,2.5,2.25,2.11,2.5300000000000002,2.44,2.4,2.7,2.45,3.0,2.88,2.83,2.88,3.72
M.0.EL,FRA,KYOTOGHG (AR4GWP100),HISTTP,PRIMAP-hist_v2.3.1,MtCO2,Total GHG emissions (excl. LULUCF),538.0,555.0,550.0,555.0,556.0,556.0,543.0,541.0,538.0,520.0,526.0,504.0,504.0,504.0,475.0,481.0,482.0,486.0,472.0,460.0
M.0.EL,FSM,KYOTOGHG (AR4GWP100),HISTTP,PRIMAP-hist_v2.3.1,MtCO2,Total GHG emissions (excl. LULUCF),0.183,0.198,0.191,0.202,0.198,0.176,0.176,0.188,0.166,0.20500000000000002,0.161,0.179,0.187,0.199,0.2,0.20800000000000002,0.21,0.211,0.216,0.276
M.0.EL,GAB,KYOTOGHG (AR4GWP100),HISTTP,PRIMAP-hist_v2.3.1,MtCO2,Total GHG emissions (excl. LULUCF),23.900000000000002,24.7,24.0,26.7,24.7,23.1,20.0,17.400000000000002,18.8,18.2,18.8,18.6,18.5,18.5,18.900000000000002,19.5,19.5,17.6,17.1,16.1
M.0.EL,GBR,KYOTOGHG (AR4GWP100),HISTTP,PRIMAP-hist_v2.3.1,MtCO2,Total GHG emissions (excl. LULUCF),707.0,706.0,686.0,695.0,689.0,686.0,679.0,664.0,652.0,596.0,614.0,566.0,586.0,574.0,538.0,523.0,497.0,484.0,478.0,462.0
M.0.EL,GEO,KYOTOGHG (AR4GWP100),HISTTP,PRIMAP-hist_v2.3.1,MtCO2,Total GHG emissions (excl. LULUCF),11.200000000000001,9.91,9.98,10.6,11.4,12.3,13.3,13.6,12.3,13.1,13.4,15.4,16.2,16.2,17.1,17.6,17.900000000000002,18.1,16.6,17.400000000000002
M.0.EL,GHA,KYOTOGHG (AR4GWP100),HISTTP,PRIMAP-hist_v2.3.1,MtCO2,Total GHG emissions (excl. LULUCF),20.900000000000002,20.3,20.7,21.400000000000002,20.5,22.0,24.400000000000002,24.400000000000002,23.7,22.0,24.8,29.3,31.900000000000002,33.4,34.1,36.300000000000004,36.6,36.4,40.5,40.5
M.0.EL,GIN,KYOTOGHG (AR4GWP100),HISTTP,PRIMAP-hist_v2.3.1,MtCO2,Total GHG emissions (excl. LULUCF),13.200000000000001,14.1,15.3,15.4,15.5,17.0,17.3,17.7,18.2,18.8,21.1,22.3,23.5,23.5,23.900000000000002,24.3,27.2,27.3,27.7,29.1
M.0.EL,GMB,KYOTOGHG (AR4GWP100),HISTTP,PRIMAP-hist_v2.3.1,MtCO2,Total GHG emissions (excl. LULUCF),1.44,1.3900000000000001,1.37,1.48,1.59,1.6400000000000001,1.73,1.73,1.87,2.18,2.33,2.02,2.1,2.16,2.3000000000000003,2.45,2.34,2.37,2.33,2.5100000000000002
M.0.EL,GNB,KYOTOGHG (AR4GWP100),HISTTP,PRIMAP-hist_v2.3.1,MtCO2,Total GHG emissions (excl. LULUCF),1.98,2.2800000000000002,2.33,2.39,2.32,2.27,2.45,2.49,2.41,2.5500000000000003,2.64,2.65,2.84,2.81,2.8000000000000003,2.93,2.94,3.0,3.16,3.19
M.0.EL,GNQ,KYOTOGHG (AR4GWP100),HISTTP,PRIMAP-hist_v2.3.1,MtCO2,Total GHG emissions (excl. LULUCF),10.9,15.200000000000001,13.4,14.9,18.2,19.5,19.1,18.8,20.5,18.8,19.400000000000002,20.0,19.400000000000002,19.2,17.900000000000002,16.7,16.3,15.0,16.8,16.5
M.0.EL,GRC,KYOTOGHG (AR4GWP100),HISTTP,PRIMAP-hist_v2.3.1,MtCO2,Total GHG emissions (excl. LULUCF),118.0,117.0,119.0,121.0,122.0,124.0,121.0,121.0,120.0,115.0,107.0,103.0,103.0,92.4,90.7,87.7,84.4,88.2,85.60000000000001,89.0
M.0.EL,GRD,KYOTOGHG (AR4GWP100),HISTTP,PRIMAP-hist_v2.3.1,MtCO2,Total GHG emissions (excl. LULUCF),0.249,0.253,0.265,0.277,0.266,0.278,0.293,0.301,0.317,0.318,0.325,0.319,0.338,0.372,0.302,0.328,0.336,0.35000000000000003,0.359,0.372
M.0.EL,GTM,KYOTOGHG (AR4GWP100),HISTTP,PRIMAP-hist_v2.3.1,MtCO2,Total GHG emissions (excl. LULUCF),22.8,23.6,24.5,24.400000000000002,25.6,27.2,27.5,28.3,27.3,28.8,29.6,30.3,31.0,32.7,34.1,36.6,38.300000000000004,39.7,38.300000000000004,40.6
M.0.EL,GUY,KYOTOGHG (AR4GWP100),HISTTP,PRIMAP-hist_v2.3.1,MtCO2,Total GHG emissions (excl. LULUCF),3.94,4.01,3.9,4.25,4.29,3.81,3.66,3.97,4.04,4.24,4.32,4.42,4.51,4.64,4.83,4.96,4.94,5.0,5.33,5.58
M.0.EL,HND,KYOTOGHG (AR4GWP100),HISTTP,PRIMAP-hist_v2.3.1,MtCO2,Total GHG emissions (excl. LULUCF),12.5,13.200000000000001,13.6,15.6,16.2,17.1,16.3,18.2,18.0,18.0,18.0,19.2,19.6,20.2,20.3,21.2,21.0,21.6,22.400000000000002,23.7
M.0.EL,HRV,KYOTOGHG (AR4GWP100),HISTTP,PRIMAP-hist_v2.3.1,MtCO2,Total GHG emissions (excl. LULUCF),27.1,28.0,29.3,30.900000000000002,31.5,31.6,32.6,34.4,33.2,30.0,29.400000000000002,29.0,26.6,26.0,25.400000000000002,26.1,26.0,26.8,25.8,25.900000000000002
M.0.EL,HTI,KYOTOGHG (AR4GWP100),HISTTP,PRIMAP-hist_v2.3.1,MtCO2,Total GHG emissions (excl. LULUCF),8.120000000000001,8.55,8.8,8.73,9.03,11.200000000000001,11.4,11.9,12.0,12.1,12.1,12.3,12.6,12.9,13.5,13.9,14.200000000000001,14.4,14.5,15.200000000000001
M.0.EL,HUN,KYOTOGHG (AR4GWP100),HISTTP,PRIMAP-hist_v2.3.1,MtCO2,Total GHG emissions (excl. LULUCF),77.0,78.3,80.9,82.3,81.3,81.0,80.0,78.9,77.0,69.10000000000001,71.10000000000001,69.7,66.3,63.6,62.9,66.2,67.3,69.5,70.7,70.4
M.0.EL,IDN,KYOTOGHG (AR4GWP100),HISTTP,PRIMAP-hist_v2.3.1,MtCO2,Total GHG emissions (excl. LULUCF),564.0,591.0,604.0,619.0,646.0,655.0,670.0,706.0,754.0,797.0,782.0,878.0,928.0,813.0,828.0,915.0,984.0,979.0,1030.0,1090.0
M.0.EL,IND,KYOTOGHG (AR4GWP100),HISTTP,PRIMAP-hist_v2.3.1,MtCO2,Total GHG emissions (excl. LULUCF),1970.0,1980.0,1990.0,2060.0,2150.0,2230.0,2330.0,2460.0,2610.0,2790.0,2820.0,2960.0,3140.0,3140.0,3360.0,3470.0,3530.0,3630.0,3790.0,3830.0
M.0.EL,IRL,KYOTOGHG (AR4GWP100),HISTTP,PRIMAP-hist_v2.3.1,MtCO2,Total GHG emissions (excl. LULUCF),74.9,77.7,77.2,75.3,75.9,74.9,74.8,75.5,73.4,70.7,69.60000000000001,65.4,66.4,66.0,65.3,67.9,70.7,69.5,67.6,65.5
M.0.EL,IRN,KYOTOGHG (AR4GWP100),HISTTP,PRIMAP-hist_v2.3.1,MtCO2,Total GHG emissions (excl. LULUCF),527.0,543.0,553.0,591.0,635.0,667.0,715.0,721.0,736.0,753.0,779.0,790.0,797.0,806.0,846.0,849.0,883.0,941.0,992.0,1010.0
M.0.EL,IRQ,KYOTOGHG (AR4GWP100),HISTTP,PRIMAP-hist_v2.3.1,MtCO2,Total GHG emissions (excl. LULUCF),151.0,167.0,163.0,161.0,182.0,181.0,167.0,126.0,164.0,183.0,200.0,228.0,258.0,270.0,276.0,285.0,337.0,355.0,371.0,384.0
M.0.EL,ISL,KYOTOGHG (AR4GWP100),HISTTP,PRIMAP-hist_v2.3.1,MtCO2,Total GHG emissions (excl. LULUCF),4.05,4.13,4.3,4.26,4.3500000000000005,4.37,4.57,4.82,5.34,5.05,5.01,4.94,4.99,5.04,5.0200000000000005,5.14,5.14,5.18,5.23,5.0
M.0.EL,ISR,KYOTOGHG (AR4GWP100),HISTTP,PRIMAP-hist_v2.3.1,MtCO2,Total GHG emissions (excl. LULUCF),71.4,75.0,71.2,74.7,72.60000000000001,71.10000000000001,76.9,78.2,83.0,78.8,83.8,86.0,91.9,84.5,82.0,87.5,88.0,89.4,89.8,91.60000000000001
M.0.EL,ITA,KYOTOGHG (AR4GWP100),HISTTP,PRIMAP-hist_v2.3.1,MtCO2,Total GHG emissions (excl. LULUCF),558.0,554.0,558.0,572.0,575.0,576.0,565.0,560.0,543.0,494.0,500.0,491.0,464.0,439.0,414.0,427.0,422.0,421.0,421.0,416.0
M.0.EL,JAM,KYOTOGHG (AR4GWP100),HISTTP,PRIMAP-hist_v2.3.1,MtCO2,Total GHG emissions (excl. LULUCF),12.200000000000001,12.5,12.200000000000001,12.700000000000001,12.5,12.3,13.3,12.4,12.4,9.540000000000001,9.25,9.85,9.53,10.1,9.32,9.56,9.76,9.42,9.64,9.88
M.0.EL,JOR,KYOTOGHG (AR4GWP100),HISTTP,PRIMAP-hist_v2.3.1,MtCO2,Total GHG emissions (excl. LULUCF),18.7,19.2,20.2,20.8,22.8,24.7,24.900000000000002,26.2,25.8,26.3,25.900000000000002,27.0,29.6,30.0,32.4,32.1,31.0,32.7,27.6,28.3
M.0.EL,JPN,KYOTOGHG (AR4GWP100),HISTTP,PRIMAP-hist_v2.3.1,MtCO2,Total GHG emissions (excl. LULUCF),1410.0,1390.0,1400.0,1430.0,1450.0,1440.0,1430.0,1450.0,1410.0,1300.0,1380.0,1400.0,1440.0,1470.0,1440.0,1400.0,1380.0,1390.0,1380.0,1340.0
M.0.EL,KAZ,KYOTOGHG (AR4GWP100),HISTTP,PRIMAP-hist_v2.3.1,MtCO2,Total GHG emissions (excl. LULUCF),174.0,189.0,204.0,209.0,245.0,251.0,275.0,300.0,312.0,292.0,331.0,342.0,327.0,336.0,317.0,310.0,320.0,348.0,369.0,362.0
M.0.EL,KEN,KYOTOGHG (AR4GWP100),HISTTP,PRIMAP-hist_v2.3.1,MtCO2,Total GHG emissions (excl. LULUCF),46.800000000000004,46.0,46.0,46.9,49.800000000000004,50.5,51.0,68.0,69.2,70.0,70.60000000000001,73.5,72.5,73.2,76.0,78.9,83.9,80.0,82.7,90.5
M.0.EL,KGZ,KYOTOGHG (AR4GWP100),HISTTP,PRIMAP-hist_v2.3.1,MtCO2,Total GHG emissions (excl. LULUCF),10.1,9.36,10.4,11.1,11.5,11.3,11.1,12.3,13.6,13.200000000000001,12.9,14.3,16.9,17.1,18.0,18.2,17.8,17.5,20.3,19.7
M.0.EL,KHM,KYOTOGHG (AR4GWP100),HISTTP,PRIMAP-hist_v2.3.1,MtCO2,Total GHG emissions (excl. LULUCF),22.0,22.1,22.900000000000002,24.5,23.900000000000002,25.3,26.8,27.6,28.3,30.7,31.5,32.8,32.4,32.5,33.0,35.300000000000004,37.7,41.1,42.300000000000004,46.7
M.0.EL,KIR,KYOTOGHG (AR4GWP100),HISTTP,PRIMAP-hist_v2.3.1,MtCO2,Total GHG emissions (excl. LULUCF),0.055600000000000004,0.0523,0.06470000000000001,0.06870000000000001,0.0727,0.0845,0.09240000000000001,0.0855,0.09340000000000001,0.08270000000000001,0.08700000000000001,0.0845,0.0815,0.0819,0.0897,0.0943,0.0988,0.0994,0.10200000000000001,0.13
M.0.EL,KNA,KYOTOGHG (AR4GWP100),HISTTP,PRIMAP-hist_v2.3.1,MtCO2,Total GHG emissions (excl. LULUCF),0.229,0.234,0.252,0.253,0.269,0.256,0.258,0.275,0.278,0.28600000000000003,0.28400000000000003,0.295,0.276,0.28,0.28800000000000003,0.292,0.297,0.302,0.311,0.322
M.0.EL,KOR,KYOTOGHG (AR4GWP100),HISTTP,PRIMAP-hist_v2.3.1,MtCO2,Total GHG emissions (excl. LULUCF),533.0,533.0,551.0,547.0,564.0,550.0,552.0,580.0,590.0,588.0,648.0,675.0,675.0,683.0,685.0,689.0,717.0,720.0,736.0,712.0
M.0.EL,KWT,KYOTOGHG (AR4GWP100),HISTTP,PRIMAP-hist_v2.3.1,MtCO2,Total GHG emissions (excl. LULUCF),86.7,89.2,90.7,99.0,102.0,114.0,116.0,115.0,122.0,124.0,126.0,127.0,141.0,136.0,130.0,137.0,144.0,146.0,145.0,146.0
M.0.EL,LAO,KYOTOGHG (AR4GWP100),HISTTP,PRIMAP-hist_v2.3.1,MtCO2,Total GHG emissions (excl. LULUCF),8.78,9.13,9.44,9.69,10.200000000000001,10.1,10.6,11.1,11.5,12.4,13.4,13.3,14.3,15.3,15.700000000000001,21.1,27.5,31.2,31.6,38.7
M.0.EL,LBN,KYOTOGHG (AR4GWP100),HISTTP,PRIMAP-hist_v2.3.1,MtCO2,Total GHG emissions (excl. LULUCF),18.3,19.400000000000002,19.3,21.7,20.5,19.900000000000002,18.1,17.1,20.8,24.5,23.6,24.2,26.5,26.5,28.6,30.5,31.3,32.9,24.6,25.2
M.0.EL,LBR,KYOTOGHG (AR4GWP100),HISTTP,PRIMAP-hist_v2.3.1,MtCO2,Total GHG emissions (excl. LULUCF),1.93,2.0,2.04,2.12,2.25,2.42,2.58,2.6,2.6,2.87,3.0500000000000003,3.23,3.45,3.41,3.84,4.05,4.18,4.15,4.33,4.5
M.0.EL,LBY,KYOTOGHG (AR4GWP100),HISTTP,PRIMAP-hist_v2.3.1,MtCO2,Total GHG emissions (excl. LULUCF),91.2,88.2,86.9,94.9,95.60000000000001,97.9,97.4,91.3,96.5,95.9,102.0,60.1,91.2,84.5,75.60000000000001,66.2,59.300000000000004,69.4,74.10000000000001,66.0
M.0.EL,LCA,KYOTOGHG (AR4GWP100),HISTTP,PRIMAP-hist_v2.3.1,MtCO2,Total GHG emissions (excl. LULUCF),0.506,0.504,0.43,0.511,0.511,0.47800000000000004,0.506,0.433,0.439,0.46900000000000003,0.506,0.47600000000000003,0.47400000000000003,0.451,0.495,0.506,0.48,0.495,0.506,0.52
M.0.EL,LIE,KYOTOGHG (AR4GWP100),HISTTP,PRIMAP-hist_v2.3.1,MtCO2,Total GHG emissions (excl. LULUCF),0.23600000000000002,0.248,0.251,0.251,0.25,0.253,0.261,0.224,0.248,0.245,0.213,0.20800000000000002,0.211,0.263,0.217,0.201,0.179,0.196,0.19,0.19
M.0.EL,LKA,KYOTOGHG (AR4GWP100),HISTTP,PRIMAP-hist_v2.3.1,MtCO2,Total GHG emissions (excl. LULUCF),22.400000000000002,22.400000000000002,23.3,23.400000000000002,24.5,25.1,25.0,25.2,26.2,26.7,27.400000000000002,29.7,30.900000000000002,29.5,32.3,35.7,37.800000000000004,36.9,37.4,39.5
M.0.EL,LSO,KYOTOGHG (AR4GWP100),HISTTP,PRIMAP-hist_v2.3.1,MtCO2,Total GHG emissions (excl. LULUCF),4.25,4.25,4.1,4.19,4.17,4.38,4.36,4.46,4.42,4.54,4.58,4.67,4.74,4.66,4.63,4.51,4.5,4.83,4.86,4.67
M.0.EL,LTU,KYOTOGHG (AR4GWP100),HISTTP,PRIMAP-hist_v2.3.1,MtCO2,Total GHG emissions (excl. LULUCF),21.900000000000002,23.2,23.7,23.8,24.6,25.6,25.7,29.0,28.6,24.6,25.6,27.6,28.1,26.2,27.2,28.400000000000002,28.400000000000002,29.3,28.6,28.8
M.0.EL,LUX,KYOTOGHG (AR4GWP100),HISTTP,PRIMAP-hist_v2.3.1,MtCO2,Total GHG emissions (excl. LULUCF),9.63,10.1,10.700000000000001,11.200000000000001,12.6,12.8,12.6,12.200000000000001,12.1,11.5,12.1,12.0,11.700000000000001,11.200000000000001,10.8,10.3,10.1,10.4,10.700000000000001,10.8
M.0.EL,LVA,KYOTOGHG (AR4GWP100),HISTTP,PRIMAP-hist_v2.3.1,MtCO2,Total GHG emissions (excl. LULUCF),10.9,11.5,11.5,12.0,12.4,12.9,13.8,14.4,14.0,13.3,14.3,13.700000000000001,13.700000000000001,13.6,13.5,13.700000000000001,13.8,13.6,13.6,13.9
M.0.EL,MAR,KYOTOGHG (AR4GWP100),HISTTP,PRIMAP-hist_v2.3.1,MtCO2,Total GHG emissions (excl. LULUCF),59.0,63.0,64.0,63.800000000000004,70.7,73.8,76.3,78.8,81.60000000000001,81.3,85.5,87.2,89.3,90.60000000000001,91.9,94.2,93.4,98.5,101.0,106.0
M.0.EL,MCO,KYOTOGHG (AR4GWP100),HISTTP,PRIMAP-hist_v2.3.1,MtCO2,Total GHG emissions (excl. LULUCF),0.192,0.195,0.195,0.19,0.186,0.182,0.176,0.178,0.178,0.17200000000000001,0.17300000000000001,0.17300000000000001,0.17200000000000001,0.179,0.17200000000000001,0.176,0.176,0.178,0.178,0.168
M.0.EL,MDA,KYOTOGHG (AR4GWP100),HISTTP,PRIMAP-hist_v2.3.1,MtCO2,Total GHG emissions (excl. LULUCF),7.140000000000001,7.37,7.63,8.01,8.16,8.35,8.370000000000001,8.290000000000001,8.32,7.46,8.02,8.21,7.94,8.13,8.07,8.02,8.24,8.57,9.9,9.43
M.0.EL,MDG,KYOTOGHG (AR4GWP100),HISTTP,PRIMAP-hist_v2.3.1,MtCO2,Total GHG emissions (excl. LULUCF),29.3,28.0,26.1,28.7,27.6,31.3,30.5,32.2,31.3,32.1,32.4,32.5,33.6,32.9,33.0,33.3,34.2,33.7,34.4,34.4
M.0.EL,MDV,KYOTOGHG (AR4GWP100),HISTTP,PRIMAP-hist_v2.3.1,MtCO2,Total GHG emissions (excl. LULUCF),0.533,0.546,0.684,0.6,0.769,0.705,0.872,0.899,0.968,1.01,1.07,1.1500000000000001,1.28,1.27,1.51,1.49,1.6400000000000001,1.7,1.75,1.82
M.0.EL,MEX,KYOTOGHG (AR4GWP100),HISTTP,PRIMAP-hist_v2.3.1,MtCO2,Total GHG emissions (excl. LULUCF),648.0,661.0,662.0,698.0,702.0,739.0,765.0,783.0,826.0,809.0,805.0,790.0,801.0,800.0,794.0,778.0,800.0,786.0,780.0,778.0
M.0.EL,MHL,KYOTOGHG (AR4GWP100),HISTTP,PRIMAP-hist_v2.3.1,MtCO2,Total GHG emissions (excl. LULUCF),0.107,0.11,0.11800000000000001,0.114,0.126,0.122,0.13,0.134,0.139,0.14400000000000002,0.149,0.151,0.148,0.152,0.156,0.157,0.157,0.161,0.166,0.227
M.0.EL,MKD,KYOTOGHG (AR4GWP100),HISTTP,PRIMAP-hist_v2.3.1,MtCO2,Total GHG emissions (excl. LULUCF),14.700000000000001,14.6,13.5,13.9,13.9,14.1,13.8,12.5,12.5,11.3,11.6,12.4,11.700000000000001,10.8,10.5,9.98,9.82,10.4,9.89,10.9
M.0.EL,MLI,KYOTOGHG (AR4GWP100),HISTTP,PRIMAP-hist_v2.3.1,MtCO2,Total GHG emissions (excl. LULUCF),22.5,22.0,22.5,23.3,25.6,26.5,26.7,27.8,29.5,29.6,31.8,32.5,33.2,34.800000000000004,35.5,36.9,40.300000000000004,40.800000000000004,42.300000000000004,43.800000000000004
M.0.EL,MLT,KYOTOGHG (AR4GWP100),HISTTP,PRIMAP-hist_v2.3.1,MtCO2,Total GHG emissions (excl. LULUCF),2.42,2.81,2.64,2.94,2.95,3.12,3.0300000000000002,3.2,3.0500000000000003,2.97,3.08,3.09,3.22,2.92,2.94,2.24,1.94,2.15,2.86,3.0500000000000003
M.0.EL,MMR,KYOTOGHG (AR4GWP100),HISTTP,PRIMAP-hist_v2.3.1,MtCO2,Total GHG emissions (excl. LULUCF),81.0,80.3,81.60000000000001,85.0,90.9,93.10000000000001,98.60000000000001,101.0,98.60000000000001,100.0,105.0,106.0,103.0,106.0,112.0,121.0,126.0,130.0,134.0,144.0
M.0.EL,MNE,KYOTOGHG (AR4GWP100),HISTTP,PRIMAP-hist_v2.3.1,MtCO2,Total GHG emissions (excl. LULUCF),2.99,3.39,3.52,3.66,3.91,3.68,3.62,3.71,4.2700000000000005,3.33,4.2,4.39,4.45,4.61,4.71,5.11,4.74,4.95,5.19,5.46
M.0.EL,MNG,KYOTOGHG (AR4GWP100),HISTTP,PRIMAP-hist_v2.3.1,MtCO2,Total GHG emissions (excl. LULUCF),28.7,26.6,24.5,24.3,24.5,27.1,29.8,34.9,35.300000000000004,38.5,40.0,51.800000000000004,65.8,74.9,63.800000000000004,58.0,65.4,78.60000000000001,80.5,96.60000000000001
M.0.EL,MOZ,KYOTOGHG (AR4GWP100),HISTTP,PRIMAP-hist_v2.3.1,MtCO2,Total GHG emissions (excl. LULUCF),21.1,23.6,25.3,26.400000000000002,26.6,28.6,27.8,28.8,29.7,27.5,29.8,29.6,33.1,35.5,40.4,37.800000000000004,39.2,42.0,46.6,44.5
M.0.EL,MRT,KYOTOGHG (AR4GWP100),HISTTP,PRIMAP-hist_v2.3.1,MtCO2,Total GHG emissions (excl. LULUCF),9.68,9.83,9.97,10.200000000000001,10.3,10.6,11.0,11.1,10.4,11.1,11.6,11.8,12.4,12.3,13.0,13.700000000000001,14.0,14.9,14.6,15.0
M.0.EL,MUS,KYOTOGHG (AR4GWP100),HISTTP,PRIMAP-hist_v2.3.1,MtCO2,Total GHG emissions (excl. LULUCF),3.69,3.7,3.7600000000000002,3.94,3.98,4.18,4.5200000000000005,4.59,4.67,4.61,4.82,4.8500000000000005,4.92,5.01,5.17,5.16,5.32,5.51,5.5600000000000005,5.67
M.0.EL,MWI,KYOTOGHG (AR4GWP100),HISTTP,PRIMAP-hist_v2.3.1,MtCO2,Total GHG emissions (excl. LULUCF),6.24,6.03,6.5200000000000005,6.83,6.88,7.08,7.41,7.8500000000000005,8.47,8.59,9.22,9.58,9.85,10.200000000000001,10.700000000000001,11.200000000000001,11.5,12.200000000000001,13.5,14.0
M.0.EL,MYS,KYOTOGHG (AR4GWP100),HISTTP,PRIMAP-hist_v2.3.1,MtCO2,Total GHG emissions (excl. LULUCF),179.0,189.0,196.0,223.0,242.0,247.0,248.0,255.0,277.0,268.0,277.0,279.0,291.0,314.0,322.0,317.0,335.0,329.0,338.0,347.0
M.0.EL,NAM,KYOTOGHG (AR4GWP100),HISTTP,PRIMAP-hist_v2.3.1,MtCO2,Total GHG emissions (excl. LULUCF),10.5,10.5,9.18,9.83,10.4,11.200000000000001,12.6,11.9,11.1,13.700000000000001,13.1,17.5,19.400000000000002,11.5,11.700000000000001,11.8,12.6,12.8,12.1,10.9
M.0.EL,NER,KYOTOGHG (AR4GWP100),HISTTP,PRIMAP-hist_v2.3.1,MtCO2,Total GHG emissions (excl. LULUCF),17.8,18.5,19.2,20.0,20.8,21.6,22.3,23.3,24.5,25.6,25.5,26.5,28.400000000000002,30.1,31.6,32.6,34.2,35.6,37.4,38.9
M.0.EL,NGA,KYOTOGHG (AR4GWP100),HISTTP,PRIMAP-hist_v2.3.1,MtCO2,Total GHG emissions (excl. LULUCF),384.0,389.0,343.0,380.0,369.0,371.0,346.0,328.0,330.0,311.0,359.0,389.0,376.0,376.0,387.0,374.0,377.0,399.0,412.0,402.0
M.0.EL,NIC,KYOTOGHG (AR4GWP100),HISTTP,PRIMAP-hist_v2.3.1,MtCO2,Total GHG emissions (excl. LULUCF),12.8,13.1,13.4,14.3,14.0,14.4,14.6,14.8,14.6,14.9,15.1,16.3,16.5,16.7,17.5,18.6,18.900000000000002,18.6,19.1,20.1
M.0.EL,NIU,KYOTOGHG (AR4GWP100),HISTTP,PRIMAP-hist_v2.3.1,MtCO2,Total GHG emissions (excl. LULUCF),0.00861,0.00865,0.00864,0.004980000000000001,0.004980000000000001,0.00504,0.00504,0.00509,0.008740000000000001,0.005070000000000001,0.00508,0.00878,0.00879,0.0088,0.0125,0.00882,0.00882,0.008830000000000001,0.00904,0.0121
M.0.EL,NLD,KYOTOGHG (AR4GWP100),HISTTP,PRIMAP-hist_v2.3.1,MtCO2,Total GHG emissions (excl. LULUCF),244.0,243.0,242.0,245.0,247.0,241.0,241.0,239.0,233.0,230.0,243.0,229.0,227.0,225.0,217.0,222.0,222.0,218.0,213.0,209.0
M.0.EL,NOR,KYOTOGHG (AR4GWP100),HISTTP,PRIMAP-hist_v2.3.1,MtCO2,Total GHG emissions (excl. LULUCF),80.10000000000001,82.8,78.10000000000001,87.2,85.0,83.5,84.60000000000001,85.10000000000001,97.2,92.4,84.9,77.5,79.2,82.2,82.10000000000001,81.9,75.7,82.5,83.5,82.4
M.0.EL,NPL,KYOTOGHG (AR4GWP100),HISTTP,PRIMAP-hist_v2.3.1,MtCO2,Total GHG emissions (excl. LULUCF),29.3,29.7,29.3,30.0,30.0,30.8,30.6,30.900000000000002,32.6,34.2,35.2,36.300000000000004,36.800000000000004,38.2,40.0,39.1,42.6,44.9,46.800000000000004,51.0
M.0.EL,NRU,KYOTOGHG (AR4GWP100),HISTTP,PRIMAP-hist_v2.3.1,MtCO2,Total GHG emissions (excl. LULUCF),0.0878,0.0843,0.08070000000000001,0.0697,0.0698,0.06609999999999999,0.047700000000000006,0.0479,0.048100000000000004,0.0444,0.04820000000000001,0.0446,0.048299999999999996,0.0522,0.056,0.0597,0.048799999999999996,0.0525,0.0538,0.07390000000000001
M.0.EL,NZL,KYOTOGHG (AR4GWP100),HISTTP,PRIMAP-hist_v2.3.1,MtCO2,Total GHG emissions (excl. LULUCF),85.7,87.4,88.10000000000001,88.3,88.3,87.60000000000001,87.0,87.2,86.7,85.60000000000001,85.10000000000001,85.0,89.10000000000001,88.3,90.9,90.10000000000001,89.4,89.60000000000001,89.3,90.7
M.0.EL,OMN,KYOTOGHG (AR4GWP100),HISTTP,PRIMAP-hist_v2.3.1,MtCO2,Total GHG emissions (excl. LULUCF),46.800000000000004,48.2,53.6,64.6,58.4,62.300000000000004,70.8,74.8,73.60000000000001,71.9,79.3,89.4,95.9,101.0,101.0,105.0,105.0,111.0,112.0,115.0
M.0.EL,PAK,KYOTOGHG (AR4GWP100),HISTTP,PRIMAP-hist_v2.3.1,MtCO2,Total GHG emissions (excl. LULUCF),272.0,276.0,287.0,298.0,316.0,326.0,345.0,360.0,366.0,375.0,373.0,380.0,381.0,386.0,396.0,416.0,457.0,499.0,513.0,518.0
M.0.EL,PAN,KYOTOGHG (AR4GWP100),HISTTP,PRIMAP-hist_v2.3.1,MtCO2,Total GHG emissions (excl. LULUCF),10.1,11.700000000000001,10.6,10.9,10.5,11.700000000000001,12.4,12.1,12.5,13.700000000000001,14.4,15.5,15.4,17.1,16.4,16.3,15.9,17.2,17.0,18.3
M.0.EL,PER,KYOTOGHG (AR4GWP100),HISTTP,PRIMAP-hist_v2.3.1,MtCO2,Total GHG emissions (excl. LULUCF),62.9,59.7,60.5,60.6,64.5,67.8,65.8,73.0,72.9,78.8,83.60000000000001,85.2,89.0,87.0,93.7,93.7,98.2,98.3,101.0,102.0
M.0.EL,PHL,KYOTOGHG (AR4GWP100),HISTTP,PRIMAP-hist_v2.3.1,MtCO2,Total GHG emissions (excl. LULUCF),152.0,151.0,152.0,154.0,158.0,159.0,153.0,159.0,167.0,169.0,176.0,177.0,184.0,192.0,199.0,209.0,222.0,238.0,244.0,249.0
M.0.EL,PLW,KYOTOGHG (AR4GWP100),HISTTP,PRIMAP-hist_v2.3.1,MtCO2,Total GHG emissions (excl. LULUCF),0.324,0.335,0.28500000000000003,0.295,0.298,0.331,0.336,0.342,0.295,0.316,0.312,0.325,0.35100000000000003,0.296,0.294,0.297,0.296,0.306,0.311,0.40800000000000003
M.0.EL,PNG,KYOTOGHG (AR4GWP100),HISTTP,PRIMAP-hist_v2.3.1,MtCO2,Total GHG emissions (excl. LULUCF),9.42,9.53,10.200000000000001,10.5,11.8,13.200000000000001,13.8,14.3,14.200000000000001,12.0,11.1,11.6,11.4,11.8,14.9,17.5,18.2,18.0,19.400000000000002,20.0
M.0.EL,POL,KYOTOGHG (AR4GWP100),HISTTP,PRIMAP-hist_v2.3.1,MtCO2,Total GHG emissions (excl. LULUCF),429.0,428.0,420.0,426.0,425.0,426.0,444.0,438.0,436.0,413.0,434.0,436.0,423.0,427.0,411.0,420.0,432.0,443.0,456.0,432.0
M.0.EL,PRK,KYOTOGHG (AR4GWP100),HISTTP,PRIMAP-hist_v2.3.1,MtCO2,Total GHG emissions (excl. LULUCF),96.3,99.60000000000001,96.5,98.5,101.0,106.0,107.0,92.9,101.0,81.2,78.0,64.8,66.2,56.1,61.4,55.800000000000004,60.6,51.7,52.1,60.800000000000004
M.0.EL,PRT,KYOTOGHG (AR4GWP100),HISTTP,PRIMAP-hist_v2.3.1,MtCO2,Total GHG emissions (excl. LULUCF),81.60000000000001,80.4,85.7,80.4,82.60000000000001,84.7,79.4,78.4,76.10000000000001,79.5,79.60000000000001,79.3,79.10000000000001,80.0,81.4,87.0,87.3,94.4,93.60000000000001,93.7
M.0.EL,PRY,KYOTOGHG (AR4GWP100),HISTTP,PRIMAP-hist_v2.3.1,MtCO2,Total GHG emissions (excl. LULUCF),25.900000000000002,28.0,27.400000000000002,29.6,27.7,28.6,29.400000000000002,32.1,31.2,32.6,34.800000000000004,35.800000000000004,36.9,38.1,39.9,39.9,41.0,43.4,40.300000000000004,41.4
M.0.EL,QAT,KYOTOGHG (AR4GWP100),HISTTP,PRIMAP-hist_v2.3.1,MtCO2,Total GHG emissions (excl. LULUCF),76.4,78.8,78.4,83.2,85.8,85.60000000000001,100.0,104.0,112.0,119.0,137.0,153.0,173.0,170.0,191.0,193.0,191.0,187.0,176.0,196.0
M.0.EL,ROU,KYOTOGHG (AR4GWP100),HISTTP,PRIMAP-hist_v2.3.1,MtCO2,Total GHG emissions (excl. LULUCF),130.0,136.0,136.0,140.0,138.0,137.0,144.0,142.0,136.0,119.0,118.0,123.0,119.0,107.0,107.0,109.0,107.0,112.0,113.0,110.0
M.0.EL,RUS,KYOTOGHG (AR4GWP100),HISTTP,PRIMAP-hist_v2.3.1,MtCO2,Total GHG emissions (excl. LULUCF),2150.0,2160.0,2160.0,2250.0,2250.0,2280.0,2310.0,2320.0,2350.0,2210.0,2300.0,2410.0,2500.0,2430.0,2410.0,2400.0,2450.0,2490.0,2590.0,2550.0
M.0.EL,RWA,KYOTOGHG (AR4GWP100),HISTTP,PRIMAP-hist_v2.3.1,MtCO2,Total GHG emissions (excl. LULUCF),3.91,4.09,4.22,4.49,4.69,4.87,5.16,5.4,5.63,5.78,6.07,6.0,6.18,6.34,6.38,7.07,7.05,7.17,7.29,7.3500000000000005
M.0.EL,SAU,KYOTOGHG (AR4GWP100),HISTTP,PRIMAP-hist_v2.3.1,MtCO2,Total GHG emissions (excl. LULUCF),390.0,397.0,427.0,439.0,510.0,521.0,561.0,519.0,569.0,601.0,662.0,654.0,723.0,702.0,768.0,815.0,739.0,758.0,743.0,750.0
M.0.EL,SDN,KYOTOGHG (AR4GWP100),HISTTP,PRIMAP-hist_v2.3.1,MtCO2,Total GHG emissions (excl. LULUCF),79.7,81.5,85.0,88.60000000000001,91.8,93.4,94.10000000000001,97.60000000000001,98.60000000000001,100.0,100.0,98.10000000000001,103.0,106.0,107.0,112.0,113.0,115.0,117.0,117.0
M.0.EL,SEN,KYOTOGHG (AR4GWP100),HISTTP,PRIMAP-hist_v2.3.1,MtCO2,Total GHG emissions (excl. LULUCF),17.3,17.0,16.5,16.3,17.8,18.400000000000002,17.8,17.900000000000002,18.400000000000002,18.7,21.900000000000002,22.7,21.8,22.6,23.2,24.2,25.400000000000002,25.3,26.2,27.2
M.0.EL,SGP,KYOTOGHG (AR4GWP100),HISTTP,PRIMAP-hist_v2.3.1,MtCO2,Total GHG emissions (excl. LULUCF),63.800000000000004,66.9,57.300000000000004,60.800000000000004,59.300000000000004,48.9,56.0,61.2,70.60000000000001,103.0,72.4,46.0,62.9,72.7,74.7,82.2,58.6,59.6,58.7,58.800000000000004
M.0.EL,SLB,KYOTOGHG (AR4GWP100),HISTTP,PRIMAP-hist_v2.3.1,MtCO2,Total GHG emissions (excl. LULUCF),0.371,0.381,0.395,0.41100000000000003,0.435,0.448,0.46,0.47600000000000003,0.489,0.503,0.519,0.541,0.551,0.582,0.544,0.512,0.513,0.518,0.532,0.655
M.0.EL,SLE,KYOTOGHG (AR4GWP100),HISTTP,PRIMAP-hist_v2.3.1,MtCO2,Total GHG emissions (excl. LULUCF),3.2,3.79,4.24,5.1000000000000005,5.5200000000000005,5.5600000000000005,6.98,6.3100000000000005,5.59,5.92,5.69,6.3100000000000005,7.44,7.41,7.890000000000001,7.69,7.8100000000000005,7.7,7.63,7.33
M.0.EL,SLV,KYOTOGHG (AR4GWP100),HISTTP,PRIMAP-hist_v2.3.1,MtCO2,Total GHG emissions (excl. LULUCF),10.8,11.3,11.700000000000001,11.9,12.0,12.200000000000001,12.8,12.9,12.4,12.200000000000001,12.1,12.1,12.3,11.6,11.700000000000001,12.200000000000001,12.0,11.5,12.700000000000001,13.4
M.0.EL,SMR,KYOTOGHG (AR4GWP100),HISTTP,PRIMAP-hist_v2.3.1,MtCO2,Total GHG emissions (excl. LULUCF),0.262,0.264,0.267,0.276,0.279,0.28200000000000003,0.279,0.279,0.272,0.249,0.255,0.25,0.23800000000000002,0.218,0.20500000000000002,0.212,0.21,0.21,0.20800000000000002,0.192
M.0.EL,SOM,KYOTOGHG (AR4GWP100),HISTTP,PRIMAP-hist_v2.3.1,MtCO2,Total GHG emissions (excl. LULUCF),26.900000000000002,27.6,28.1,28.5,28.8,29.400000000000002,28.3,27.2,27.400000000000002,27.6,27.900000000000002,28.3,28.6,28.8,28.900000000000002,29.0,29.1,29.2,29.2,29.0
M.0.EL,SRB,KYOTOGHG (AR4GWP100),HISTTP,PRIMAP-hist_v2.3.1,MtCO2,Total GHG emissions (excl. LULUCF),62.1,67.1,70.60000000000001,73.9,80.2,71.2,81.2,80.8,80.4,75.9,76.3,80.4,75.60000000000001,77.2,67.8,76.5,79.4,79.2,80.0,85.8
M.0.EL,SSD,KYOTOGHG (AR4GWP100),HISTTP,PRIMAP-hist_v2.3.1,MtCO2,Total GHG emissions (excl. LULUCF),53.800000000000004,44.6,49.300000000000004,49.5,50.9,53.2,48.7,53.4,52.5,53.800000000000004,49.2,50.7,53.1,52.4,53.2,54.2,55.2,52.7,55.7,48.6
M.0.EL,STP,KYOTOGHG (AR4GWP100),HISTTP,PRIMAP-hist_v2.3.1,MtCO2,Total GHG emissions (excl. LULUCF),0.1,0.106,0.115,0.125,0.133,0.139,0.147,0.149,0.151,0.161,0.169,0.17500000000000002,0.187,0.19,0.192,0.194,0.203,0.211,0.20600000000000002,0.196
M.0.EL,SUR,KYOTOGHG (AR4GWP100),HISTTP,PRIMAP-hist_v2.3.1,MtCO2,Total GHG emissions (excl. LULUCF),3.24,3.45,2.52,2.58,2.64,2.59,2.8000000000000003,2.77,3.0500000000000003,3.2,3.59,3.41,3.85,3.94,4.08,3.96,3.5300000000000002,3.73,4.12,4.24
M.0.EL,SVK,KYOTOGHG (AR4GWP100),HISTTP,PRIMAP-hist_v2.3.1,MtCO2,Total GHG emissions (excl. LULUCF),47.5,50.9,50.7,51.0,51.0,51.0,51.1,48.7,49.800000000000004,46.300000000000004,49.300000000000004,47.7,46.0,46.0,43.5,44.800000000000004,45.800000000000004,47.6,46.800000000000004,44.1
M.0.EL,SVN,KYOTOGHG (AR4GWP100),HISTTP,PRIMAP-hist_v2.3.1,MtCO2,Total GHG emissions (excl. LULUCF),20.0,20.8,21.2,21.2,21.6,22.0,22.3,22.2,23.2,21.0,21.0,20.8,20.400000000000002,19.7,18.1,18.2,18.400000000000002,18.8,18.8,18.1
M.0.EL,SWE,KYOTOGHG (AR4GWP100),HISTTP,PRIMAP-hist_v2.3.1,MtCO2,Total GHG emissions (excl. LULUCF),76.60000000000001,78.8,85.3,82.5,82.9,84.10000000000001,86.2,83.60000000000001,82.9,74.10000000000001,84.3,82.4,76.3,73.10000000000001,71.8,64.8,71.7,68.0,65.2,66.7
M.0.EL,SWZ,KYOTOGHG (AR4GWP100),HISTTP,PRIMAP-hist_v2.3.1,MtCO2,Total GHG emissions (excl. LULUCF),2.82,2.64,2.7,2.67,2.69,2.72,2.63,2.7600000000000002,2.68,2.62,2.46,2.42,2.61,2.97,2.36,2.38,2.56,2.4,2.45,2.31
M.0.EL,SYC,KYOTOGHG (AR4GWP100),HISTTP,PRIMAP-hist_v2.3.1,MtCO2,Total GHG emissions (excl. LULUCF),0.645,0.707,0.611,0.621,0.8160000000000001,0.767,0.8130000000000001,0.719,0.77,0.602,0.519,0.402,0.499,0.40700000000000003,0.5690000000000001,0.5630000000000001,0.68,0.673,0.515,0.496
M.0.EL,SYR,KYOTOGHG (AR4GWP100),HISTTP,PRIMAP-hist_v2.3.1,MtCO2,Total GHG emissions (excl. LULUCF),90.7,81.10000000000001,67.5,82.60000000000001,77.8,78.4,81.60000000000001,94.8,94.2,90.4,88.9,82.60000000000001,65.9,53.300000000000004,46.300000000000004,44.4,43.800000000000004,41.300000000000004,50.6,50.9
M.0.EL,TCD,KYOTOGHG (AR4GWP100),HISTTP,PRIMAP-hist_v2.3.1,MtCO2,Total GHG emissions (excl. LULUCF),35.7,32.6,35.1,37.2,39.800000000000004,42.2,43.300000000000004,45.6,47.0,48.1,51.0,53.800000000000004,56.1,58.4,61.5,66.0,70.8,73.3,77.60000000000001,80.2
M.0.EL,TGO,KYOTOGHG (AR4GWP100),HISTTP,PRIMAP-hist_v2.3.1,MtCO2,Total GHG emissions (excl. LULUCF),5.64,5.3,5.76,6.390000000000001,6.140000000000001,7.05,6.46,6.24,6.53,8.07,7.97,8.47,8.0,8.3,8.33,9.28,9.61,9.69,10.200000000000001,10.5
M.0.EL,THA,KYOTOGHG (AR4GWP100),HISTTP,PRIMAP-hist_v2.3.1,MtCO2,Total GHG emissions (excl. LULUCF),279.0,292.0,303.0,320.0,337.0,345.0,351.0,362.0,361.0,381.0,402.0,399.0,420.0,435.0,425.0,421.0,421.0,424.0,426.0,425.0
M.0.EL,TJK,KYOTOGHG (AR4GWP100),HISTTP,PRIMAP-hist_v2.3.1,MtCO2,Total GHG emissions (excl. LULUCF),7.76,7.62,7.0600000000000005,7.41,8.32,8.43,9.11,9.88,10.1,9.9,10.1,9.61,10.6,10.8,12.6,13.700000000000001,15.3,16.9,16.0,15.5
M.0.EL,TKM,KYOTOGHG (AR4GWP100),HISTTP,PRIMAP-hist_v2.3.1,MtCO2,Total GHG emissions (excl. LULUCF),68.4,70.9,77.2,87.60000000000001,89.60000000000001,91.7,95.10000000000001,101.0,105.0,85.9,94.7,107.0,113.0,118.0,120.0,123.0,121.0,120.0,128.0,137.0
M.0.EL,TLS,KYOTOGHG (AR4GWP100),HISTTP,PRIMAP-hist_v2.3.1,MtCO2,Total GHG emissions (excl. LULUCF),1.16,1.24,1.24,1.24,1.78,2.13,2.67,3.91,3.96,4.25,3.85,4.15,4.22,4.3,4.5600000000000005,5.58,4.88,4.62,4.66,5.5200000000000005
M.0.EL,TON,KYOTOGHG (AR4GWP100),HISTTP,PRIMAP-hist_v2.3.1,MtCO2,Total GHG emissions (excl. LULUCF),0.223,0.216,0.231,0.247,0.24,0.244,0.26,0.244,0.252,0.263,0.248,0.234,0.23900000000000002,0.247,0.247,0.255,0.263,0.292,0.297,0.363
M.0.EL,TTO,KYOTOGHG (AR4GWP100),HISTTP,PRIMAP-hist_v2.3.1,MtCO2,Total GHG emissions (excl. LULUCF),41.1,45.1,48.800000000000004,55.800000000000004,58.4,65.8,75.4,78.60000000000001,76.60000000000001,77.9,81.3,79.5,77.9,77.3,78.4,76.5,68.9,69.5,67.5,69.2
M.0.EL,TUN,KYOTOGHG (AR4GWP100),HISTTP,PRIMAP-hist_v2.3.1,MtCO2,Total GHG emissions (excl. LULUCF),31.6,32.6,32.4,32.8,34.1,34.9,35.800000000000004,37.1,38.7,38.9,41.5,39.800000000000004,41.2,41.1,41.800000000000004,42.800000000000004,42.300000000000004,42.0,37.4,39.2
M.0.EL,TUR,KYOTOGHG (AR4GWP100),HISTTP,PRIMAP-hist_v2.3.1,MtCO2,Total GHG emissions (excl. LULUCF),310.0,287.0,294.0,308.0,314.0,326.0,359.0,384.0,385.0,391.0,412.0,441.0,467.0,471.0,495.0,502.0,529.0,572.0,571.0,554.0
M.0.EL,TUV,KYOTOGHG (AR4GWP100),HISTTP,PRIMAP-hist_v2.3.1,MtCO2,Total GHG emissions (excl. LULUCF),0.0158,0.0159,0.0198,0.0198,0.019899999999999998,0.019899999999999998,0.016300000000000002,0.020100000000000003,0.0202,0.020300000000000002,0.0167,0.016800000000000002,0.0206,0.0207,0.020800000000000003,0.0209,0.021,0.0211,0.021500000000000002,0.0261
M.0.EL,TZA,KYOTOGHG (AR4GWP100),HISTTP,PRIMAP-hist_v2.3.1,MtCO2,Total GHG emissions (excl. LULUCF),49.5,51.2,55.800000000000004,60.4,60.0,63.9,61.7,64.3,66.6,67.3,71.4,74.5,78.0,81.60000000000001,83.0,86.60000000000001,87.10000000000001,86.3,87.8,90.5
M.0.EL,UGA,KYOTOGHG (AR4GWP100),HISTTP,PRIMAP-hist_v2.3.1,MtCO2,Total GHG emissions (excl. LULUCF),22.8,23.2,23.900000000000002,25.8,26.0,28.1,26.900000000000002,29.7,36.0,36.300000000000004,38.6,39.0,40.5,40.800000000000004,41.9,43.5,45.7,47.300000000000004,48.0,48.6
M.0.EL,UKR,KYOTOGHG (AR4GWP100),HISTTP,PRIMAP-hist_v2.3.1,MtCO2,Total GHG emissions (excl. LULUCF),464.0,459.0,456.0,495.0,480.0,470.0,454.0,450.0,439.0,371.0,420.0,409.0,418.0,392.0,334.0,296.0,295.0,273.0,282.0,272.0
M.0.EL,URY,KYOTOGHG (AR4GWP100),HISTTP,PRIMAP-hist_v2.3.1,MtCO2,Total GHG emissions (excl. LULUCF),31.2,31.1,31.3,32.2,34.2,34.5,36.6,35.5,39.7,39.2,36.6,38.0,38.9,38.2,39.0,39.4,39.800000000000004,39.2,41.0,41.5
M.0.EL,USA,KYOTOGHG (AR4GWP100),HISTTP,PRIMAP-hist_v2.3.1,MtCO2,Total GHG emissions (excl. LULUCF),7060.0,6920.0,6960.0,7010.0,7110.0,7150.0,7090.0,7210.0,7040.0,6660.0,6830.0,6720.0,6510.0,6600.0,6680.0,6580.0,6430.0,6400.0,6570.0,6430.0
M.0.EL,UZB,KYOTOGHG (AR4GWP100),HISTTP,PRIMAP-hist_v2.3.1,MtCO2,Total GHG emissions (excl. LULUCF),178.0,184.0,195.0,192.0,190.0,187.0,193.0,190.0,200.0,176.0,177.0,192.0,199.0,190.0,185.0,184.0,188.0,189.0,195.0,197.0
M.0.EL,VCT,KYOTOGHG (AR4GWP100),HISTTP,PRIMAP-hist_v2.3.1,MtCO2,Total GHG emissions (excl. LULUCF),0.20600000000000002,0.24,0.247,0.259,0.28200000000000003,0.28300000000000003,0.28,0.326,0.258,0.382,0.28800000000000003,0.266,0.322,0.276,0.343,0.281,0.323,0.324,0.333,0.34500000000000003
M.0.EL,VEN,KYOTOGHG (AR4GWP100),HISTTP,PRIMAP-hist_v2.3.1,MtCO2,Total GHG emissions (excl. LULUCF),235.0,258.0,274.0,272.0,235.0,245.0,246.0,232.0,251.0,252.0,266.0,248.0,280.0,270.0,269.0,251.0,238.0,214.0,195.0,183.0
M.0.EL,VNM,KYOTOGHG (AR4GWP100),HISTTP,PRIMAP-hist_v2.3.1,MtCO2,Total GHG emissions (excl. LULUCF),150.0,155.0,166.0,177.0,196.0,206.0,212.0,217.0,227.0,245.0,259.0,272.0,266.0,278.0,297.0,323.0,321.0,328.0,369.0,415.0
M.0.EL,VUT,KYOTOGHG (AR4GWP100),HISTTP,PRIMAP-hist_v2.3.1,MtCO2,Total GHG emissions (excl. LULUCF),0.525,0.508,0.505,0.524,0.506,0.517,0.516,0.644,0.649,0.643,0.657,0.684,0.672,0.67,0.726,0.71,0.725,0.725,0.734,0.798
M.0.EL,WSM,KYOTOGHG (AR4GWP100),HISTTP,PRIMAP-hist_v2.3.1,MtCO2,Total GHG emissions (excl. LULUCF),0.338,0.356,0.357,0.367,0.366,0.377,0.381,0.38,0.385,0.401,0.41200000000000003,0.436,0.434,0.439,0.461,0.502,0.519,0.511,0.525,0.631
M.0.EL,YEM,KYOTOGHG (AR4GWP100),HISTTP,PRIMAP-hist_v2.3.1,MtCO2,Total GHG emissions (excl. LULUCF),31.8,33.1,32.7,36.7,38.300000000000004,42.0,47.4,48.1,47.6,50.9,51.9,47.6,43.7,52.7,50.800000000000004,31.7,27.5,27.3,33.3,35.5
M.0.EL,ZAF,KYOTOGHG (AR4GWP100),HISTTP,PRIMAP-hist_v2.3.1,MtCO2,Total GHG emissions (excl. LULUCF),561.0,528.0,518.0,567.0,617.0,596.0,628.0,650.0,678.0,678.0,628.0,632.0,622.0,618.0,647.0,614.0,619.0,628.0,610.0,613.0
M.0.EL,ZMB,KYOTOGHG (AR4GWP100),HISTTP,PRIMAP-hist_v2.3.1,MtCO2,Total GHG emissions (excl. LULUCF),26.6,27.2,29.5,31.900000000000002,32.0,33.3,30.8,31.2,31.6,30.8,33.3,32.9,36.300000000000004,37.300000000000004,37.300000000000004,38.1,38.2,38.9,39.300000000000004,40.2
M.0.EL,ZWE,KYOTOGHG (AR4GWP100),HISTTP,PRIMAP-hist_v2.3.1,MtCO2,Total GHG emissions (excl. LULUCF),32.0,31.0,29.0,27.3,26.400000000000002,27.900000000000002,27.1,27.0,24.7,23.3,26.7,28.900000000000002,26.400000000000002,30.0,29.1,30.400000000000002,28.0,28.1,29.1,29.3
