category,country,gas,scenario,source,unit,variable,1990,1991,1992,1993,1994,1995,1996,1997,1998,1999,2000,2001,2002,2003,2004,2005,2006,2007,2008,2009,2010,2011,2012,2013,2014,2015,2016,2017,2018,2019
1.A,AFG,CH4,HISTTP,PRIMAP-hist_v2.3.1,MtCH4,CH4 emissions from fuel combustion,0.0017,0.0016899999999999999,0.0015300000000000001,0.00163,0.00176,0.00296,0.00363,0.00387,0.004019999999999999,0.00426,0.00442,0.00455,0.00466,0.00481,0.00492,0.0050999999999999995,0.00523,0.00539,0.00591,0.0066,0.00715,0.00856,0.00789,0.00795,0.00768,0.0072699999999999996,0.00663,0.007240000000000001,0.0072900000000000005,0.008220000000000002
1.A,AGO,CH4,HISTTP,PRIMAP-hist_v2.3.1,MtCH4,CH4 emissions from fuel combustion,0.0335,0.0343,0.0351,0.0359,0.0367,0.0369,0.0373,0.0375,0.0375,0.0378,0.0381,0.0384,0.0389,0.039299999999999995,0.0399,0.040100000000000004,0.041,0.042,0.043000000000000003,0.044,0.045,0.045899999999999996,0.046700000000000005,0.0476,0.0485,0.049100000000000005,0.0495,0.0498,0.0498,0.0519
1.A,ALB,CH4,HISTTP,PRIMAP-hist_v2.3.1,MtCH4,CH4 emissions from fuel combustion,0.01,0.00755,0.0054800000000000005,0.005110000000000001,0.004889999999999999,0.00447,0.0044,0.0039700000000000004,0.00385,0.00287,0.00281,0.0028,0.0035299999999999997,0.0025099999999999996,0.00321,0.00313,0.0031200000000000004,0.0029100000000000003,0.00285,0.0028799999999999997,0.00283,0.0028,0.0027400000000000002,0.00269,0.00261,0.0027400000000000002,0.0024100000000000002,0.00227,0.00228,0.00228
1.A,AND,CH4,HISTTP,PRIMAP-hist_v2.3.1,MtCH4,CH4 emissions from fuel combustion,0.00016,0.000185,0.000183,0.00017999999999999998,0.000164,0.00016700000000000002,0.000177,0.000158,0.000156,0.000147,0.00014000000000000001,0.000145,0.00013800000000000002,0.00015,0.000154,0.000154,0.000145,0.00014299999999999998,0.00015,0.000153,0.00016600000000000002,0.000134,0.000147,0.000155,0.00012900000000000002,0.000133,0.00014099999999999998,0.00013600000000000003,0.00013600000000000003,0.000134
1.A,ARE,CH4,HISTTP,PRIMAP-hist_v2.3.1,MtCH4,CH4 emissions from fuel combustion,0.00328,0.0034900000000000005,0.0037400000000000003,0.004019999999999999,0.00415,0.00456,0.00454,0.00455,0.00464,0.00477,0.00515,0.00561,0.00608,0.00644,0.00677,0.00691,0.00708,0.007,0.00759,0.0072900000000000005,0.00728,0.007330000000000001,0.00821,0.0088,0.00916,0.0092,0.0101,0.0108,0.0103,0.0106
1.A,ARG,CH4,HISTTP,PRIMAP-hist_v2.3.1,MtCH4,CH4 emissions from fuel combustion,0.012400000000000001,0.0132,0.015300000000000001,0.0165,0.0176,0.0181,0.019100000000000002,0.0198,0.0211,0.0213,0.0212,0.0202,0.0198,0.0228,0.0225,0.0224,0.0257,0.0261,0.024100000000000003,0.0237,0.023899999999999998,0.0253,0.0264,0.0261,0.0277,0.0282,0.0272,0.027100000000000003,0.0267,0.0282
1.A,ARM,CH4,HISTTP,PRIMAP-hist_v2.3.1,MtCH4,CH4 emissions from fuel combustion,0.012199999999999999,0.00747,0.00375,0.000776,0.0010400000000000001,0.000429,0.000354,0.000375,0.000378,0.000331,0.00040500000000000003,0.000347,0.000674,0.000884,0.000428,0.000527,0.0006540000000000001,0.0013000000000000002,0.00145,0.0012900000000000001,0.00147,0.00166,0.00184,0.00182,0.00177,0.0029900000000000005,0.00392,0.00412,0.0039,0.00398
1.A,ATG,CH4,HISTTP,PRIMAP-hist_v2.3.1,MtCH4,CH4 emissions from fuel combustion,3.99e-05,4.08e-05,4.1099999999999996e-05,3.6700000000000004e-05,3.87e-05,4.02e-05,4.1099999999999996e-05,4.1500000000000006e-05,3.7199999999999996e-05,4.0300000000000004e-05,3.89e-05,3.7699999999999995e-05,3.5499999999999996e-05,3.88e-05,3.73e-05,3.5799999999999996e-05,3.4500000000000005e-05,3.3799999999999995e-05,3.37e-05,3.9800000000000005e-05,3.35e-05,3.9800000000000005e-05,4.28e-05,4.82e-05,4.7000000000000004e-05,4.55e-05,4.43e-05,3.87e-05,3.76e-05,4.4699999999999996e-05
1.A,AUS,CH4,HISTTP,PRIMAP-hist_v2.3.1,MtCH4,CH4 emissions from fuel combustion,0.0502,0.05,0.0509,0.05620000000000001,0.0538,0.0541,0.0528,0.0519,0.050100000000000006,0.048600000000000004,0.0475,0.0471,0.047799999999999995,0.044700000000000004,0.0418,0.039,0.0396,0.039799999999999995,0.039700000000000006,0.0369,0.0374,0.0364,0.0365,0.0369,0.0365,0.0365,0.0363,0.0362,0.0365,0.0362
1.A,AUT,CH4,HISTTP,PRIMAP-hist_v2.3.1,MtCH4,CH4 emissions from fuel combustion,0.035,0.038,0.035,0.0337,0.031100000000000003,0.032200000000000006,0.034,0.0312,0.03,0.030600000000000002,0.0286,0.03,0.028100000000000003,0.028100000000000003,0.0277,0.0256,0.0258,0.0247,0.025,0.0257,0.028,0.0268,0.0274,0.0309,0.0272,0.028399999999999998,0.0287,0.029,0.0289,0.0289
1.A,AZE,CH4,HISTTP,PRIMAP-hist_v2.3.1,MtCH4,CH4 emissions from fuel combustion,0.00446,0.00377,0.00242,0.00204,0.0020299999999999997,0.00199,0.0017,0.00168,0.0016,0.0014,0.00151,0.0015300000000000001,0.00147,0.00174,0.00164,0.00189,0.00192,0.00246,0.0025099999999999996,0.00221,0.00239,0.00259,0.0026200000000000004,0.00263,0.0025800000000000003,0.00248,0.0019399999999999999,0.00196,0.00197,0.00237
1.A,BDI,CH4,HISTTP,PRIMAP-hist_v2.3.1,MtCH4,CH4 emissions from fuel combustion,0.0202,0.019600000000000003,0.019,0.018600000000000002,0.022600000000000002,0.0238,0.0245,0.024399999999999998,0.0249,0.0183,0.0197,0.0289,0.0294,0.030100000000000002,0.0307,0.0312,0.0317,0.0324,0.033,0.0338,0.0345,0.035,0.0218,0.0227,0.0223,0.0225,0.0227,0.023,0.023,0.020800000000000003
1.A,BEL,CH4,HISTTP,PRIMAP-hist_v2.3.1,MtCH4,CH4 emissions from fuel combustion,0.021,0.022,0.020100000000000003,0.0188,0.017,0.016300000000000002,0.0171,0.0152,0.0137,0.0128,0.012400000000000001,0.0131,0.011300000000000001,0.0116,0.0116,0.011,0.0112,0.0128,0.014400000000000001,0.0156,0.0158,0.014,0.0157,0.0169,0.013800000000000002,0.0157,0.0169,0.0162,0.016300000000000002,0.016399999999999998
1.A,BEN,CH4,HISTTP,PRIMAP-hist_v2.3.1,MtCH4,CH4 emissions from fuel combustion,0.0159,0.016300000000000002,0.0167,0.0171,0.0175,0.0178,0.020300000000000002,0.020100000000000003,0.0197,0.0182,0.0135,0.014,0.0146,0.0149,0.0154,0.0158,0.0177,0.0182,0.0188,0.0192,0.016,0.016399999999999998,0.016800000000000002,0.018600000000000002,0.0192,0.019899999999999998,0.0211,0.021500000000000002,0.0217,0.0213
1.A,BFA,CH4,HISTTP,PRIMAP-hist_v2.3.1,MtCH4,CH4 emissions from fuel combustion,0.0319,0.031,0.030600000000000002,0.0299,0.035500000000000004,0.0369,0.0366,0.0361,0.0364,0.0253,0.027,0.027,0.022,0.022600000000000002,0.0296,0.038700000000000005,0.04070000000000001,0.0428,0.0461,0.0471,0.0479,0.048600000000000004,0.0503,0.0508,0.0506,0.0516,0.052700000000000004,0.0543,0.0543,0.058100000000000006
1.A,BGD,CH4,HISTTP,PRIMAP-hist_v2.3.1,MtCH4,CH4 emissions from fuel combustion,0.11,0.109,0.111,0.113,0.115,0.116,0.112,0.116,0.117,0.12,0.122,0.125,0.127,0.13,0.132,0.134,0.136,0.138,0.14,0.14300000000000002,0.145,0.148,0.15,0.151,0.153,0.156,0.157,0.16,0.161,0.164
1.A,BGR,CH4,HISTTP,PRIMAP-hist_v2.3.1,MtCH4,CH4 emissions from fuel combustion,0.015,0.0116,0.0147,0.0146,0.0119,0.0107,0.012400000000000001,0.0116,0.0136,0.0112,0.0114,0.0101,0.0132,0.0149,0.0141,0.0141,0.0149,0.0141,0.0143,0.0131,0.015,0.0162,0.0166,0.0156,0.0143,0.0145,0.0154,0.0162,0.0158,0.0155
1.A,BHR,CH4,HISTTP,PRIMAP-hist_v2.3.1,MtCH4,CH4 emissions from fuel combustion,0.0009080000000000001,0.0008860000000000001,0.0010400000000000001,0.00111,0.00114,0.00115,0.0011899999999999999,0.0011899999999999999,0.00127,0.00127,0.00128,0.00132,0.00138,0.00143,0.00142,0.0016,0.00165,0.00163,0.00172,0.0016899999999999999,0.0016899999999999999,0.0016899999999999999,0.00175,0.00184,0.00192,0.00193,0.0019,0.00192,0.00195,0.0020099999999999996
1.A,BHS,CH4,HISTTP,PRIMAP-hist_v2.3.1,MtCH4,CH4 emissions from fuel combustion,0.00029299999999999997,0.00026500000000000004,0.00022700000000000002,0.000215,0.000235,0.000275,0.000307,0.000294,0.000303,0.000289,0.000314,0.000312,0.00028599999999999996,0.000207,0.000214,0.00019500000000000002,0.000211,0.000231,0.000215,0.000185,0.00016800000000000002,0.000174,0.000208,0.00021700000000000002,0.000204,0.000186,0.000186,0.000165,0.000161,0.00017199999999999998
1.A,BIH,CH4,HISTTP,PRIMAP-hist_v2.3.1,MtCH4,CH4 emissions from fuel combustion,0.0173,0.0171,0.0147,0.013000000000000001,0.00348,0.0035800000000000003,0.00282,0.004,0.00372,0.0035800000000000003,0.00346,0.0034900000000000005,0.00357,0.0057599999999999995,0.00574,0.00641,0.00661,0.006860000000000001,0.00701,0.00439,0.00492,0.00521,0.00492,0.00474,0.00597,0.00728,0.00755,0.0068,0.00679,0.00647
1.A,BLR,CH4,HISTTP,PRIMAP-hist_v2.3.1,MtCH4,CH4 emissions from fuel combustion,0.017,0.016800000000000002,0.0128,0.0105,0.009859999999999999,0.009980000000000001,0.0106,0.0108,0.0115,0.0114,0.0123,0.0129,0.0131,0.0127,0.0126,0.013900000000000001,0.0152,0.0149,0.0145,0.013900000000000001,0.0143,0.0143,0.0141,0.013300000000000001,0.0121,0.011,0.0109,0.011800000000000001,0.012,0.0112
1.A,BLZ,CH4,HISTTP,PRIMAP-hist_v2.3.1,MtCH4,CH4 emissions from fuel combustion,8.24e-05,6.65e-05,6.06e-05,6.03e-05,5.83e-05,6.2e-05,5.79e-05,7.42e-05,7.539999999999999e-05,8.02e-05,7.26e-05,7.170000000000001e-05,6.59e-05,6.66e-05,6.31e-05,6.19e-05,6.24e-05,5.61e-05,4.5900000000000004e-05,5.76e-05,5.54e-05,5.9e-05,6.15e-05,6.03e-05,5.8200000000000005e-05,6.18e-05,6.02e-05,5.76e-05,5.5e-05,5.7799999999999995e-05
1.A,BOL,CH4,HISTTP,PRIMAP-hist_v2.3.1,MtCH4,CH4 emissions from fuel combustion,0.00784,0.008060000000000001,0.00784,0.008230000000000001,0.0081,0.007980000000000001,0.00797,0.00772,0.00744,0.00713,0.00395,0.0039900000000000005,0.004059999999999999,0.00414,0.00426,0.00439,0.004690000000000001,0.00501,0.0054,0.005690000000000001,0.00652,0.006980000000000001,0.0074800000000000005,0.00768,0.008140000000000001,0.008369999999999999,0.00862,0.00747,0.00754,0.00905
1.A,BRA,CH4,HISTTP,PRIMAP-hist_v2.3.1,MtCH4,CH4 emissions from fuel combustion,0.217,0.212,0.20800000000000002,0.198,0.201,0.193,0.192,0.195,0.194,0.199,0.199,0.202,0.219,0.23700000000000002,0.251,0.254,0.262,0.264,0.269,0.246,0.26,0.25,0.255,0.249,0.255,0.256,0.249,0.259,0.256,0.253
1.A,BRB,CH4,HISTTP,PRIMAP-hist_v2.3.1,MtCH4,CH4 emissions from fuel combustion,0.00013000000000000002,0.000134,0.00013800000000000002,0.00012,0.00011300000000000001,0.000115,0.000103,0.000124,0.000115,0.000128,0.000134,0.000131,0.000118,0.00012,0.000114,0.00011,0.000104,9.460000000000001e-05,0.000108,0.000114,9.59e-05,0.000115,0.00011300000000000001,0.000127,0.000106,0.000107,0.000104,9.329999999999999e-05,9.09e-05,0.000101
1.A,BRN,CH4,HISTTP,PRIMAP-hist_v2.3.1,MtCH4,CH4 emissions from fuel combustion,0.00042,0.000433,0.000446,0.00046100000000000004,0.000495,0.0005300000000000001,0.0005380000000000001,0.0005530000000000001,0.000492,0.000471,0.00047,0.00045700000000000005,0.000455,0.000501,0.000477,0.00045400000000000003,0.000515,0.000472,0.000496,0.00054,0.000523,0.000527,0.000537,0.0005290000000000001,0.0005290000000000001,0.00048,0.000507,0.000528,0.0005480000000000001,0.00054
1.A,BTN,CH4,HISTTP,PRIMAP-hist_v2.3.1,MtCH4,CH4 emissions from fuel combustion,0.00508,0.00512,0.00514,0.00518,0.00521,0.00869,0.0103,0.010400000000000001,0.0106,0.0108,0.011,0.0112,0.0114,0.0115,0.0117,0.011800000000000001,0.012,0.0121,0.012199999999999999,0.012400000000000001,0.0125,0.0116,0.0116,0.0117,0.011800000000000001,0.012,0.0119,0.012199999999999999,0.012199999999999999,0.012
1.A,BWA,CH4,HISTTP,PRIMAP-hist_v2.3.1,MtCH4,CH4 emissions from fuel combustion,0.0056500000000000005,0.006070000000000001,0.006500000000000001,0.00674,0.00684,0.00677,0.0067800000000000004,0.006900000000000001,0.00687,0.007370000000000001,0.00701,0.00744,0.007330000000000001,0.00718,0.00639,0.00642,0.00656,0.0067,0.00661,0.00684,0.0067,0.00683,0.0069500000000000004,0.00709,0.007240000000000001,0.0074,0.00755,0.007690000000000001,0.00772,0.0077599999999999995
1.A,CAF,CH4,HISTTP,PRIMAP-hist_v2.3.1,MtCH4,CH4 emissions from fuel combustion,0.0106,0.010199999999999999,0.010400000000000001,0.00979,0.0105,0.0107,0.0091,0.00912,0.00907,0.007,0.00731,0.00731,0.00731,0.00734,0.00736,0.00735,0.00736,0.00744,0.00745,0.0075,0.00753,0.00753,0.0077,0.00764,0.00752,0.00755,0.00764,0.0077599999999999995,0.0077599999999999995,0.0077599999999999995
1.A,CAN,CH4,HISTTP,PRIMAP-hist_v2.3.1,MtCH4,CH4 emissions from fuel combustion,0.0947,0.0922,0.0898,0.0906,0.0927,0.0905,0.0891,0.08700000000000001,0.0898,0.0889,0.088,0.083,0.0882,0.08209999999999999,0.0829,0.0813,0.0793,0.0795,0.0782,0.0755,0.0783,0.07940000000000001,0.07990000000000001,0.08090000000000001,0.0773,0.0772,0.07579999999999999,0.0767,0.07940000000000001,0.0808
1.A,CHE,CH4,HISTTP,PRIMAP-hist_v2.3.1,MtCH4,CH4 emissions from fuel combustion,0.0167,0.0177,0.0173,0.0147,0.013800000000000002,0.0136,0.0145,0.0132,0.0131,0.012199999999999999,0.0116,0.0117,0.0114,0.0121,0.0116,0.012,0.0116,0.0111,0.0123,0.0129,0.0136,0.0119,0.0128,0.0134,0.011800000000000001,0.0123,0.0129,0.0125,0.0125,0.012400000000000001
1.A,CHL,CH4,HISTTP,PRIMAP-hist_v2.3.1,MtCH4,CH4 emissions from fuel combustion,0.027800000000000002,0.030100000000000002,0.0315,0.032200000000000006,0.034100000000000005,0.0359,0.038700000000000005,0.04020000000000001,0.040100000000000004,0.040799999999999996,0.0409,0.0414,0.041600000000000005,0.0414,0.0423,0.04070000000000001,0.0409,0.041600000000000005,0.042100000000000005,0.0425,0.0438,0.047200000000000006,0.055200000000000006,0.057100000000000005,0.0345,0.033,0.0348,0.035,0.0351,0.038
1.A,CHN,CH4,HISTTP,PRIMAP-hist_v2.3.1,MtCH4,CH4 emissions from fuel combustion,6.78,6.72,6.3,6.24,5.84,5.99,4.87,5.43,4.7700000000000005,4.63,4.57,4.46,4.45,4.53,4.65,4.68,4.69,4.48,4.28,4.21,4.13,4.07,4.03,3.98,3.97,3.98,3.94,3.84,3.93,3.69
1.A,CIV,CH4,HISTTP,PRIMAP-hist_v2.3.1,MtCH4,CH4 emissions from fuel combustion,0.021,0.0217,0.0224,0.023100000000000002,0.0238,0.0245,0.0253,0.0261,0.0267,0.0274,0.028100000000000003,0.0282,0.028800000000000003,0.0292,0.0399,0.0409,0.042,0.0429,0.042100000000000005,0.0399,0.044700000000000004,0.0522,0.054,0.0554,0.057,0.0425,0.041600000000000005,0.0446,0.0446,0.0495
1.A,CMR,CH4,HISTTP,PRIMAP-hist_v2.3.1,MtCH4,CH4 emissions from fuel combustion,0.0451,0.0463,0.0475,0.049,0.0507,0.0521,0.0536,0.0551,0.056600000000000004,0.058,0.0594,0.060700000000000004,0.06459999999999999,0.0663,0.068,0.0699,0.0603,0.05,0.051000000000000004,0.053,0.053,0.0543,0.0559,0.0574,0.059000000000000004,0.0655,0.06720000000000001,0.0688,0.0688,0.0639
1.A,COD,CH4,HISTTP,PRIMAP-hist_v2.3.1,MtCH4,CH4 emissions from fuel combustion,0.09620000000000001,0.09870000000000001,0.10200000000000001,0.105,0.108,0.112,0.115,0.11900000000000001,0.123,0.127,0.128,0.133,0.138,0.14200000000000002,0.147,0.152,0.157,0.164,0.169,0.17500000000000002,0.17500000000000002,0.184,0.126,0.148,0.17500000000000002,0.18,0.186,0.222,0.222,0.203
1.A,COG,CH4,HISTTP,PRIMAP-hist_v2.3.1,MtCH4,CH4 emissions from fuel combustion,0.00398,0.00409,0.00417,0.0042699999999999995,0.004059999999999999,0.0038900000000000002,0.00404,0.004059999999999999,0.00398,0.00367,0.00235,0.0026200000000000004,0.0029500000000000004,0.0033,0.00368,0.00409,0.00751,0.00497,0.0054600000000000004,0.0059900000000000005,0.00659,0.012,0.0128,0.0131,0.0134,0.0132,0.0136,0.0141,0.0141,0.0165
1.A,COK,CH4,HISTTP,PRIMAP-hist_v2.3.1,MtCH4,CH4 emissions from fuel combustion,4.86e-06,3.31e-06,4.85e-06,4.6e-06,5.680000000000001e-06,5.13e-06,4.4e-06,4.35e-06,3.8400000000000005e-06,3.5500000000000003e-06,3e-06,2.83e-06,1.46e-06,1.28e-06,2.02e-06,3.14e-06,3.3e-06,2.7000000000000004e-06,3.01e-06,2.8400000000000003e-06,3.58e-06,5.04e-06,4.69e-06,4.440000000000001e-06,4.38e-06,4.3e-06,4.12e-06,2.62e-06,2.7000000000000004e-06,4.11e-06
1.A,COL,CH4,HISTTP,PRIMAP-hist_v2.3.1,MtCH4,CH4 emissions from fuel combustion,0.0643,0.061700000000000005,0.0593,0.058100000000000006,0.060700000000000004,0.061700000000000005,0.061200000000000004,0.040600000000000004,0.0396,0.041,0.0354,0.0332,0.032200000000000006,0.0363,0.0329,0.0332,0.0345,0.0348,0.036000000000000004,0.036000000000000004,0.0354,0.0362,0.0369,0.0564,0.056100000000000004,0.0546,0.054,0.0456,0.0461,0.054700000000000006
1.A,COM,CH4,HISTTP,PRIMAP-hist_v2.3.1,MtCH4,CH4 emissions from fuel combustion,0.000484,0.000481,0.00048,0.000475,0.0005719999999999999,0.000615,0.000632,0.00063,0.000646,0.0006889999999999999,0.000746,0.000768,0.00079,0.000819,0.000847,0.0008680000000000001,0.0008910000000000001,0.0009180000000000001,0.000946,0.000981,0.00101,0.0010400000000000001,0.00108,0.00111,0.0011200000000000001,0.00116,0.0011899999999999999,0.00125,0.00125,0.0012900000000000001
1.A,CPV,CH4,HISTTP,PRIMAP-hist_v2.3.1,MtCH4,CH4 emissions from fuel combustion,0.000429,0.000412,0.000412,0.0004,0.000465,0.000482,0.000484,0.000488,0.0005,0.000533,0.000598,0.000741,0.000736,0.000731,0.000737,0.000762,0.0007660000000000001,0.0007740000000000001,0.000778,0.0007790000000000001,0.0007790000000000001,0.000808,0.0008100000000000001,0.0008020000000000001,0.000796,0.0008,0.000815,0.0008269999999999999,0.000833,0.000835
1.A,CRI,CH4,HISTTP,PRIMAP-hist_v2.3.1,MtCH4,CH4 emissions from fuel combustion,0.0027,0.00279,0.003,0.003,0.0030299999999999997,0.0031000000000000003,0.0031000000000000003,0.00168,0.0013100000000000002,0.0013000000000000002,0.00147,0.00174,0.00204,0.00227,0.0039,0.00472,0.00551,0.004900000000000001,0.00457,0.004019999999999999,0.00419,0.00376,0.0035299999999999997,0.00352,0.00322,0.00314,0.00294,0.0028799999999999997,0.00286,0.00259
1.A,CUB,CH4,HISTTP,PRIMAP-hist_v2.3.1,MtCH4,CH4 emissions from fuel combustion,0.0106,0.00942,0.00984,0.00774,0.0076,0.00677,0.008130000000000002,0.0077599999999999995,0.006730000000000001,0.00747,0.00739,0.0072900000000000005,0.00652,0.006030000000000001,0.00592,0.00505,0.00436,0.004030000000000001,0.0038,0.0044800000000000005,0.00344,0.00418,0.00446,0.00395,0.004059999999999999,0.00423,0.00364,0.0041600000000000005,0.0041600000000000005,0.0037
1.A,CYP,CH4,HISTTP,PRIMAP-hist_v2.3.1,MtCH4,CH4 emissions from fuel combustion,0.00038,0.00039700000000000005,0.000388,0.00038300000000000004,0.000391,0.00042,0.000439,0.000419,0.000429,0.000428,0.000416,0.000408,0.000415,0.000431,0.00043400000000000003,0.000431,0.000404,0.00044,0.000453,0.000462,0.00041,0.00039400000000000004,0.000371,0.000333,0.00032500000000000004,0.000364,0.000372,0.000402,0.00040600000000000006,0.00040899999999999997
1.A,CZE,CH4,HISTTP,PRIMAP-hist_v2.3.1,MtCH4,CH4 emissions from fuel combustion,0.0673,0.0604,0.0525,0.0604,0.0531,0.047700000000000006,0.0428,0.0414,0.035,0.0335,0.0343,0.032299999999999995,0.0315,0.0319,0.032299999999999995,0.0308,0.0329,0.0313,0.0319,0.0339,0.0384,0.0378,0.039799999999999995,0.041,0.0394,0.04,0.04020000000000001,0.0409,0.040799999999999996,0.040799999999999996
1.A,DEU,CH4,HISTTP,PRIMAP-hist_v2.3.1,MtCH4,CH4 emissions from fuel combustion,0.248,0.20500000000000002,0.165,0.156,0.14200000000000002,0.127,0.127,0.133,0.122,0.114,0.11,0.111,0.107,0.114,0.11,0.11,0.116,0.113,0.115,0.12,0.136,0.124,0.125,0.127,0.123,0.135,0.136,0.14,0.14,0.14200000000000002
1.A,DJI,CH4,HISTTP,PRIMAP-hist_v2.3.1,MtCH4,CH4 emissions from fuel combustion,0.00087,0.000907,0.000882,0.000875,0.00102,0.00108,0.0011,0.00111,0.00113,0.0012,0.0011899999999999999,0.0012,0.00122,0.00126,0.00128,0.0013000000000000002,0.0013100000000000002,0.00134,0.00138,0.00139,0.00143,0.0014399999999999999,0.00152,0.0015400000000000001,0.0015400000000000001,0.0015500000000000002,0.00158,0.00164,0.00165,0.00168
1.A,DMA,CH4,HISTTP,PRIMAP-hist_v2.3.1,MtCH4,CH4 emissions from fuel combustion,8.059999999999999e-06,6.73e-06,6.82e-06,6.41e-06,7.84e-06,9.42e-06,9.58e-06,9.58e-06,9.46e-06,1.03e-05,1.11e-05,1.2200000000000002e-05,1.0500000000000001e-05,1.23e-05,1.3700000000000001e-05,1.34e-05,1.3e-05,1.55e-05,1.34e-05,1.54e-05,1.46e-05,1.63e-05,1.62e-05,1.7000000000000003e-05,1.76e-05,1.78e-05,1.7100000000000002e-05,2e-05,1.94e-05,1.96e-05
1.A,DNK,CH4,HISTTP,PRIMAP-hist_v2.3.1,MtCH4,CH4 emissions from fuel combustion,0.0114,0.0123,0.0121,0.012199999999999999,0.0119,0.0115,0.0116,0.0115,0.0108,0.0107,0.011300000000000001,0.0121,0.012199999999999999,0.013300000000000001,0.0137,0.015,0.016,0.0177,0.0173,0.017,0.0181,0.016800000000000002,0.0162,0.0167,0.0162,0.0179,0.0187,0.0193,0.0195,0.019100000000000002
1.A,DOM,CH4,HISTTP,PRIMAP-hist_v2.3.1,MtCH4,CH4 emissions from fuel combustion,0.0056500000000000005,0.00557,0.00557,0.00562,0.0057,0.0056500000000000005,0.00561,0.00566,0.00679,0.0070599999999999994,0.00728,0.00715,0.0072699999999999996,0.00692,0.0068,0.006860000000000001,0.006980000000000001,0.007,0.00683,0.00663,0.006730000000000001,0.00672,0.0067599999999999995,0.00662,0.00667,0.0068,0.0069299999999999995,0.006980000000000001,0.007070000000000001,0.006860000000000001
1.A,DZA,CH4,HISTTP,PRIMAP-hist_v2.3.1,MtCH4,CH4 emissions from fuel combustion,0.0048200000000000005,0.005030000000000001,0.00505,0.00523,0.005,0.004900000000000001,0.00481,0.004860000000000001,0.0049299999999999995,0.00495,0.00492,0.00495,0.00557,0.00579,0.00587,0.00604,0.0059900000000000005,0.00608,0.00596,0.00652,0.0064,0.00677,0.0072900000000000005,0.007690000000000001,0.0077800000000000005,0.00817,0.008220000000000002,0.00872,0.00908,0.00901
1.A,ECU,CH4,HISTTP,PRIMAP-hist_v2.3.1,MtCH4,CH4 emissions from fuel combustion,0.0105,0.011,0.00862,0.00843,0.008400000000000001,0.0087,0.008960000000000001,0.008480000000000001,0.00825,0.007370000000000001,0.00732,0.0071600000000000006,0.00697,0.00683,0.00679,0.00685,0.00679,0.00684,0.00658,0.00647,0.00679,0.00691,0.00692,0.006860000000000001,0.00721,0.0069500000000000004,0.006889999999999999,0.00692,0.00714,0.00705
1.A,EGY,CH4,HISTTP,PRIMAP-hist_v2.3.1,MtCH4,CH4 emissions from fuel combustion,0.0192,0.0198,0.019899999999999998,0.020300000000000002,0.0212,0.0209,0.021500000000000002,0.0218,0.0221,0.0225,0.0229,0.0238,0.0242,0.0249,0.0258,0.0268,0.0275,0.028399999999999998,0.029500000000000002,0.0298,0.030100000000000002,0.031,0.0317,0.0319,0.03270000000000001,0.033299999999999996,0.0342,0.0349,0.0363,0.0364
1.A,ERI,CH4,HISTTP,PRIMAP-hist_v2.3.1,MtCH4,CH4 emissions from fuel combustion,0.00558,0.00578,0.0059900000000000005,0.006,0.0073,0.00753,0.0077,0.007940000000000001,0.00514,0.0053,0.00545,0.00577,0.00595,0.0060999999999999995,0.00377,0.00392,0.00404,0.00415,0.00425,0.00439,0.00447,0.00435,0.004240000000000001,0.00421,0.00426,0.0043300000000000005,0.00443,0.0044,0.00441,0.00451
1.A,ESP,CH4,HISTTP,PRIMAP-hist_v2.3.1,MtCH4,CH4 emissions from fuel combustion,0.054,0.055799999999999995,0.0575,0.0544,0.0546,0.0509,0.0507,0.0505,0.0502,0.0494,0.0494,0.0498,0.0497,0.0499,0.0504,0.0504,0.0508,0.0503,0.049600000000000005,0.0528,0.0517,0.051000000000000004,0.0505,0.049600000000000005,0.0485,0.049,0.049600000000000005,0.0504,0.05,0.0498
1.A,EST,CH4,HISTTP,PRIMAP-hist_v2.3.1,MtCH4,CH4 emissions from fuel combustion,0.00477,0.00479,0.00365,0.00327,0.0035,0.00361,0.006860000000000001,0.00715,0.005690000000000001,0.00562,0.00551,0.00553,0.00536,0.00568,0.005900000000000001,0.00529,0.00512,0.0061200000000000004,0.00621,0.00636,0.0067800000000000004,0.00609,0.00622,0.00623,0.00608,0.00592,0.0063,0.00645,0.0064600000000000005,0.00644
1.A,ETH,CH4,HISTTP,PRIMAP-hist_v2.3.1,MtCH4,CH4 emissions from fuel combustion,0.195,0.202,0.21,0.217,0.248,0.256,0.264,0.273,0.281,0.289,0.297,0.306,0.315,0.325,0.335,0.343,0.352,0.363,0.373,0.383,0.394,0.405,0.41600000000000004,0.427,0.438,0.448,0.459,0.47100000000000003,0.47200000000000003,0.488
1.A,EUU,CH4,HISTTP,PRIMAP-hist_v2.3.1,MtCH4,CH4 emissions from fuel combustion,1.1300000000000001,1.1400000000000001,1.06,1.09,1.0,0.972,1.01,0.966,0.897,0.869,0.8130000000000001,0.8200000000000001,0.8210000000000001,0.859,0.85,0.882,0.909,0.908,0.9470000000000001,0.964,1.03,0.932,0.991,0.99,0.917,0.9480000000000001,0.97,0.982,0.976,0.9510000000000001
1.A,FIN,CH4,HISTTP,PRIMAP-hist_v2.3.1,MtCH4,CH4 emissions from fuel combustion,0.0613,0.0583,0.055799999999999995,0.053,0.0509,0.0479,0.045899999999999996,0.0438,0.0415,0.0386,0.0361,0.0352,0.0342,0.03270000000000001,0.0314,0.0292,0.0299,0.0289,0.0298,0.0296,0.0335,0.03,0.032,0.0309,0.0309,0.029500000000000002,0.0317,0.0317,0.0315,0.0309
1.A,FJI,CH4,HISTTP,PRIMAP-hist_v2.3.1,MtCH4,CH4 emissions from fuel combustion,0.00021700000000000002,0.000194,0.000189,0.000193,0.00022,0.000246,0.000247,0.000237,0.000214,0.000229,0.000208,0.000204,0.00019,0.00019500000000000002,0.000213,0.000194,0.00020300000000000003,0.000187,0.000158,0.00015900000000000002,0.000156,0.00022500000000000002,0.000158,0.00017199999999999998,0.000192,0.000223,0.00020300000000000003,0.000213,0.000215,0.00020300000000000003
1.A,FRA,CH4,HISTTP,PRIMAP-hist_v2.3.1,MtCH4,CH4 emissions from fuel combustion,0.167,0.187,0.179,0.171,0.152,0.152,0.16,0.14400000000000002,0.14300000000000002,0.136,0.127,0.128,0.11900000000000001,0.124,0.124,0.12,0.111,0.108,0.112,0.114,0.124,0.10200000000000001,0.115,0.124,0.106,0.111,0.11900000000000001,0.116,0.116,0.115
1.A,GAB,CH4,HISTTP,PRIMAP-hist_v2.3.1,MtCH4,CH4 emissions from fuel combustion,0.00779,0.008050000000000002,0.00828,0.008480000000000001,0.008490000000000001,0.0088,0.00894,0.00908,0.00929,0.00951,0.00973,0.00999,0.0106,0.011300000000000001,0.012,0.0127,0.0134,0.0141,0.0149,0.0157,0.0166,0.0156,0.0154,0.0178,0.0179,0.0183,0.0181,0.018000000000000002,0.018000000000000002,0.0195
1.A,GBR,CH4,HISTTP,PRIMAP-hist_v2.3.1,MtCH4,CH4 emissions from fuel combustion,0.123,0.124,0.114,0.11900000000000001,0.106,0.0907,0.09140000000000001,0.0844,0.07840000000000001,0.0772,0.06709999999999999,0.06470000000000001,0.062,0.056799999999999996,0.0529,0.047700000000000006,0.046,0.0458,0.0529,0.0507,0.056,0.050100000000000006,0.0523,0.059500000000000004,0.0597,0.0591,0.0624,0.0628,0.062,0.0625
1.A,GEO,CH4,HISTTP,PRIMAP-hist_v2.3.1,MtCH4,CH4 emissions from fuel combustion,0.00807,0.0083,0.0109,0.015,0.00529,0.00925,0.0131,0.0108,0.00953,0.00897,0.00836,0.00827,0.00819,0.00818,0.008140000000000001,0.0049299999999999995,0.00522,0.0056,0.00539,0.00554,0.00495,0.0044,0.00452,0.00722,0.00747,0.006690000000000001,0.00636,0.006,0.005980000000000001,0.006200000000000001
1.A,GHA,CH4,HISTTP,PRIMAP-hist_v2.3.1,MtCH4,CH4 emissions from fuel combustion,0.032,0.032799999999999996,0.0339,0.0349,0.036000000000000004,0.0371,0.037899999999999996,0.0388,0.04,0.040799999999999996,0.0282,0.0258,0.0242,0.0223,0.020800000000000003,0.0194,0.0181,0.0173,0.0165,0.016300000000000002,0.016100000000000003,0.0166,0.016800000000000002,0.0174,0.0178,0.0178,0.0176,0.0178,0.0179,0.0169
1.A,GIN,CH4,HISTTP,PRIMAP-hist_v2.3.1,MtCH4,CH4 emissions from fuel combustion,0.0343,0.0342,0.0242,0.0233,0.0277,0.0425,0.042,0.027100000000000003,0.027,0.0404,0.0418,0.0419,0.0422,0.0425,0.0429,0.043000000000000003,0.0432,0.0437,0.044,0.0445,0.0449,0.045200000000000004,0.0463,0.046200000000000005,0.0456,0.046,0.046700000000000005,0.0476,0.0476,0.0479
1.A,GMB,CH4,HISTTP,PRIMAP-hist_v2.3.1,MtCH4,CH4 emissions from fuel combustion,0.0016,0.00157,0.0016,0.00157,0.00173,0.0017900000000000001,0.00175,0.00172,0.00171,0.0017900000000000001,0.00223,0.00227,0.0023,0.00234,0.0023799999999999997,0.0024100000000000002,0.0024500000000000004,0.0025,0.00254,0.0026000000000000003,0.00265,0.00269,0.00278,0.0028,0.00283,0.00287,0.00294,0.00302,0.00302,0.00309
1.A,GNB,CH4,HISTTP,PRIMAP-hist_v2.3.1,MtCH4,CH4 emissions from fuel combustion,0.00649,0.00628,0.006059999999999999,0.00581,0.00672,0.00696,0.006940000000000001,0.00684,0.007030000000000001,0.00753,0.008130000000000002,0.00825,0.008400000000000001,0.00856,0.00872,0.00884,0.00899,0.00919,0.00935,0.009550000000000001,0.00973,0.009859999999999999,0.010199999999999999,0.0103,0.0103,0.0105,0.0107,0.011,0.011,0.0112
1.A,GNQ,CH4,HISTTP,PRIMAP-hist_v2.3.1,MtCH4,CH4 emissions from fuel combustion,0.0015600000000000002,0.00149,0.00143,0.00136,0.00157,0.0016,0.00157,0.0015300000000000001,0.00152,0.00157,0.00166,0.00168,0.0017,0.00173,0.00174,0.00176,0.00177,0.00177,0.00184,0.00185,0.00186,0.00188,0.00191,0.00191,0.00186,0.0018700000000000001,0.00188,0.00192,0.00192,0.00195
1.A,GRC,CH4,HISTTP,PRIMAP-hist_v2.3.1,MtCH4,CH4 emissions from fuel combustion,0.0152,0.0154,0.0155,0.0154,0.0154,0.015300000000000001,0.0155,0.0155,0.0155,0.015300000000000001,0.015300000000000001,0.015300000000000001,0.015,0.0149,0.0148,0.0148,0.0147,0.0156,0.0136,0.012400000000000001,0.0123,0.0148,0.016,0.0143,0.013800000000000002,0.0145,0.0132,0.0132,0.0126,0.012199999999999999
1.A,GRD,CH4,HISTTP,PRIMAP-hist_v2.3.1,MtCH4,CH4 emissions from fuel combustion,1.5e-05,1.41e-05,1.46e-05,1.5100000000000001e-05,1.7000000000000003e-05,1.57e-05,1.6899999999999997e-05,2.2100000000000002e-05,2.03e-05,2.26e-05,2.23e-05,2.33e-05,2.2100000000000002e-05,2.46e-05,2.29e-05,2.39e-05,2.41e-05,2.48e-05,2.4400000000000004e-05,2.7400000000000002e-05,2.59e-05,2.8899999999999998e-05,2.93e-05,3.5499999999999996e-05,3.06e-05,3.05e-05,2.97e-05,2.7300000000000003e-05,2.6700000000000002e-05,3.13e-05
1.A,GTM,CH4,HISTTP,PRIMAP-hist_v2.3.1,MtCH4,CH4 emissions from fuel combustion,0.034100000000000005,0.0343,0.0351,0.0345,0.0338,0.0346,0.0351,0.0358,0.0359,0.0423,0.0423,0.0423,0.0423,0.0423,0.0425,0.0434,0.0446,0.047299999999999995,0.0479,0.049600000000000005,0.0689,0.0709,0.0718,0.0737,0.07540000000000001,0.0768,0.08259999999999999,0.08650000000000001,0.0866,0.09340000000000001
1.A,GUY,CH4,HISTTP,PRIMAP-hist_v2.3.1,MtCH4,CH4 emissions from fuel combustion,0.000425,0.000279,0.00029299999999999997,0.000328,0.000324,0.000307,0.000316,0.000322,0.000384,0.000421,0.000347,0.00034,0.000335,0.000335,0.000331,0.0003,0.00028599999999999996,0.0003,0.000244,0.000295,0.00027800000000000004,0.000275,0.000279,0.000279,0.00027600000000000004,0.000273,0.00027400000000000005,0.000248,0.00023899999999999998,0.000248
1.A,HND,CH4,HISTTP,PRIMAP-hist_v2.3.1,MtCH4,CH4 emissions from fuel combustion,0.0158,0.0158,0.0158,0.0158,0.016,0.016,0.016,0.0184,0.0184,0.0134,0.0149,0.0146,0.0151,0.0159,0.0167,0.0175,0.0184,0.0194,0.0202,0.0206,0.0209,0.023100000000000002,0.023899999999999998,0.024100000000000003,0.024399999999999998,0.027100000000000003,0.0261,0.0267,0.0268,0.0286
1.A,HRV,CH4,HISTTP,PRIMAP-hist_v2.3.1,MtCH4,CH4 emissions from fuel combustion,0.013800000000000002,0.017,0.0145,0.015300000000000001,0.014,0.0146,0.016399999999999998,0.0152,0.015300000000000001,0.0149,0.013300000000000001,0.014400000000000001,0.014,0.0159,0.0155,0.016300000000000002,0.0151,0.0147,0.0147,0.0152,0.0162,0.0157,0.0157,0.0155,0.0137,0.0157,0.015300000000000001,0.0149,0.0148,0.0148
1.A,HTI,CH4,HISTTP,PRIMAP-hist_v2.3.1,MtCH4,CH4 emissions from fuel combustion,0.009380000000000001,0.009550000000000001,0.0105,0.00994,0.0101,0.010400000000000001,0.0127,0.0134,0.0137,0.0125,0.0116,0.0117,0.014199999999999999,0.013800000000000002,0.0136,0.0159,0.016300000000000002,0.016800000000000002,0.0171,0.0175,0.0178,0.0183,0.0188,0.0188,0.018600000000000002,0.0193,0.019600000000000003,0.0198,0.0198,0.020800000000000003
1.A,HUN,CH4,HISTTP,PRIMAP-hist_v2.3.1,MtCH4,CH4 emissions from fuel combustion,0.033299999999999996,0.032600000000000004,0.0217,0.0222,0.0206,0.0197,0.0184,0.0166,0.0149,0.0149,0.0143,0.0148,0.0156,0.0162,0.014400000000000001,0.0205,0.0209,0.020300000000000002,0.0182,0.023600000000000003,0.0261,0.0293,0.030600000000000002,0.0309,0.0256,0.0274,0.0273,0.0264,0.0263,0.0246
1.A,IDN,CH4,HISTTP,PRIMAP-hist_v2.3.1,MtCH4,CH4 emissions from fuel combustion,0.449,0.457,0.465,0.47200000000000003,0.481,0.488,0.493,0.511,0.52,0.53,0.545,0.552,0.56,0.5690000000000001,0.5750000000000001,0.578,0.585,0.593,0.594,0.596,0.588,0.606,0.644,0.655,0.664,0.663,0.662,0.667,0.669,0.686
1.A,IND,CH4,HISTTP,PRIMAP-hist_v2.3.1,MtCH4,CH4 emissions from fuel combustion,1.48,1.51,1.52,1.52,1.54,1.55,1.57,1.59,1.57,1.6,1.62,1.6400000000000001,1.68,1.71,1.74,1.72,1.6400000000000001,1.71,1.83,1.98,2.0300000000000002,2.06,2.04,1.97,1.93,1.8800000000000001,1.87,1.86,1.87,1.99
1.A,IRL,CH4,HISTTP,PRIMAP-hist_v2.3.1,MtCH4,CH4 emissions from fuel combustion,0.0224,0.020399999999999998,0.016399999999999998,0.0157,0.013800000000000002,0.0127,0.0128,0.0114,0.011800000000000001,0.00924,0.00887,0.00864,0.008400000000000001,0.00875,0.008660000000000001,0.00911,0.00912,0.00887,0.00885,0.00898,0.0086,0.0077800000000000005,0.0074,0.0077,0.00723,0.00701,0.00671,0.0063,0.00566,0.00564
1.A,IRN,CH4,HISTTP,PRIMAP-hist_v2.3.1,MtCH4,CH4 emissions from fuel combustion,0.020100000000000003,0.0218,0.0245,0.0262,0.028800000000000003,0.0285,0.03,0.031,0.0325,0.0346,0.0373,0.0388,0.04,0.041600000000000005,0.0441,0.0534,0.0579,0.0597,0.061700000000000005,0.0674,0.0713,0.0707,0.0735,0.075,0.0781,0.08009999999999999,0.08270000000000001,0.08470000000000001,0.0863,0.09140000000000001
1.A,IRQ,CH4,HISTTP,PRIMAP-hist_v2.3.1,MtCH4,CH4 emissions from fuel combustion,0.00679,0.00549,0.0074600000000000005,0.00842,0.0089,0.00876,0.00864,0.00937,0.00791,0.0070599999999999994,0.008,0.00876,0.00855,0.00743,0.00796,0.00846,0.008539999999999999,0.00736,0.00841,0.00909,0.010199999999999999,0.011300000000000001,0.0121,0.0123,0.0111,0.0105,0.0111,0.012,0.013000000000000001,0.013000000000000001
1.A,ISL,CH4,HISTTP,PRIMAP-hist_v2.3.1,MtCH4,CH4 emissions from fuel combustion,0.00033800000000000003,0.000346,0.00033900000000000005,0.000342,0.000359,0.000348,0.00039600000000000003,0.000328,0.00031,0.00028000000000000003,0.000264,0.000247,0.000247,0.00023799999999999998,0.000237,0.000228,0.000219,0.00023,0.000206,0.00019700000000000002,0.000185,0.000184,0.00018800000000000002,0.00019800000000000002,0.000191,0.00019500000000000002,0.00020300000000000003,0.000206,0.000202,0.000207
1.A,ISR,CH4,HISTTP,PRIMAP-hist_v2.3.1,MtCH4,CH4 emissions from fuel combustion,0.0024700000000000004,0.00256,0.00271,0.00296,0.00318,0.00334,0.00335,0.00321,0.0030499999999999998,0.00317,0.00304,0.0032400000000000003,0.00417,0.00481,0.0049900000000000005,0.00483,0.00405,0.00394,0.00384,0.00381,0.00432,0.00423,0.00417,0.0037400000000000003,0.004019999999999999,0.00413,0.00415,0.00371,0.00357,0.00367
1.A,ITA,CH4,HISTTP,PRIMAP-hist_v2.3.1,MtCH4,CH4 emissions from fuel combustion,0.0512,0.0536,0.057100000000000005,0.057100000000000005,0.059000000000000004,0.06,0.0594,0.0603,0.06,0.0599,0.0586,0.0583,0.0663,0.0829,0.0664,0.0855,0.0933,0.115,0.129,0.123,0.121,0.089,0.114,0.114,0.101,0.111,0.108,0.115,0.115,0.113
1.A,JAM,CH4,HISTTP,PRIMAP-hist_v2.3.1,MtCH4,CH4 emissions from fuel combustion,0.00138,0.00135,0.00138,0.00139,0.0014,0.0014399999999999999,0.00152,0.0015500000000000002,0.0015500000000000002,0.00157,0.00159,0.0015400000000000001,0.00158,0.00157,0.00161,0.00164,0.00168,0.00165,0.00151,0.00147,0.0016200000000000001,0.00183,0.00177,0.00195,0.0019,0.0019,0.00199,0.00197,0.0021000000000000003,0.00206
1.A,JOR,CH4,HISTTP,PRIMAP-hist_v2.3.1,MtCH4,CH4 emissions from fuel combustion,0.0010500000000000002,0.000979,0.00116,0.00118,0.00123,0.00128,0.00126,0.0012900000000000001,0.00126,0.00127,0.00133,0.00125,0.00123,0.0012,0.00122,0.0012,0.00118,0.00124,0.0010600000000000002,0.00108,0.000976,0.00103,0.00116,0.00113,0.00124,0.0013000000000000002,0.0016899999999999999,0.00199,0.0019,0.00167
1.A,JPN,CH4,HISTTP,PRIMAP-hist_v2.3.1,MtCH4,CH4 emissions from fuel combustion,0.0623,0.0627,0.063,0.0619,0.0618,0.0623,0.069,0.0694,0.0668,0.0678,0.06820000000000001,0.06720000000000001,0.0823,0.082,0.0843,0.08420000000000001,0.0831,0.0864,0.08140000000000001,0.0787,0.08090000000000001,0.0825,0.0836,0.08470000000000001,0.08140000000000001,0.08040000000000001,0.0795,0.08140000000000001,0.0795,0.0785
1.A,KAZ,CH4,HISTTP,PRIMAP-hist_v2.3.1,MtCH4,CH4 emissions from fuel combustion,0.0148,0.0158,0.0167,0.0136,0.011300000000000001,0.0108,0.009550000000000001,0.00841,0.0085,0.00723,0.00575,0.0054800000000000005,0.00443,0.00481,0.00572,0.00631,0.00674,0.008029999999999999,0.028,0.048299999999999996,0.0521,0.0424,0.0489,0.0376,0.0453,0.0366,0.024300000000000002,0.04,0.0395,0.0325
1.A,KEN,CH4,HISTTP,PRIMAP-hist_v2.3.1,MtCH4,CH4 emissions from fuel combustion,0.0521,0.0538,0.055600000000000004,0.0573,0.0589,0.0608,0.0625,0.0643,0.06620000000000001,0.0678,0.0696,0.0714,0.0734,0.07529999999999999,0.0775,0.07959999999999999,0.0819,0.0841,0.08650000000000001,0.089,0.0917,0.094,0.09670000000000001,0.0995,0.10300000000000001,0.105,0.108,0.111,0.111,0.115
1.A,KGZ,CH4,HISTTP,PRIMAP-hist_v2.3.1,MtCH4,CH4 emissions from fuel combustion,0.0024,0.0019,0.00132,0.000975,0.000609,0.000408,0.000491,0.000505,0.0005719999999999999,0.000431,0.000346,0.00027200000000000005,0.000391,0.0005620000000000001,0.00048499999999999997,0.0020099999999999996,0.00222,0.0025800000000000003,0.00401,0.00378,0.00412,0.0044800000000000005,0.005200000000000001,0.00512,0.005200000000000001,0.00401,0.00377,0.00518,0.00622,0.00618
1.A,KHM,CH4,HISTTP,PRIMAP-hist_v2.3.1,MtCH4,CH4 emissions from fuel combustion,0.0148,0.0148,0.0147,0.0148,0.0149,0.0188,0.0197,0.019600000000000003,0.0207,0.020100000000000003,0.0193,0.0188,0.024800000000000003,0.025,0.0169,0.016100000000000003,0.0152,0.0145,0.014,0.0258,0.0256,0.0265,0.027,0.0275,0.028,0.0287,0.0294,0.03,0.030100000000000002,0.0337
1.A,KIR,CH4,HISTTP,PRIMAP-hist_v2.3.1,MtCH4,CH4 emissions from fuel combustion,6.07e-06,6.1599999999999995e-06,6.2e-06,6.210000000000001e-06,6.72e-06,8.53e-06,9.270000000000001e-06,9.270000000000001e-06,9.23e-06,9.270000000000001e-06,1.01e-05,9.94e-06,1.0800000000000002e-05,1.09e-05,1.11e-05,1.18e-05,1.23e-05,1.21e-05,1.29e-05,1.27e-05,1.3e-05,1.2800000000000001e-05,1.25e-05,1.25e-05,1.25e-05,1.3e-05,1.3100000000000002e-05,1.35e-05,1.36e-05,1.36e-05
1.A,KNA,CH4,HISTTP,PRIMAP-hist_v2.3.1,MtCH4,CH4 emissions from fuel combustion,7.97e-06,9.65e-06,9.74e-06,1.0800000000000002e-05,1.26e-05,1.06e-05,1.15e-05,1.15e-05,1.0500000000000001e-05,1.04e-05,1.59e-05,1.54e-05,1.5100000000000001e-05,1.57e-05,1.56e-05,1.4200000000000001e-05,1.25e-05,1.2800000000000001e-05,1.25e-05,1.44e-05,1.2800000000000001e-05,1.58e-05,1.6e-05,1.78e-05,1.73e-05,1.68e-05,1.65e-05,1.23e-05,1.2e-05,1.53e-05
1.A,KOR,CH4,HISTTP,PRIMAP-hist_v2.3.1,MtCH4,CH4 emissions from fuel combustion,0.13,0.107,0.08700000000000001,0.0704,0.055200000000000006,0.0485,0.0445,0.0428,0.0368,0.039700000000000006,0.043000000000000003,0.0443,0.0451,0.0453,0.0471,0.0511,0.054,0.0546,0.055600000000000004,0.0543,0.0559,0.057600000000000005,0.058100000000000006,0.0605,0.0628,0.0658,0.057600000000000005,0.0575,0.0589,0.063
1.A,KWT,CH4,HISTTP,PRIMAP-hist_v2.3.1,MtCH4,CH4 emissions from fuel combustion,0.00166,0.000815,0.0018100000000000002,0.00216,0.0024100000000000002,0.0024300000000000003,0.0024500000000000004,0.00239,0.0024300000000000003,0.00254,0.0025,0.00244,0.0025,0.0025299999999999997,0.0027300000000000002,0.0029500000000000004,0.00284,0.00285,0.00266,0.0027400000000000002,0.00267,0.00275,0.00282,0.0030099999999999997,0.0029500000000000004,0.00321,0.00326,0.0031000000000000003,0.00311,0.00316
1.A,LAO,CH4,HISTTP,PRIMAP-hist_v2.3.1,MtCH4,CH4 emissions from fuel combustion,0.00741,0.00752,0.00756,0.00766,0.00771,0.0128,0.0151,0.0151,0.0152,0.015300000000000001,0.0154,0.0154,0.0155,0.0155,0.0155,0.0156,0.0156,0.0155,0.0156,0.0157,0.0157,0.0146,0.0145,0.015,0.0149,0.0167,0.0175,0.0176,0.0176,0.0169
1.A,LBN,CH4,HISTTP,PRIMAP-hist_v2.3.1,MtCH4,CH4 emissions from fuel combustion,0.00196,0.0022,0.0025299999999999997,0.00283,0.00279,0.00304,0.0031000000000000003,0.003,0.00307,0.0029700000000000004,0.0027400000000000002,0.00261,0.00269,0.00285,0.0029700000000000004,0.0030099999999999997,0.00294,0.0027,0.00289,0.00269,0.00271,0.0027400000000000002,0.00286,0.00278,0.0029100000000000003,0.0029500000000000004,0.00304,0.0031000000000000003,0.0030099999999999997,0.00296
1.A,LBR,CH4,HISTTP,PRIMAP-hist_v2.3.1,MtCH4,CH4 emissions from fuel combustion,0.012,0.0111,0.00991,0.0087,0.00954,0.009800000000000001,0.0103,0.011300000000000001,0.0126,0.0147,0.0172,0.0179,0.0187,0.019600000000000003,0.0205,0.0213,0.0221,0.023100000000000002,0.024,0.0251,0.0262,0.027100000000000003,0.0286,0.0294,0.03,0.0312,0.032600000000000004,0.0342,0.0342,0.035500000000000004
1.A,LBY,CH4,HISTTP,PRIMAP-hist_v2.3.1,MtCH4,CH4 emissions from fuel combustion,0.00394,0.00394,0.00395,0.00423,0.00478,0.005030000000000001,0.00515,0.00495,0.005059999999999999,0.00509,0.00534,0.00554,0.00577,0.00596,0.0063300000000000006,0.00649,0.00659,0.00635,0.0069900000000000006,0.0072699999999999996,0.00763,0.006500000000000001,0.008039999999999999,0.00859,0.00856,0.00819,0.0085,0.008490000000000001,0.00863,0.00905
1.A,LCA,CH4,HISTTP,PRIMAP-hist_v2.3.1,MtCH4,CH4 emissions from fuel combustion,2.24e-05,2.14e-05,2.1600000000000003e-05,1.95e-05,2.24e-05,2.22e-05,2.19e-05,2.13e-05,1.9699999999999998e-05,2.05e-05,2.9000000000000004e-05,2.95e-05,2.42e-05,2.7300000000000003e-05,2.57e-05,2.54e-05,2.48e-05,2.5e-05,2.46e-05,2.72e-05,2.51e-05,2.96e-05,3.0200000000000002e-05,3.34e-05,3.24e-05,3.09e-05,2.9900000000000002e-05,2.69e-05,2.6200000000000003e-05,3.07e-05
1.A,LIE,CH4,HISTTP,PRIMAP-hist_v2.3.1,MtCH4,CH4 emissions from fuel combustion,7.22e-05,7.66e-05,7.51e-05,6.440000000000001e-05,6.03e-05,5.9900000000000006e-05,6.440000000000001e-05,5.93e-05,5.97e-05,5.6300000000000006e-05,5.39e-05,5.47e-05,5.36e-05,5.6800000000000005e-05,5.45e-05,5.66e-05,5.44e-05,5.21e-05,5.75e-05,5.97e-05,6.25e-05,5.44e-05,5.84e-05,6.08e-05,5.35e-05,5.55e-05,5.81e-05,5.61e-05,5.55e-05,5.49e-05
1.A,LKA,CH4,HISTTP,PRIMAP-hist_v2.3.1,MtCH4,CH4 emissions from fuel combustion,0.043000000000000003,0.0433,0.0441,0.043500000000000004,0.0427,0.042100000000000005,0.0431,0.0436,0.043000000000000003,0.0426,0.0427,0.0427,0.041299999999999996,0.0422,0.0426,0.0437,0.0441,0.0441,0.0443,0.0464,0.0476,0.0468,0.0551,0.0445,0.0448,0.0431,0.042100000000000005,0.041600000000000005,0.041100000000000005,0.0439
1.A,LSO,CH4,HISTTP,PRIMAP-hist_v2.3.1,MtCH4,CH4 emissions from fuel combustion,0.00641,0.00635,0.00628,0.00618,0.00697,0.00722,0.00726,0.00725,0.00735,0.00897,0.00939,0.00941,0.00945,0.00951,0.0096,0.00965,0.00973,0.009880000000000002,0.009949999999999999,0.0101,0.01,0.009890000000000001,0.00994,0.00977,0.00953,0.00945,0.00942,0.00941,0.00928,0.00945
1.A,LTU,CH4,HISTTP,PRIMAP-hist_v2.3.1,MtCH4,CH4 emissions from fuel combustion,0.0137,0.014199999999999999,0.007019999999999999,0.008029999999999999,0.00747,0.00752,0.008400000000000001,0.00845,0.00844,0.00865,0.00858,0.008830000000000001,0.00894,0.009130000000000001,0.00927,0.009550000000000001,0.0099,0.00968,0.009880000000000002,0.00979,0.009800000000000001,0.00982,0.009890000000000001,0.009810000000000001,0.00937,0.009130000000000001,0.00915,0.009130000000000001,0.0092,0.0088
1.A,LUX,CH4,HISTTP,PRIMAP-hist_v2.3.1,MtCH4,CH4 emissions from fuel combustion,0.00115,0.00128,0.00152,0.00149,0.00147,0.00132,0.0013100000000000002,0.00128,0.00122,0.00114,0.000951,0.000968,0.0009270000000000001,0.000916,0.000949,0.0009170000000000001,0.000862,0.0008,0.0007930000000000001,0.000749,0.000763,0.0006690000000000001,0.0006929999999999999,0.000694,0.000709,0.000715,0.000747,0.000782,0.0007840000000000001,0.0008010000000000001
1.A,LVA,CH4,HISTTP,PRIMAP-hist_v2.3.1,MtCH4,CH4 emissions from fuel combustion,0.0125,0.0143,0.0125,0.0134,0.013300000000000001,0.0126,0.0129,0.012199999999999999,0.0115,0.0114,0.0107,0.012,0.0117,0.012199999999999999,0.0125,0.0126,0.012400000000000001,0.012400000000000001,0.0115,0.0126,0.010199999999999999,0.0103,0.011,0.0101,0.00992,0.00855,0.00845,0.00936,0.0094,0.00904
1.A,MAR,CH4,HISTTP,PRIMAP-hist_v2.3.1,MtCH4,CH4 emissions from fuel combustion,0.0132,0.0136,0.013900000000000001,0.0141,0.0145,0.0146,0.0149,0.015,0.0152,0.0155,0.0156,0.0158,0.0159,0.0159,0.0291,0.0274,0.0254,0.023600000000000003,0.0217,0.019600000000000003,0.019,0.0184,0.0178,0.0174,0.0172,0.0173,0.017,0.0169,0.0169,0.0136
1.A,MCO,CH4,HISTTP,PRIMAP-hist_v2.3.1,MtCH4,CH4 emissions from fuel combustion,8.63e-05,9.68e-05,9.279999999999999e-05,8.91e-05,7.98e-05,8.02e-05,8.51e-05,7.69e-05,7.65e-05,7.290000000000001e-05,6.87e-05,6.97e-05,6.460000000000001e-05,6.78e-05,6.769999999999999e-05,6.62e-05,6.13e-05,5.9499999999999996e-05,6.25e-05,6.379999999999999e-05,6.98e-05,5.77e-05,6.52e-05,7.08e-05,6.08e-05,6.440000000000001e-05,6.94e-05,6.800000000000001e-05,6.81e-05,6.840000000000001e-05
1.A,MDA,CH4,HISTTP,PRIMAP-hist_v2.3.1,MtCH4,CH4 emissions from fuel combustion,0.0117,0.008480000000000001,0.006980000000000001,0.00385,0.0038799999999999998,0.00359,0.00317,0.0024300000000000003,0.00172,0.00166,0.00161,0.0014399999999999999,0.0018700000000000001,0.00233,0.002,0.0018000000000000002,0.00196,0.00161,0.00166,0.00167,0.007330000000000001,0.00767,0.00821,0.00833,0.00864,0.00887,0.00935,0.0105,0.010400000000000001,0.012
1.A,MDG,CH4,HISTTP,PRIMAP-hist_v2.3.1,MtCH4,CH4 emissions from fuel combustion,0.0256,0.0257,0.0258,0.0257,0.031100000000000003,0.0332,0.034100000000000005,0.03,0.0307,0.03270000000000001,0.0353,0.0363,0.0373,0.0385,0.039700000000000006,0.040799999999999996,0.048299999999999996,0.048600000000000004,0.04870000000000001,0.049,0.0492,0.0494,0.0503,0.0512,0.0514,0.0526,0.054200000000000005,0.056100000000000004,0.05620000000000001,0.0573
1.A,MDV,CH4,HISTTP,PRIMAP-hist_v2.3.1,MtCH4,CH4 emissions from fuel combustion,3.16e-05,3.2e-05,3.27e-05,3.5499999999999996e-05,6.41e-05,9.14e-05,9.54e-05,8.93e-05,9.24e-05,9.130000000000001e-05,0.00013000000000000002,0.00011600000000000001,0.000127,0.00011600000000000001,0.00012900000000000002,0.000128,0.00015,0.000146,0.000201,0.00023799999999999998,0.000262,0.000363,0.00038300000000000004,0.000368,0.000427,0.000355,0.000323,0.00033800000000000003,0.000346,0.000436
1.A,MEX,CH4,HISTTP,PRIMAP-hist_v2.3.1,MtCH4,CH4 emissions from fuel combustion,0.112,0.115,0.11800000000000001,0.116,0.117,0.114,0.114,0.115,0.116,0.116,0.117,0.112,0.112,0.113,0.113,0.113,0.112,0.111,0.112,0.109,0.11,0.111,0.11,0.111,0.11,0.11,0.11,0.111,0.111,0.11
1.A,MHL,CH4,HISTTP,PRIMAP-hist_v2.3.1,MtCH4,CH4 emissions from fuel combustion,8.59e-05,8.730000000000001e-05,8.78e-05,8.88e-05,8.98e-05,8.93e-05,0.000102,0.000101,0.000102,0.000103,0.000154,0.000155,0.00016,0.00016700000000000002,0.000175,0.000185,0.0002,0.000224,0.000255,0.00029099999999999997,0.00033,0.0003,0.000315,0.00033,0.000345,0.00035999999999999997,0.000375,0.00039000000000000005,0.00040500000000000003,0.00042
1.A,MKD,CH4,HISTTP,PRIMAP-hist_v2.3.1,MtCH4,CH4 emissions from fuel combustion,0.000458,0.00045400000000000003,0.0028,0.00292,0.0029300000000000003,0.00286,0.0029300000000000003,0.00287,0.00235,0.00264,0.00296,0.00215,0.00215,0.00252,0.00252,0.00296,0.003,0.00287,0.00281,0.00283,0.00279,0.0029300000000000003,0.00316,0.00311,0.0032300000000000002,0.00318,0.00278,0.00318,0.00316,0.0032
1.A,MLI,CH4,HISTTP,PRIMAP-hist_v2.3.1,MtCH4,CH4 emissions from fuel combustion,0.0137,0.0136,0.0132,0.0129,0.015300000000000001,0.0158,0.0158,0.0155,0.0156,0.016300000000000002,0.0173,0.0175,0.0178,0.018000000000000002,0.0183,0.0185,0.0187,0.0192,0.0194,0.019899999999999998,0.0202,0.020399999999999998,0.0211,0.0212,0.0212,0.021500000000000002,0.0219,0.022600000000000002,0.0227,0.023
1.A,MLT,CH4,HISTTP,PRIMAP-hist_v2.3.1,MtCH4,CH4 emissions from fuel combustion,0.000135,0.00013900000000000002,0.00014199999999999998,0.00016800000000000002,0.000165,0.000213,0.000158,0.00017199999999999998,0.00015900000000000002,0.000149,0.000126,0.000125,0.000122,0.000125,0.000115,0.00011899999999999999,0.00011600000000000001,0.00011700000000000001,0.000124,0.000107,0.00011899999999999999,0.000112,0.00011700000000000001,0.000109,0.00011,9.56e-05,8.72e-05,0.00012,0.000121,0.00011
1.A,MMR,CH4,HISTTP,PRIMAP-hist_v2.3.1,MtCH4,CH4 emissions from fuel combustion,0.10200000000000001,0.1,0.10200000000000001,0.10200000000000001,0.106,0.106,0.105,0.107,0.109,0.109,0.11,0.112,0.114,0.117,0.121,0.123,0.126,0.127,0.127,0.128,0.129,0.129,0.131,0.132,0.133,0.134,0.135,0.136,0.136,0.138
1.A,MNE,CH4,HISTTP,PRIMAP-hist_v2.3.1,MtCH4,CH4 emissions from fuel combustion,0.00136,0.00109,0.00115,0.0010500000000000002,0.000959,0.000975,0.00125,0.00128,0.0014,0.0012900000000000001,0.0021200000000000004,0.00246,0.00229,0.00221,0.00227,0.0022400000000000002,0.002,0.0024700000000000004,0.00263,0.00263,0.00272,0.00271,0.0026200000000000004,0.00248,0.0025499999999999997,0.00269,0.00326,0.0034,0.00346,0.0033
1.A,MNG,CH4,HISTTP,PRIMAP-hist_v2.3.1,MtCH4,CH4 emissions from fuel combustion,0.0067,0.00504,0.00394,0.00281,0.0026000000000000003,0.0032300000000000002,0.00304,0.00213,0.002,0.00259,0.00259,0.0037400000000000003,0.00385,0.00439,0.00423,0.011800000000000001,0.00739,0.0114,0.00838,0.0194,0.018600000000000002,0.0181,0.016100000000000003,0.0195,0.0155,0.013300000000000001,0.0197,0.0175,0.0192,0.0212
1.A,MOZ,CH4,HISTTP,PRIMAP-hist_v2.3.1,MtCH4,CH4 emissions from fuel combustion,0.0469,0.046700000000000005,0.0469,0.0476,0.0485,0.0493,0.0502,0.0511,0.063,0.0643,0.0723,0.061,0.0669,0.07440000000000001,0.0766,0.07840000000000001,0.076,0.042,0.045200000000000004,0.0424,0.0396,0.042100000000000005,0.053899999999999997,0.0614,0.0559,0.057,0.024399999999999998,0.0202,0.020300000000000002,0.0245
1.A,MRT,CH4,HISTTP,PRIMAP-hist_v2.3.1,MtCH4,CH4 emissions from fuel combustion,0.00409,0.004019999999999999,0.00419,0.004059999999999999,0.00471,0.004889999999999999,0.004900000000000001,0.004860000000000001,0.00496,0.00525,0.00535,0.00549,0.00564,0.00581,0.005980000000000001,0.00613,0.00628,0.0064800000000000005,0.0067,0.00691,0.00709,0.00728,0.00762,0.00771,0.0078,0.008,0.00821,0.008539999999999999,0.00856,0.00882
1.A,MUS,CH4,HISTTP,PRIMAP-hist_v2.3.1,MtCH4,CH4 emissions from fuel combustion,0.0009000000000000001,0.000799,0.000747,0.000708,0.000638,0.0006680000000000001,0.000632,0.000642,0.0006360000000000001,0.000526,0.000602,0.00062,0.000585,0.000598,0.000612,0.000598,0.00059,0.000574,0.0005859999999999999,0.0005520000000000001,0.000567,0.000559,0.0005480000000000001,0.000545,0.000541,0.000596,0.0005769999999999999,0.000574,0.000578,0.000558
1.A,MWI,CH4,HISTTP,PRIMAP-hist_v2.3.1,MtCH4,CH4 emissions from fuel combustion,0.018000000000000002,0.0171,0.0167,0.0152,0.0179,0.0176,0.0169,0.0165,0.0166,0.0173,0.0183,0.0185,0.018600000000000002,0.0188,0.019,0.019100000000000002,0.0193,0.019600000000000003,0.0198,0.0202,0.0205,0.0207,0.0213,0.0214,0.0213,0.0216,0.0221,0.0227,0.0227,0.023
1.A,MYS,CH4,HISTTP,PRIMAP-hist_v2.3.1,MtCH4,CH4 emissions from fuel combustion,0.00917,0.009800000000000001,0.01,0.0105,0.0112,0.0117,0.0129,0.013300000000000001,0.013300000000000001,0.0145,0.014199999999999999,0.0146,0.0145,0.0147,0.015300000000000001,0.0159,0.0152,0.015300000000000001,0.0158,0.014400000000000001,0.015300000000000001,0.013900000000000001,0.014199999999999999,0.0174,0.0177,0.0174,0.017,0.016100000000000003,0.0167,0.017
1.A,NAM,CH4,HISTTP,PRIMAP-hist_v2.3.1,MtCH4,CH4 emissions from fuel combustion,0.00257,0.00214,0.0022400000000000002,0.00228,0.00236,0.0024700000000000004,0.0024700000000000004,0.00254,0.00263,0.00266,0.0022500000000000003,0.00236,0.0024,0.00239,0.00191,0.00199,0.00195,0.00177,0.00128,0.00133,0.0014399999999999999,0.00152,0.0013100000000000002,0.0015,0.00152,0.0015300000000000001,0.0015400000000000001,0.00157,0.00157,0.00138
1.A,NER,CH4,HISTTP,PRIMAP-hist_v2.3.1,MtCH4,CH4 emissions from fuel combustion,0.0197,0.0195,0.0197,0.0194,0.0232,0.0245,0.024800000000000003,0.024800000000000003,0.0253,0.0268,0.0149,0.0155,0.016,0.0165,0.0171,0.0177,0.0182,0.0188,0.0195,0.0202,0.020800000000000003,0.017,0.018600000000000002,0.0249,0.0259,0.0269,0.028,0.0291,0.0291,0.029500000000000002
1.A,NGA,CH4,HISTTP,PRIMAP-hist_v2.3.1,MtCH4,CH4 emissions from fuel combustion,0.642,0.658,0.675,0.6900000000000001,0.706,0.723,0.741,0.76,0.776,0.796,0.8170000000000001,0.837,0.857,0.879,0.899,0.922,0.9450000000000001,0.971,0.998,1.03,1.06,1.09,1.1400000000000001,1.16,1.19,1.23,1.26,1.29,1.29,1.34
1.A,NIC,CH4,HISTTP,PRIMAP-hist_v2.3.1,MtCH4,CH4 emissions from fuel combustion,0.0109,0.0111,0.0112,0.011300000000000001,0.0114,0.0115,0.0117,0.0119,0.012,0.0119,0.0121,0.0121,0.012199999999999999,0.012199999999999999,0.012400000000000001,0.012400000000000001,0.0119,0.012,0.012,0.012199999999999999,0.0123,0.0123,0.0128,0.0129,0.013300000000000001,0.013300000000000001,0.014,0.0132,0.0132,0.0136
1.A,NIU,CH4,HISTTP,PRIMAP-hist_v2.3.1,MtCH4,CH4 emissions from fuel combustion,2.3600000000000003e-08,2.3600000000000003e-08,1.18e-07,2.3600000000000003e-08,2.3600000000000003e-08,2.3600000000000003e-08,2.3600000000000003e-08,2.3600000000000003e-08,2.3600000000000003e-08,2.3600000000000003e-08,2.3600000000000003e-08,2.3600000000000003e-08,2.3600000000000003e-08,1.77e-08,1.77e-08,1.77e-08,1.77e-08,1.77e-08,1.77e-08,1.77e-08,1.77e-08,1.77e-08,1.77e-08,1.77e-08,1.77e-08,1.77e-08,2.3600000000000003e-08,2.3600000000000003e-08,2.95e-08,2.35e-08
1.A,NLD,CH4,HISTTP,PRIMAP-hist_v2.3.1,MtCH4,CH4 emissions from fuel combustion,0.0211,0.0211,0.0206,0.0207,0.019899999999999998,0.0195,0.0207,0.020300000000000002,0.020100000000000003,0.019600000000000003,0.019100000000000002,0.019100000000000002,0.0187,0.0184,0.0185,0.0185,0.0184,0.018000000000000002,0.0187,0.0187,0.0194,0.0184,0.0184,0.0182,0.0172,0.0173,0.0178,0.0185,0.0184,0.0182
1.A,NOR,CH4,HISTTP,PRIMAP-hist_v2.3.1,MtCH4,CH4 emissions from fuel combustion,0.0115,0.0105,0.0105,0.0112,0.0119,0.0115,0.011300000000000001,0.0115,0.012,0.0117,0.0111,0.0112,0.0121,0.012199999999999999,0.0116,0.012,0.0114,0.0107,0.011,0.0112,0.0125,0.0114,0.0117,0.0101,0.00889,0.00949,0.009550000000000001,0.00966,0.009689999999999999,0.00936
1.A,NPL,CH4,HISTTP,PRIMAP-hist_v2.3.1,MtCH4,CH4 emissions from fuel combustion,0.0734,0.075,0.0766,0.0782,0.08,0.08040000000000001,0.08209999999999999,0.0839,0.0857,0.0876,0.0926,0.09490000000000001,0.098,0.1,0.10200000000000001,0.105,0.106,0.109,0.111,0.112,0.114,0.115,0.106,0.11800000000000001,0.12,0.121,0.124,0.126,0.126,0.128
1.A,NRU,CH4,HISTTP,PRIMAP-hist_v2.3.1,MtCH4,CH4 emissions from fuel combustion,3.52e-06,3.5699999999999997e-06,3.6e-06,3.5500000000000003e-06,3.53e-06,3.53e-06,3.78e-06,3.9300000000000005e-06,3.89e-06,4e-06,1.03e-06,3.29e-06,4.839999999999999e-06,5.420000000000001e-06,4.79e-06,3.41e-06,2.0400000000000004e-06,1.41e-06,1.5e-06,1.8400000000000002e-06,2.58e-06,2.0400000000000004e-06,1.9e-06,1.75e-06,1.61e-06,1.47e-06,1.32e-06,1.1800000000000001e-06,1.04e-06,8.96e-07
1.A,NZL,CH4,HISTTP,PRIMAP-hist_v2.3.1,MtCH4,CH4 emissions from fuel combustion,0.00757,0.00728,0.00704,0.00696,0.007200000000000001,0.00723,0.006889999999999999,0.00672,0.00644,0.00618,0.00601,0.00583,0.0058200000000000005,0.0058200000000000005,0.00575,0.00578,0.00592,0.005690000000000001,0.00558,0.00523,0.00553,0.00577,0.0059299999999999995,0.0057,0.00536,0.00551,0.00525,0.00578,0.00578,0.00556
1.A,OMN,CH4,HISTTP,PRIMAP-hist_v2.3.1,MtCH4,CH4 emissions from fuel combustion,0.0011,0.0013100000000000002,0.00135,0.0013700000000000001,0.00138,0.00148,0.00151,0.0015400000000000001,0.0015300000000000001,0.00158,0.0016899999999999999,0.0017900000000000001,0.00184,0.0019,0.0018700000000000001,0.002,0.00231,0.00239,0.00237,0.00252,0.00278,0.00321,0.00366,0.00383,0.004,0.00425,0.00422,0.00428,0.00447,0.00485
1.A,PAK,CH4,HISTTP,PRIMAP-hist_v2.3.1,MtCH4,CH4 emissions from fuel combustion,0.213,0.219,0.228,0.23500000000000001,0.24,0.246,0.252,0.257,0.263,0.27,0.276,0.28200000000000003,0.28800000000000003,0.295,0.302,0.309,0.317,0.321,0.328,0.336,0.34400000000000003,0.352,0.359,0.366,0.373,0.382,0.392,0.402,0.403,0.41200000000000003
1.A,PAN,CH4,HISTTP,PRIMAP-hist_v2.3.1,MtCH4,CH4 emissions from fuel combustion,0.004370000000000001,0.00441,0.00466,0.0047599999999999995,0.00484,0.0046,0.005019999999999999,0.005110000000000001,0.00521,0.00523,0.0029300000000000003,0.0029700000000000004,0.0029700000000000004,0.00296,0.0029700000000000004,0.00296,0.00309,0.0030800000000000003,0.0030800000000000003,0.00316,0.0032400000000000003,0.00328,0.00331,0.00334,0.0033900000000000002,0.0034500000000000004,0.0035099999999999997,0.0034900000000000005,0.00337,0.0035600000000000002
1.A,PER,CH4,HISTTP,PRIMAP-hist_v2.3.1,MtCH4,CH4 emissions from fuel combustion,0.033299999999999996,0.032100000000000004,0.0312,0.0302,0.0297,0.029500000000000002,0.0293,0.0291,0.028399999999999998,0.028399999999999998,0.028300000000000002,0.028300000000000002,0.028300000000000002,0.027899999999999998,0.0293,0.027800000000000002,0.0291,0.0317,0.024300000000000002,0.0318,0.039200000000000006,0.0385,0.0352,0.0339,0.0346,0.0344,0.0353,0.0346,0.0347,0.0373
1.A,PHL,CH4,HISTTP,PRIMAP-hist_v2.3.1,MtCH4,CH4 emissions from fuel combustion,0.0958,0.094,0.0927,0.09140000000000001,0.09,0.0892,0.0866,0.084,0.081,0.07790000000000001,0.0745,0.0716,0.0686,0.06559999999999999,0.0625,0.0592,0.05670000000000001,0.0549,0.053200000000000004,0.0514,0.04870000000000001,0.0475,0.045899999999999996,0.047200000000000006,0.0476,0.0479,0.047799999999999995,0.048600000000000004,0.048799999999999996,0.0438
1.A,PLW,CH4,HISTTP,PRIMAP-hist_v2.3.1,MtCH4,CH4 emissions from fuel combustion,0.000287,0.000285,0.00026000000000000003,0.00026700000000000004,0.00039900000000000005,0.000292,0.000235,0.000256,0.00019700000000000002,0.00019700000000000002,0.00012900000000000002,0.00013700000000000002,8.11e-05,9.25e-05,7.570000000000001e-05,8.21e-05,8.280000000000001e-05,7.230000000000001e-05,7.75e-05,0.000127,0.000123,0.00014199999999999998,0.00026000000000000003,0.000134,6.19e-05,5.86e-05,5.6e-05,5.8500000000000006e-05,6.02e-05,8.85e-05
1.A,PNG,CH4,HISTTP,PRIMAP-hist_v2.3.1,MtCH4,CH4 emissions from fuel combustion,0.00749,0.00752,0.00754,0.0076100000000000004,0.007690000000000001,0.0126,0.0146,0.0146,0.0146,0.0146,0.0145,0.0145,0.0146,0.0146,0.0146,0.0146,0.0145,0.0145,0.0145,0.0145,0.0145,0.0131,0.0131,0.013000000000000001,0.013000000000000001,0.0131,0.0131,0.013300000000000001,0.013300000000000001,0.0127
1.A,POL,CH4,HISTTP,PRIMAP-hist_v2.3.1,MtCH4,CH4 emissions from fuel combustion,0.171,0.217,0.22,0.264,0.233,0.232,0.242,0.214,0.177,0.181,0.145,0.157,0.166,0.166,0.17300000000000001,0.186,0.20700000000000002,0.191,0.202,0.20500000000000002,0.232,0.21,0.218,0.212,0.196,0.193,0.203,0.203,0.2,0.178
1.A,PRK,CH4,HISTTP,PRIMAP-hist_v2.3.1,MtCH4,CH4 emissions from fuel combustion,0.0701,0.0679,0.06559999999999999,0.06440000000000001,0.061200000000000004,0.0591,0.0534,0.0521,0.0495,0.0541,0.057,0.0574,0.055200000000000006,0.056299999999999996,0.0575,0.0601,0.0614,0.0519,0.0569,0.0461,0.0437,0.033,0.0339,0.026000000000000002,0.0287,0.024100000000000003,0.0259,0.0217,0.0187,0.0129
1.A,PRT,CH4,HISTTP,PRIMAP-hist_v2.3.1,MtCH4,CH4 emissions from fuel combustion,0.02,0.020100000000000003,0.020300000000000002,0.020300000000000002,0.020300000000000002,0.020399999999999998,0.020399999999999998,0.020300000000000002,0.020300000000000002,0.0205,0.0205,0.020399999999999998,0.0205,0.0202,0.0202,0.020100000000000003,0.0198,0.0198,0.019600000000000003,0.019600000000000003,0.014,0.014,0.0141,0.014199999999999999,0.014,0.014,0.0141,0.014199999999999999,0.014199999999999999,0.014199999999999999
1.A,PRY,CH4,HISTTP,PRIMAP-hist_v2.3.1,MtCH4,CH4 emissions from fuel combustion,0.0157,0.0162,0.0141,0.0143,0.0141,0.0146,0.0151,0.0158,0.0141,0.014,0.013900000000000001,0.0147,0.0137,0.0141,0.0137,0.013300000000000001,0.0116,0.0117,0.0119,0.0125,0.0127,0.0125,0.0121,0.010199999999999999,0.0106,0.0105,0.0158,0.016,0.016,0.013900000000000001
1.A,QAT,CH4,HISTTP,PRIMAP-hist_v2.3.1,MtCH4,CH4 emissions from fuel combustion,0.0009280000000000001,0.001,0.0010500000000000002,0.0011200000000000001,0.00117,0.00122,0.00127,0.00133,0.00138,0.00149,0.00136,0.0014,0.0016,0.00173,0.00184,0.0020299999999999997,0.00232,0.00246,0.00266,0.00268,0.00304,0.00344,0.00381,0.00382,0.00418,0.00415,0.00434,0.00444,0.00456,0.00497
1.A,ROU,CH4,HISTTP,PRIMAP-hist_v2.3.1,MtCH4,CH4 emissions from fuel combustion,0.0254,0.0216,0.0182,0.0178,0.0176,0.0192,0.0351,0.0441,0.039,0.0365,0.0357,0.0282,0.028800000000000003,0.034100000000000005,0.04,0.0412,0.039,0.040100000000000004,0.0492,0.0479,0.0493,0.0441,0.0458,0.0436,0.044,0.0428,0.043000000000000003,0.0436,0.0436,0.0439
1.A,RUS,CH4,HISTTP,PRIMAP-hist_v2.3.1,MtCH4,CH4 emissions from fuel combustion,0.758,0.659,0.589,0.636,0.501,0.47200000000000003,0.41300000000000003,0.393,0.362,0.431,0.454,0.48,0.335,0.323,0.312,0.202,0.221,0.196,0.21,0.162,0.148,0.151,0.157,0.13,0.147,0.176,0.17200000000000001,0.157,0.162,0.171
1.A,RWA,CH4,HISTTP,PRIMAP-hist_v2.3.1,MtCH4,CH4 emissions from fuel combustion,0.022,0.0212,0.020300000000000002,0.0192,0.0222,0.0183,0.0194,0.024100000000000003,0.024300000000000002,0.0261,0.0182,0.0182,0.0182,0.0183,0.0183,0.0183,0.0183,0.0184,0.0185,0.018600000000000002,0.0187,0.0187,0.019100000000000002,0.019,0.0187,0.0187,0.0189,0.0193,0.0193,0.0193
1.A,SAU,CH4,HISTTP,PRIMAP-hist_v2.3.1,MtCH4,CH4 emissions from fuel combustion,0.013900000000000001,0.014400000000000001,0.0157,0.017,0.018000000000000002,0.0172,0.0176,0.0171,0.0173,0.0172,0.0169,0.016300000000000002,0.017,0.0176,0.0185,0.0195,0.019600000000000003,0.0198,0.0205,0.0206,0.0213,0.0221,0.023600000000000003,0.0247,0.0264,0.0286,0.0287,0.029500000000000002,0.027899999999999998,0.030100000000000002
1.A,SDN,CH4,HISTTP,PRIMAP-hist_v2.3.1,MtCH4,CH4 emissions from fuel combustion,0.0238,0.024300000000000002,0.025,0.025500000000000002,0.029,0.0294,0.0319,0.0329,0.0338,0.0351,0.0354,0.0353,0.036000000000000004,0.0391,0.042100000000000005,0.0451,0.0507,0.0466,0.045899999999999996,0.0471,0.048100000000000004,0.04820000000000001,0.0498,0.05,0.0505,0.0509,0.051500000000000004,0.0519,0.0521,0.0531
1.A,SEN,CH4,HISTTP,PRIMAP-hist_v2.3.1,MtCH4,CH4 emissions from fuel combustion,0.00475,0.00477,0.0048200000000000005,0.00484,0.00487,0.005030000000000001,0.00517,0.00532,0.00549,0.0056500000000000005,0.0057599999999999995,0.00592,0.00601,0.0059900000000000005,0.005980000000000001,0.005940000000000001,0.0060999999999999995,0.00626,0.0064800000000000005,0.011300000000000001,0.011,0.011300000000000001,0.0116,0.009210000000000001,0.0115,0.0115,0.0115,0.011800000000000001,0.0119,0.0134
1.A,SGP,CH4,HISTTP,PRIMAP-hist_v2.3.1,MtCH4,CH4 emissions from fuel combustion,0.00138,0.00158,0.00158,0.00168,0.00173,0.00176,0.00173,0.00166,0.0015600000000000002,0.0015500000000000002,0.00165,0.00189,0.0019,0.00193,0.00198,0.00193,0.00195,0.00193,0.00199,0.0020800000000000003,0.0023,0.0023799999999999997,0.00236,0.0025099999999999996,0.00256,0.0025800000000000003,0.00264,0.00263,0.00264,0.0028
1.A,SLB,CH4,HISTTP,PRIMAP-hist_v2.3.1,MtCH4,CH4 emissions from fuel combustion,0.0002,0.000201,0.000202,0.00020300000000000003,0.000207,0.000328,0.000377,0.00037600000000000003,0.000374,0.000374,0.000368,0.000368,0.000369,0.000369,0.000367,0.000366,0.000366,0.000331,0.00033400000000000004,0.000337,0.00034100000000000005,0.000315,0.000313,0.000314,0.000316,0.000319,0.000317,0.00033,0.000331,0.000308
1.A,SLE,CH4,HISTTP,PRIMAP-hist_v2.3.1,MtCH4,CH4 emissions from fuel combustion,0.0162,0.015300000000000001,0.0145,0.0135,0.0154,0.016399999999999998,0.016100000000000003,0.016800000000000002,0.0172,0.0182,0.0195,0.0195,0.019600000000000003,0.0197,0.0198,0.019899999999999998,0.02,0.0202,0.020399999999999998,0.0207,0.0209,0.0211,0.0217,0.0217,0.021500000000000002,0.0217,0.0221,0.0227,0.0227,0.0229
1.A,SLV,CH4,HISTTP,PRIMAP-hist_v2.3.1,MtCH4,CH4 emissions from fuel combustion,0.0116,0.0119,0.0128,0.0129,0.0131,0.0132,0.013300000000000001,0.0134,0.0136,0.0137,0.00412,0.00439,0.00466,0.005030000000000001,0.00539,0.00579,0.006240000000000001,0.0046500000000000005,0.005070000000000001,0.00561,0.00568,0.00492,0.005030000000000001,0.00451,0.0035600000000000002,0.00326,0.00327,0.0035299999999999997,0.00357,0.0031200000000000004
1.A,SMR,CH4,HISTTP,PRIMAP-hist_v2.3.1,MtCH4,CH4 emissions from fuel combustion,2.1700000000000002e-05,2.3e-05,2.48e-05,2.52e-05,2.64e-05,2.72e-05,2.7300000000000003e-05,2.8100000000000002e-05,2.8400000000000003e-05,2.87e-05,2.8400000000000003e-05,2.85e-05,3.26e-05,4.12e-05,3.31e-05,4.2999999999999995e-05,4.7300000000000005e-05,5.8700000000000004e-05,6.67e-05,6.419999999999999e-05,6.37e-05,4.7300000000000005e-05,6.1e-05,6.16e-05,5.53e-05,6.09e-05,5.97e-05,6.4e-05,6.41e-05,6.73e-05
1.A,SOM,CH4,HISTTP,PRIMAP-hist_v2.3.1,MtCH4,CH4 emissions from fuel combustion,0.0218,0.021500000000000002,0.0221,0.0214,0.0254,0.0268,0.0274,0.027899999999999998,0.028800000000000003,0.031,0.0337,0.0353,0.0364,0.038700000000000005,0.0399,0.041100000000000005,0.0431,0.0434,0.0466,0.0489,0.0506,0.0522,0.0533,0.0529,0.0523,0.0541,0.056100000000000004,0.0585,0.0585,0.060700000000000004
1.A,SRB,CH4,HISTTP,PRIMAP-hist_v2.3.1,MtCH4,CH4 emissions from fuel combustion,0.0229,0.0183,0.018000000000000002,0.018000000000000002,0.0167,0.0157,0.0158,0.0165,0.018000000000000002,0.0165,0.0264,0.0263,0.027600000000000003,0.028399999999999998,0.0291,0.028800000000000003,0.026000000000000002,0.028100000000000003,0.030600000000000002,0.031100000000000003,0.0303,0.0305,0.0303,0.0285,0.0285,0.0287,0.0339,0.0337,0.0334,0.03270000000000001
1.A,SSD,CH4,HISTTP,PRIMAP-hist_v2.3.1,MtCH4,CH4 emissions from fuel combustion,0.0064800000000000005,0.00631,0.0060999999999999995,0.005860000000000001,0.00635,0.006240000000000001,0.00671,0.007,0.00735,0.00781,0.008050000000000002,0.008130000000000002,0.00839,0.0092,0.0101,0.011,0.0127,0.012,0.0121,0.0127,0.0132,0.0134,0.013900000000000001,0.014,0.014,0.014,0.014,0.013900000000000001,0.0137,0.0149
1.A,STP,CH4,HISTTP,PRIMAP-hist_v2.3.1,MtCH4,CH4 emissions from fuel combustion,0.00028100000000000005,0.00027800000000000004,0.00027200000000000005,0.000261,0.00030900000000000003,0.000322,0.00032,0.000319,0.000321,0.000337,0.000356,0.000361,0.000366,0.000373,0.00038,0.00038500000000000003,0.00039000000000000005,0.00039600000000000003,0.00040100000000000004,0.00040899999999999997,0.000415,0.00042,0.00040100000000000004,0.00040699999999999997,0.000408,0.000436,0.000444,0.00045400000000000003,0.000455,0.00045200000000000004
1.A,SUR,CH4,HISTTP,PRIMAP-hist_v2.3.1,MtCH4,CH4 emissions from fuel combustion,0.000186,0.000171,0.000163,0.000152,0.000151,0.000153,0.000147,0.000149,0.000135,0.00014099999999999998,0.000606,0.000609,0.000382,0.00037,0.000379,0.00038,0.000381,0.00038,0.000393,0.00040300000000000004,0.000426,0.000426,0.00046100000000000004,0.000479,0.000467,0.000471,0.000421,0.000427,0.000424,0.00046600000000000005
1.A,SVK,CH4,HISTTP,PRIMAP-hist_v2.3.1,MtCH4,CH4 emissions from fuel combustion,0.010199999999999999,0.00739,0.00597,0.00529,0.00466,0.00417,0.00428,0.00429,0.0038,0.0036200000000000004,0.00326,0.0035800000000000003,0.00412,0.0034900000000000005,0.00384,0.00326,0.0030299999999999997,0.00322,0.0036200000000000004,0.0035099999999999997,0.00375,0.00361,0.0034900000000000005,0.00327,0.0029700000000000004,0.00307,0.00334,0.0035499999999999998,0.0035499999999999998,0.00348
1.A,SVN,CH4,HISTTP,PRIMAP-hist_v2.3.1,MtCH4,CH4 emissions from fuel combustion,0.00505,0.0054,0.005019999999999999,0.00477,0.00461,0.00443,0.00441,0.00423,0.00396,0.0038900000000000002,0.00578,0.0057599999999999995,0.00532,0.00525,0.00513,0.0050999999999999995,0.005030000000000001,0.004940000000000001,0.00504,0.00717,0.00723,0.007240000000000001,0.0069900000000000006,0.00718,0.00585,0.00647,0.006730000000000001,0.0064,0.0064,0.00622
1.A,SWE,CH4,HISTTP,PRIMAP-hist_v2.3.1,MtCH4,CH4 emissions from fuel combustion,0.027100000000000003,0.027100000000000003,0.0273,0.0275,0.0272,0.028399999999999998,0.0292,0.0286,0.027899999999999998,0.0253,0.0267,0.0249,0.0245,0.0251,0.0253,0.026600000000000002,0.026000000000000002,0.0263,0.0265,0.0268,0.0282,0.0319,0.034100000000000005,0.0297,0.0293,0.0297,0.0304,0.0308,0.0308,0.03270000000000001
1.A,SWZ,CH4,HISTTP,PRIMAP-hist_v2.3.1,MtCH4,CH4 emissions from fuel combustion,0.00222,0.00219,0.0021000000000000003,0.0020099999999999996,0.00246,0.00252,0.0025,0.00263,0.00266,0.00279,0.0029700000000000004,0.0029900000000000005,0.0030499999999999998,0.0030800000000000003,0.0031200000000000004,0.00314,0.00319,0.0032500000000000003,0.00331,0.00336,0.00242,0.00202,0.00198,0.00191,0.00188,0.0019,0.00116,0.000953,0.000967,0.000834
1.A,SYC,CH4,HISTTP,PRIMAP-hist_v2.3.1,MtCH4,CH4 emissions from fuel combustion,5.93e-05,7.22e-05,6.33e-05,6.24e-05,6.47e-05,6.79e-05,6.66e-05,6.950000000000001e-05,6.81e-05,7.01e-05,0.000104,0.000109,9.19e-05,9.27e-05,0.000118,0.000102,0.0001,7.55e-05,7.78e-05,7.73e-05,6.500000000000001e-05,6.29e-05,7.180000000000001e-05,6.58e-05,7.290000000000001e-05,7.580000000000001e-05,8.219999999999999e-05,8.13e-05,8.48e-05,6.72e-05
1.A,SYR,CH4,HISTTP,PRIMAP-hist_v2.3.1,MtCH4,CH4 emissions from fuel combustion,0.0032300000000000002,0.0035299999999999997,0.0030099999999999997,0.0029500000000000004,0.00284,0.00282,0.00286,0.0027400000000000002,0.00281,0.00234,0.00231,0.0024500000000000004,0.00239,0.00242,0.00236,0.00281,0.00284,0.0028799999999999997,0.00279,0.00256,0.00254,0.00246,0.0020299999999999997,0.0013700000000000001,0.00125,0.00118,0.00111,0.00109,0.0010500000000000002,0.0008110000000000001
1.A,TCD,CH4,HISTTP,PRIMAP-hist_v2.3.1,MtCH4,CH4 emissions from fuel combustion,0.016,0.0155,0.015300000000000001,0.0151,0.0178,0.0185,0.018600000000000002,0.0185,0.0189,0.02,0.0214,0.0219,0.0223,0.0228,0.0233,0.0238,0.0242,0.024800000000000003,0.0252,0.0259,0.0264,0.0268,0.027899999999999998,0.028100000000000003,0.028100000000000003,0.0287,0.0294,0.0303,0.0303,0.031
1.A,TGO,CH4,HISTTP,PRIMAP-hist_v2.3.1,MtCH4,CH4 emissions from fuel combustion,0.00634,0.00649,0.0066,0.00664,0.00674,0.00685,0.0069900000000000006,0.00692,0.00697,0.00808,0.00821,0.00839,0.00864,0.00888,0.00909,0.00937,0.00949,0.00975,0.0101,0.011,0.011300000000000001,0.0115,0.011800000000000001,0.012199999999999999,0.0126,0.013000000000000001,0.013300000000000001,0.0137,0.013800000000000002,0.014400000000000001
1.A,THA,CH4,HISTTP,PRIMAP-hist_v2.3.1,MtCH4,CH4 emissions from fuel combustion,0.046,0.0471,0.048,0.0464,0.0464,0.047799999999999995,0.04870000000000001,0.05,0.0489,0.0525,0.0526,0.0531,0.055600000000000004,0.058100000000000006,0.0624,0.0591,0.058100000000000006,0.0626,0.0664,0.0684,0.0761,0.0771,0.0805,0.0849,0.09129999999999999,0.0883,0.079,0.078,0.078,0.0895
1.A,TJK,CH4,HISTTP,PRIMAP-hist_v2.3.1,MtCH4,CH4 emissions from fuel combustion,0.0091,0.00645,0.00421,0.00214,0.000732,0.000506,0.000347,0.000489,0.000453,0.00035099999999999997,0.000342,0.00034899999999999997,0.000439,0.000483,0.0007740000000000001,0.0008110000000000001,0.000871,0.0014,0.00149,0.00143,0.00146,0.00159,0.00292,0.00319,0.00466,0.00525,0.00541,0.0038900000000000002,0.00432,0.005370000000000001
1.A,TKM,CH4,HISTTP,PRIMAP-hist_v2.3.1,MtCH4,CH4 emissions from fuel combustion,0.007370000000000001,0.0067,0.00605,0.00279,0.00259,0.00256,0.00294,0.0025099999999999996,0.0027300000000000002,0.0030600000000000002,0.00292,0.0029700000000000004,0.00326,0.00369,0.00383,0.00383,0.00384,0.00429,0.00425,0.00392,0.0044,0.0046500000000000005,0.0047599999999999995,0.00483,0.005030000000000001,0.005110000000000001,0.0050999999999999995,0.005110000000000001,0.00512,0.00542
1.A,TLS,CH4,HISTTP,PRIMAP-hist_v2.3.1,MtCH4,CH4 emissions from fuel combustion,0.000311,0.000312,0.000314,0.000316,0.000308,0.000471,0.000522,0.000509,0.000499,0.000492,0.00047799999999999996,0.00046100000000000004,0.000446,0.00043,0.000414,0.0004,0.000428,0.000429,0.000431,0.000423,0.00040500000000000003,0.000374,0.00035999999999999997,0.00037600000000000003,0.00033800000000000003,0.00033,0.000297,0.000305,0.000301,0.00029299999999999997
1.A,TON,CH4,HISTTP,PRIMAP-hist_v2.3.1,MtCH4,CH4 emissions from fuel combustion,1.32e-05,1.33e-05,1.2800000000000001e-05,1.24e-05,1.88e-05,1.78e-05,1.83e-05,1.8900000000000002e-05,1.7500000000000002e-05,1.67e-05,1.55e-05,1.49e-05,1.5100000000000001e-05,1.59e-05,1.5100000000000001e-05,1.52e-05,1.57e-05,1.47e-05,1.55e-05,1.6100000000000002e-05,1.15e-05,1.21e-05,1.12e-05,1.07e-05,1.0800000000000002e-05,1.1400000000000001e-05,1.12e-05,1.07e-05,1.09e-05,9.49e-06
1.A,TTO,CH4,HISTTP,PRIMAP-hist_v2.3.1,MtCH4,CH4 emissions from fuel combustion,0.000993,0.000984,0.000973,0.0009310000000000001,0.000898,0.000866,0.000851,0.000883,0.0008810000000000001,0.00084,0.0008139999999999999,0.000833,0.0009230000000000001,0.0010400000000000001,0.0010500000000000002,0.00111,0.00124,0.00127,0.00126,0.00124,0.0013000000000000002,0.00133,0.0013100000000000002,0.0013100000000000002,0.00136,0.00132,0.00117,0.00117,0.0011200000000000001,0.00127
1.A,TUN,CH4,HISTTP,PRIMAP-hist_v2.3.1,MtCH4,CH4 emissions from fuel combustion,0.00644,0.00655,0.00674,0.00691,0.0072699999999999996,0.00759,0.0079,0.008220000000000002,0.008539999999999999,0.00887,0.00967,0.01,0.0103,0.0106,0.0109,0.011300000000000001,0.0116,0.011800000000000001,0.0121,0.0135,0.011,0.011,0.011,0.011,0.011,0.0109,0.0109,0.0108,0.0109,0.0108
1.A,TUR,CH4,HISTTP,PRIMAP-hist_v2.3.1,MtCH4,CH4 emissions from fuel combustion,0.159,0.159,0.161,0.16,0.139,0.15,0.145,0.156,0.137,0.128,0.129,0.11900000000000001,0.11900000000000001,0.123,0.125,0.125,0.121,0.123,0.133,0.145,0.147,0.127,0.132,0.114,0.11,0.111,0.109,0.109,0.09640000000000001,0.10400000000000001
1.A,TZA,CH4,HISTTP,PRIMAP-hist_v2.3.1,MtCH4,CH4 emissions from fuel combustion,0.0895,0.09129999999999999,0.0932,0.0953,0.097,0.0991,0.101,0.10300000000000001,0.108,0.114,0.11900000000000001,0.122,0.123,0.125,0.127,0.128,0.13,0.132,0.134,0.136,0.138,0.14100000000000001,0.14400000000000002,0.146,0.148,0.152,0.154,0.156,0.156,0.159
1.A,UGA,CH4,HISTTP,PRIMAP-hist_v2.3.1,MtCH4,CH4 emissions from fuel combustion,0.101,0.09870000000000001,0.09720000000000001,0.09390000000000001,0.111,0.114,0.113,0.111,0.112,0.117,0.125,0.126,0.128,0.131,0.133,0.135,0.137,0.14,0.14200000000000002,0.146,0.148,0.155,0.158,0.157,0.156,0.158,0.162,0.166,0.167,0.171
1.A,UKR,CH4,HISTTP,PRIMAP-hist_v2.3.1,MtCH4,CH4 emissions from fuel combustion,0.14,0.09620000000000001,0.09759999999999999,0.11,0.0902,0.0907,0.0707,0.0648,0.0623,0.0599,0.0569,0.053899999999999997,0.05670000000000001,0.0451,0.0428,0.035,0.0389,0.0429,0.041299999999999996,0.0343,0.0325,0.0369,0.037,0.0366,0.0299,0.028800000000000003,0.0356,0.0363,0.0368,0.037899999999999996
1.A,URY,CH4,HISTTP,PRIMAP-hist_v2.3.1,MtCH4,CH4 emissions from fuel combustion,0.00453,0.00458,0.00463,0.00464,0.00462,0.00461,0.00461,0.00463,0.00461,0.00463,0.0044800000000000005,0.00443,0.004370000000000001,0.00436,0.00441,0.0044,0.00447,0.00456,0.0052699999999999995,0.0058200000000000005,0.00621,0.0062900000000000005,0.00641,0.00649,0.0068200000000000005,0.00723,0.00736,0.0074600000000000005,0.00751,0.00809
1.A,USA,CH4,HISTTP,PRIMAP-hist_v2.3.1,MtCH4,CH4 emissions from fuel combustion,0.713,0.726,0.77,0.897,0.844,0.796,0.744,0.657,0.624,0.578,0.583,0.527,0.489,0.533,0.54,0.5630000000000001,0.521,0.531,0.527,0.502,0.562,0.547,0.507,0.5640000000000001,0.581,0.531,0.496,0.47800000000000004,0.499,0.482
1.A,UZB,CH4,HISTTP,PRIMAP-hist_v2.3.1,MtCH4,CH4 emissions from fuel combustion,0.025,0.0286,0.0193,0.0166,0.016399999999999998,0.00973,0.00933,0.00846,0.00934,0.00945,0.009890000000000001,0.0099,0.0101,0.00931,0.0092,0.00906,0.00924,0.00929,0.00983,0.00926,0.00892,0.009519999999999999,0.00966,0.00899,0.00914,0.00757,0.007200000000000001,0.0072699999999999996,0.008,0.00772
1.A,VCT,CH4,HISTTP,PRIMAP-hist_v2.3.1,MtCH4,CH4 emissions from fuel combustion,1.1e-05,9.23e-06,1.1e-05,8.63e-06,1.41e-05,1.52e-05,1.38e-05,1.54e-05,1.55e-05,1.6100000000000002e-05,1.34e-05,1.48e-05,1.43e-05,1.54e-05,1.56e-05,1.5100000000000001e-05,1.46e-05,1.4500000000000002e-05,1.38e-05,2.09e-05,1.3700000000000001e-05,1.47e-05,1.8200000000000002e-05,1.65e-05,1.6899999999999997e-05,1.63e-05,1.56e-05,1.12e-05,1.09e-05,1.41e-05
1.A,VEN,CH4,HISTTP,PRIMAP-hist_v2.3.1,MtCH4,CH4 emissions from fuel combustion,0.0132,0.0136,0.014,0.0147,0.015,0.0155,0.016100000000000003,0.0156,0.0158,0.0159,0.0165,0.0166,0.0158,0.0158,0.0159,0.017,0.0162,0.0172,0.018000000000000002,0.0198,0.020399999999999998,0.0182,0.0207,0.0182,0.019,0.0183,0.016300000000000002,0.0147,0.0137,0.0169
1.A,VNM,CH4,HISTTP,PRIMAP-hist_v2.3.1,MtCH4,CH4 emissions from fuel combustion,0.11900000000000001,0.123,0.126,0.133,0.125,0.125,0.125,0.13,0.134,0.137,0.14,0.14200000000000002,0.145,0.154,0.154,0.157,0.156,0.158,0.161,0.164,0.168,0.168,0.169,0.17200000000000001,0.17300000000000001,0.0978,0.09290000000000001,0.1,0.109,0.114
1.A,VUT,CH4,HISTTP,PRIMAP-hist_v2.3.1,MtCH4,CH4 emissions from fuel combustion,4.4200000000000004e-05,4.22e-05,3.73e-05,3.73e-05,3.87e-05,5.94e-05,6.759999999999999e-05,6.74e-05,6.67e-05,0.000241,0.000241,0.000241,0.000242,0.000242,0.00024,0.00024,0.00023899999999999998,0.000241,0.000241,0.000241,0.000242,0.000223,0.000218,0.000216,0.00021700000000000002,0.000218,0.000216,0.000221,0.000221,0.000212
1.A,WSM,CH4,HISTTP,PRIMAP-hist_v2.3.1,MtCH4,CH4 emissions from fuel combustion,0.000106,0.000106,0.000105,0.000107,0.000111,0.000171,0.00019500000000000002,0.00019500000000000002,0.000193,0.000193,0.00019,0.000191,0.000191,0.000191,0.00019,0.000189,0.000189,0.000189,0.00019,0.00019,0.00019,0.000177,0.000174,0.00017199999999999998,0.00017199999999999998,0.000178,0.000174,0.00017999999999999998,0.000181,0.000173
1.A,YEM,CH4,HISTTP,PRIMAP-hist_v2.3.1,MtCH4,CH4 emissions from fuel combustion,0.00192,0.00209,0.00223,0.002,0.00209,0.0024700000000000004,0.0024100000000000002,0.00237,0.00242,0.00254,0.00239,0.00239,0.00227,0.0023,0.00244,0.00231,0.00221,0.0022500000000000003,0.00227,0.00219,0.00206,0.00188,0.00182,0.00228,0.00216,0.00138,0.00125,0.0012,0.00113,0.00122
1.A,ZAF,CH4,HISTTP,PRIMAP-hist_v2.3.1,MtCH4,CH4 emissions from fuel combustion,0.10400000000000001,0.106,0.107,0.116,0.117,0.117,0.115,0.117,0.115,0.11,0.09809999999999999,0.0983,0.09759999999999999,0.0943,0.09609999999999999,0.09759999999999999,0.10200000000000001,0.115,0.12,0.11800000000000001,0.0825,0.0854,0.108,0.112,0.114,0.10400000000000001,0.0988,0.129,0.129,0.117
1.A,ZMB,CH4,HISTTP,PRIMAP-hist_v2.3.1,MtCH4,CH4 emissions from fuel combustion,0.028100000000000003,0.0286,0.0294,0.03,0.0308,0.032,0.0324,0.033,0.0337,0.0347,0.0357,0.0367,0.037700000000000004,0.0388,0.0399,0.041,0.042100000000000005,0.0432,0.0446,0.045899999999999996,0.0474,0.049,0.0506,0.0523,0.053899999999999997,0.055700000000000006,0.0574,0.0592,0.0592,0.0613
1.A,ZWE,CH4,HISTTP,PRIMAP-hist_v2.3.1,MtCH4,CH4 emissions from fuel combustion,0.062200000000000005,0.0635,0.06459999999999999,0.06559999999999999,0.0665,0.0676,0.0696,0.0699,0.0713,0.0731,0.0745,0.0738,0.0742,0.07529999999999999,0.0748,0.0762,0.07970000000000001,0.08170000000000001,0.0824,0.0852,0.08470000000000001,0.0846,0.0864,0.0878,0.08990000000000001,0.0923,0.0955,0.0978,0.098,0.0991
